ts,acc_x,acc_y,acc_z,gyro_x,gyro_y,gyro_z,gt_pos_x,gt_pos_y,gt_pos_z,gt_rot_w,gt_rot_x,gt_rot_y,gt_rot_z,FL_x,FL_y,FL_z,FL_contact,FR_x,FR_y,FR_z,FR_contact,BL_x,BL_y,BL_z,BL_contact,BR_x,BR_y,BR_z,BR_contact
0.0,0.0008333778450416622,1.5352284026884122,9.834441083523995,0.0009708295666846248,-0.0008541573920793485,1.2575353748405402,1.0,0.0,0.3,0.7071067811865476,0.0,0.0,0.7071067811865475,0.2,0.2,-0.3,1,0.0,-0.2,-0.3,0,-0.4,0.2,-0.3,0,-0.2,-0.2,-0.3,1
0.01,-0.07725473415470249,1.7853540651971065,9.883389574929865,-0.0005092517259612034,-0.0003381321176301693,1.2524120211551435,0.9999210442038161,0.012566039883352607,0.30251300954433374,0.7026499697988492,0.0,0.0,0.7115356772092853,0.1899313769340812,0.19754995666027653,-0.30251300954433374,1,0.016000000000000014,-0.2,-0.28746667664356956,0,-0.384,0.2,-0.28746667664356956,0,-0.21506345670078644,-0.19739204506790878,-0.30251300954433374,1
0.02,-0.02892950856966877,1.6805977607598175,9.635594462701805,0.0003992016829750529,-0.0010877528536686197,1.2566217551945233,0.9996841892832999,0.02513009544333748,0.30502443181797695,0.6981654189934727,0.0,0.0,0.7159364830218311,0.17983276150199004,0.19522662948469244,-0.30502443181797695,1,0.032,-0.2,-0.2751310112835145,0,-0.368,0.2,-0.2751310112835145,0,-0.230092952388665,-0.1945950080512925,-0.30502443181797695,1
0.03,-0.007723997604344449,1.833208645000419,9.748042707826595,0.0002694740125202862,0.0005638427021632892,1.2538021852651695,0.9992894726405892,0.03769018266993454,0.30753268055279326,0.6936533058128049,0.0,0.0,0.7203090248879069,0.16970574839217029,0.19303038535354156,-0.30753268055279326,1,0.04799999999999999,-0.2,-0.2631875447315322,0,-0.35200000000000004,0.2,-0.2631875447315322,0,-0.24508611373203937,-0.19160933063472016,-0.30753268055279326,1
0.04,-0.05366332702179983,1.6049801272786568,9.636376478474546,0.002576813009066201,-0.0010825120630753929,1.252008672594789,0.9987369566060175,0.050244318179769556,0.31003617148512147,0.6891138083873485,0.0,0.0,0.7246531301870466,0.1595519367773879,0.19096157107923203,-0.31003617148512147,1,0.064,-0.2,-0.25182463258982846,0,-0.336,0.2,-0.25182463258982846,0,-0.26004057313692697,-0.18843548429126708,-0.31003617148512147,1
0.05,-0.06335639056647102,1.5995718428635366,9.739818720028653,0.0003862063603019748,0.0006628636912001929,1.2506408441254624,0.9980267284282716,0.06279051952931337,0.3125333233564304,0.6845471059286886,0.0,0.0,0.7289686274214116,0.14937293006220373,0.18902051335152,-0.3125333233564304,1,0.08000000000000002,-0.2,-0.24122147477075268,0,-0.32,0.2,-0.24122147477075268,0,-0.2749539691208304,-0.18507397020806313,-0.3125333233564304,1
0.06,-0.13014593222832596,1.6530599724421648,9.744414037006873,-0.0004626483955455544,0.001384112387804354,1.2569258295971166,0.9971589002606139,0.07532680552793272,0.3150225589120757,0.6799533787224192,0.0,0.0,0.73325534622256,0.13917033562977665,0.18720751868592225,-0.3150225589120757,1,0.096,-0.2,-0.23154528940713112,0,-0.30400000000000005,0.2,-0.23154528940713112,0,-0.28982394668564204,-0.18152531920715015,-0.3150225589120757,1
0.07,-0.137609875449999,1.518328571855071,9.587211132108136,0.0007587736079895369,0.0011271767287833858,1.2622959556042141,0.9961336091431725,0.08785119655074318,0.3175023058975276,0.6753328081210245,0.0,0.0,0.7375131173581739,0.12894576458804005,0.1855228733753134,-0.31750230589752765,1,0.11200000000000002,-0.2,-0.22294867572242105,0,-0.28800000000000003,0.2,-0.22294867572242105,0,-0.3046481576895264,-0.17779009166165827,-0.31750230589752765,1
0.08,-0.06288441093869528,1.7339090907876478,9.665354462615904,-0.0010869504422933946,0.0005267453727916991,1.2567121106421866,0.9949510169813002,0.1003617148512149,0.3199709980514407,0.6706855765367201,0.0,0.0,0.7417417727387392,0.11870083151528817,0.18396684344471692,-0.3199709980514407,1,0.128,-0.2,-0.21556720744979846,0,-0.272,0.2,-0.21556720744979846,0,-0.319424261217718,-0.1738688774073172,-0.3199709980514407,1
0.09,0.019744046425827937,1.6004517036161974,9.766105417192218,-8.456795173758041e-05,6.321540521367553e-05,1.2495387456129703,0.9936113105200084,0.11285638487348168,0.3224270760949381,0.6660118674342517,0.0,0.0,0.7459411454241821,0.10843715420521638,0.18253967460929688,-0.3224270760949381,1,0.144,-0.2,-0.20951729475339803,0,-0.256,0.2,-0.20951729475339803,0,-0.3341499239521798,-0.16976229564931372,-0.3224270760949381,1
0.1,-0.04255460053787986,1.684500148821032,9.645254857483081,0.0017599531563847908,-0.0004570412736387096,1.2534554709618306,0.9921147013144779,0.12533323356430426,0.32486898871648545,0.6613118653236518,0.0,0.0,0.7501110696304596,0.09815635341145226,0.1812415922355569,-0.32486898871648545,1,0.16000000000000003,-0.2,-0.20489434837048465,0,-0.24,0.2,-0.20489434837048465,0,-0.3488228205400608,-0.1654709948645124,-0.32486898871648545,1
0.11,0.03236407550241685,1.6581801561764584,9.731743811129604,0.0008096179201710428,0.0006264269479761862,1.2556425666068425,0.9904614256966512,0.13779029068463808,0.32729519355173253,0.6565857557529564,0.0,0.0,0.7542513807361038,0.08786005259161982,0.1800728013057513,-0.32729519355173253,1,0.17600000000000002,-0.2,-0.20177127492713112,0,-0.224,0.2,-0.20177127492713112,0,-0.363440633960896,-0.1609956526990538,-0.32729519355173253,1
0.12,0.03549559622310758,1.4611207009107345,9.800815080087212,0.001504191784645987,0.00016389956138424317,1.259121537511583,0.9886517447379141,0.15022558912075706,0.3297041581577035,0.6518337253008787,0.0,0.0,0.7583619152887219,0.07754987765097723,0.17903348638551736,-0.3297041581577035,1,0.192,-0.2,-0.2001973271571728,0,-0.20800000000000002,0.2,-0.2001973271571728,0,-0.37800105589249133,-0.15633697586134523,-0.3297041581577035,1
0.13,-0.17629123726367837,1.5353059937908888,9.600982951074599,-0.0006608766730295151,-0.0001640985964335179,1.2585198650229672,0.986685944207868,0.16263716519488358,0.3320943609807209,0.6470559615694443,0.0,0.0,0.7624425110114479,0.06722745668566682,0.17812381159472876,-0.3320943609807209,1,0.20800000000000002,-0.2,-0.2001973271571728,0,-0.192,0.2,-0.2001973271571728,0,-0.39250178707543404,-0.15149570001046495,-0.3320943609807209,1
0.14,-0.10593269247718676,1.6381383436855774,9.640364093712947,0.002629306803482691,-0.0007101023042642426,1.257934649373267,0.9845643345292053,0.17502305897527606,0.3344642923174517,0.6422526531765843,0.0,0.0,0.7664930068093498,0.056894419725620295,0.17734392058158036,-0.3344642923174517,1,0.22400000000000003,-0.2,-0.20177127492713112,0,-0.176,0.2,-0.20177127492713112,0,-0.4069405376761724,-0.14647258963999116,-0.3344642923174517,1
0.15,-0.10974257076669557,1.6676566360098584,9.558251611005039,0.0008164337862543784,0.0003979262572434475,1.2565222046262476,0.9822872507286887,0.1873813145857246,0.33681245526846776,0.6374239897486897,0.0,0.0,0.7705132427757893,0.046552398477158106,0.17669393649990411,-0.33681245526846776,1,0.24,-0.2,-0.20489434837048462,0,-0.16000000000000003,0.2,-0.20489434837048462,0,-0.4213150276486073,-0.14126843795728145,-0.33681245526846776,1
0.16,0.0872141792114394,1.4164702803615996,9.48197694751769,0.00018638823564505564,6.4466950082858e-05,1.252329186211006,0.9798550523842469,0.19970998051440703,0.33913736668372024,0.6325701619131244,0.0,0.0,0.7745030601987338,0.03620302606532383,0.17617396198972105,-0.33913736668372024,1,0.256,-0.2,-0.20951729475339803,0,-0.14400000000000002,0.2,-0.20951729475339803,0,-0.4356229870941379,-0.13588406675821474,-0.33913736668372024,1
0.17,0.09825339390444149,1.6378471953967153,9.370530198967602,0.0003110202283833595,-0.001327768712531697,1.257339028666835,0.9772681235681935,0.21200710992205463,0.3414375580993284,0.6276913612907005,0.0,0.0,0.7784623015670235,0.025847936775995048,0.17578407916103425,-0.3414375580993284,1,0.272,-0.2,-0.2155672074497985,0,-0.128,0.2,-0.2155672074497985,0,-0.44986215662010426,-0.13032032629742119,-0.3414375580993284,1
0.18,0.2275744136937351,1.642397781141062,9.36878990869087,0.0001299847144147488,0.0022398388866349006,1.2561806451831632,0.9745268727865771,0.22427076094938117,0.3437115766650933,0.6227877804881125,0.0,0.0,0.7823908105765881,0.015488765797810555,0.175524349580862,-0.34371157666509333,1,0.288,-0.2,-0.22294867572242105,0,-0.11200000000000004,0.2,-0.22294867572242105,0,-0.46403028769657295,-0.12457809515401633,-0.34371157666509333,1
0.19,0.031905097736164185,1.62042222084313,9.393285656890187,0.0008960119526573652,0.0003671835132783982,1.2600707209123443,0.971631732914674,0.23649899702372468,0.3459579860621488,0.6178596130903343,0.0,0.0,0.7862884321366189,0.005127148963955129,0.1753948142635159,-0.3459579860621488,1,0.30400000000000005,-0.2,-0.2315452894071311,0,-0.09599999999999997,0.2,-0.2315452894071311,0,-0.4781251430114045,-0.11865828009286365,-0.3459579860621488,1
0.2,-0.05598206032664722,1.727615242565138,9.69723175295128,0.000917605902025633,-0.0003907138072418874,1.2505028527870574,0.9685831611286311,0.2486898871648548,0.3481753674101715,0.6129070536529765,0.0,0.0,0.7901550123756904,-0.005235277506157564,0.17539549366412405,-0.3481753674101715,1,0.32000000000000006,-0.2,-0.24122147477075268,0,-0.07999999999999996,0.2,-0.24122147477075268,0,-0.4921444968235521,-0.11256181592138634,-0.3481753674101715,1
0.21,-0.020650067894480793,1.6211026562527093,9.5654029683295,-0.000617509452081093,0.0006207675193832615,1.257601704128335,0.9653816388332739,0.26084150628989694,0.35036232016357605,0.6079302976946054,0.0,0.0,0.7939903986478353,-0.015596877265262751,0.17552638767540146,-0.3503623201635761,1,0.336,-0.2,-0.25182463258982846,0,-0.064,0.2,-0.25182463258982846,0,-0.5060861353145312,-0.10628966534194931,-0.3503623201635761,1
0.22,0.04596572411039118,1.5824874433366791,9.427104992588367,0.0003431610252505491,0.0010420229916030495,1.2588958709963394,0.9620276715860859,0.2729519355173252,0.35251746299612957,0.6029295416890248,0.0,0.0,0.797794439538571,-0.025956014096642964,0.17578747562766622,-0.35251746299612957,1,0.35200000000000004,-0.2,-0.26318754473153216,0,-0.04799999999999999,0.2,-0.26318754473153216,0,-0.5199478569380075,-0.09984281879983803,-0.35251746299612957,1
0.23,0.07588518057173094,1.557559456954379,9.49532508812187,-0.0011058552586452805,0.001551802887237825,1.2543748322025343,0.9585217890173758,0.2850192624699761,0.3546394346734269,0.5979049830575189,0.0,0.0,0.8015669848708765,-0.0363110521725057,0.17617871629210397,-0.3546394346734269,1,0.36800000000000005,-0.2,-0.2751310112835145,0,-0.03199999999999997,0.2,-0.2751310112835145,0,-0.5337274727674466,-0.09322229432685594,-0.3546394346734269,1
0.24,0.025431717742836948,1.6545837786967004,9.372268244402285,0.0011936339394522648,0.000651857615967303,1.2625508435731072,0.954864544746643,0.2970415815770349,0.3567268949126756,0.5928568201610592,0.0,0.0,0.805307885711122,-0.046660356312299284,0.1767000478872786,-0.3567268949126756,1,0.384,-0.2,-0.2874666766435695,0,-0.016000000000000014,0.2,-0.2874666766435695,0,-0.5474228068417706,-0.08642913738056446,-0.3567268949126756,1
0.25,0.16404688469526643,1.5403852485716216,9.565484420390254,0.00017811149441563666,-0.0012668271886604138,1.259356722956279,0.9510565162951535,0.3090169943749474,0.3587785252292473,0.5877852522924731,0.0,0.0,0.8090169943749475,0.0,0.2,-0.3,0,0.0,-0.2,-0.3,0,-0.4,0.2,-0.3,0,-0.4,-0.2,-0.3,0
0.26,-0.0634776868900638,1.5488211959763905,9.340777126867835,-0.0008205591242320115,0.0005161955620188784,1.2582562717071442,0.9470983049947443,0.3209436098072095,0.36079302976946054,0.582690479668576,0.0,0.0,0.812694164433094,0.016000000000000014,0.2,-0.28746667664356956,0,0.016000000000000014,-0.2,-0.28746667664356956,0,-0.384,0.2,-0.28746667664356956,0,-0.384,-0.2,-0.28746667664356956,0
0.27,-0.047614580712314336,1.5956161305967007,9.547016776962733,0.0012955978409600953,-0.0015135400955379498,1.2545812657819815,0.9429905358928644,0.3328195445229867,0.36276913612907,0.5775727034222675,0.0,0.0,0.8163392507171839,0.032,0.2,-0.2751310112835145,0,0.032,-0.2,-0.2751310112835145,0,-0.368,0.2,-0.2751310112835145,0,-0.368,-0.2,-0.2751310112835145,0
0.28,-0.10861632106391839,1.7125050348127386,9.29696644257918,0.0009076218465408476,8.666653792602209e-05,1.256467389881695,0.9387338576538741,0.34464292317451706,0.3647055961569444,0.5724321255945909,0.0,0.0,0.8199521093254524,0.04799999999999999,0.2,-0.2631875447315322,0,0.04799999999999999,-0.2,-0.2631875447315322,0,-0.35200000000000004,0.2,-0.2631875447315322,0,-0.35200000000000004,-0.2,-0.2631875447315322,0
0.29,-0.07748306280754408,1.6552150808406358,9.44326469825686,-0.0006097467901967898,0.001151114697396168,1.26421626012264,0.934328942456612,0.3564118787132507,0.3666011867434251,0.5672689491267564,0.0,0.0,0.8235325976284275,0.064,0.2,-0.25182463258982846,0,0.064,-0.2,-0.25182463258982846,0,-0.336,0.2,-0.25182463258982846,0,-0.336,-0.2,-0.25182463258982846,0
0.3,0.020831519649251787,1.5248444778070227,9.51255096654094,-0.0006093457759172696,-0.002547405594530902,1.2528255672902684,0.9297764858882515,0.3681245526846779,0.36845471059286883,0.5620833778521306,0.0,0.0,0.8270805742745618,0.08000000000000002,0.2,-0.24122147477075268,0,0.2,-0.2,-0.3,1,-0.2,0.2,-0.3,1,-0.32,-0.2,-0.24122147477075268,0
0.31,-0.07993677920028162,1.5732885463264072,9.326973829883343,0.0007591029416234486,-0.0006075553228703637,1.2628034423743422,0.925077206834458,0.37977909552180106,0.3702649969798849,0.5568756164881881,0.0,0.0,0.8305958991958126,0.096,0.2,-0.23154528940713112,0,0.18490496098074022,-0.20241846102124994,-0.3018102863870161,1,-0.21003704074744545,0.2025763726136176,-0.3018102863870161,1,-0.30400000000000005,-0.2,-0.23154528940713112,0
0.32,-0.08236703039052946,1.618584238341909,9.407332592533935,0.0006460035801953485,-0.0009499157862968515,1.2640665589943396,0.9202318473658704,0.3913736668372024,0.37203090248879067,0.5516458706284303,0.0,0.0,0.8340784336131711,0.11200000000000002,0.2,-0.22294867572242105,0,0.16978072332465502,-0.20464704622862748,-0.30357619189592183,1,-0.22004091421133004,0.20527866766202751,-0.30357619189592183,1,-0.28800000000000003,-0.2,-0.22294867572242105,0
0.33,0.15264353310743592,1.7083406520615554,9.347550896931835,0.000939826414950216,0.000559332531076468,1.25864256365653,0.9152411726209175,0.40290643571366264,0.3737513117358174,0.546394346734269,0.0,0.0,0.8375280400421418,0.128,0.2,-0.21556720744979846,0,0.15462967532419633,-0.20668540370269414,-0.30529660114294854,1,-0.23001004066406555,0.20810645842151554,-0.30529660114294854,1,-0.272,-0.2,-0.21556720744979846,0
0.34,0.006141405527688952,1.5885991519925957,9.441500339711622,0.0009968428545178642,0.0008853842315845059,1.2463620924933003,0.9101059706849957,0.41437558099328414,0.3754251380736104,0.5411212521268759,0.0,0.0,0.840944582298169,0.144,0.2,-0.20951729475339803,0,0.13945420950548,-0.208533211563175,-0.30697042748074155,1,-0.23994284586501927,0.21105929835113987,-0.30697042748074155,1,-0.256,-0.2,-0.20951729475339803,0
0.35000000000000003,0.10137484258669544,1.6746877831961147,9.167182445719552,-0.0008411435228779226,-0.0006890732876262412,1.2563410727909554,0.9048270524660195,0.4257792915650727,0.3770513242775789,0.5358267949789965,0.0,0.0,0.8443279255020151,0.16000000000000003,0.2,-0.20489434837048465,0,0.12425672225047808,-0.21019017801978862,-0.3085966136847101,1,-0.24983776130910512,0.2141367211632454,-0.3085966136847101,1,-0.24,-0.2,-0.20489434837048465,0
0.36,0.011747411925947204,1.5654190148463034,9.198454501369191,-2.110784203943971e-05,0.002067289067790008,1.2636137542973387,0.8994052515663711,0.4371157666509329,0.37862884321366186,0.5305111843067342,0.0,0.0,0.8476779360850831,0.17600000000000002,0.2,-0.20177127492713112,0,0.10903961341860355,-0.21165604141832325,-0.310174132620793,1,-0.259693224474469,0.21733824089709533,-0.310174132620793,1,-0.224,-0.2,-0.20177127492713112,0
0.37,-0.1197357085080073,1.6156436024820087,9.237234323637207,-0.0018160496852104122,0.00041991840321923207,1.2524329836731705,0.8938414241512638,0.44838321609003223,0.38015669848708766,0.5251746299612957,0.0,0.0,0.8509944817946918,0.192,0.2,-0.2001973271571728,0,0.09380528596774265,-0.21293057028195567,-0.3117019878942188,1,-0.2695076790692291,0.22066335199561066,-0.3117019878942188,1,-0.20800000000000002,-0.2,-0.2001973271571728,0
0.38,0.0035206103739608124,1.5266418690819694,9.31625839083517,0.00021051710979156597,-0.0012454651135618627,1.2498454167497122,0.8881364488135446,0.4595798606214878,0.3816339250717184,0.5198173426207094,0.0,0.0,0.8542774316992952,0.20800000000000002,0.2,-0.2001973271571728,0,0.07855614557480219,-0.21401356334780317,-0.31317921447884955,1,-0.27927957527723196,0.2241115293852029,-0.31317921447884955,1,-0.192,-0.2,-0.2001973271571728,0
0.39,0.07324207392072198,1.4861963023640279,9.414278141190653,0.0003757638664561637,0.0012101183229088108,1.2565994581412638,0.8822912264349533,0.4707039321653325,0.3830595899195812,0.5144395337815064,0.0,0.0,0.8575266561936523,0.22400000000000003,0.2,-0.20177127492713112,0,0.06329460025582362,-0.21490484959870654,-0.3146048793267124,1,-0.28900737000278703,0.22768222855868964,-0.3146048793267124,1,-0.176,-0.2,-0.20177127492713112,0
0.4,0.018834687398628452,1.6732549327171757,9.113422281131777,-0.0005257142470247703,-0.00040900989007003753,1.2578763950462717,0.8763066800438636,0.4817536741017153,0.3844327925502015,0.5090414157503712,0.0,0.0,0.8607420270039436,0.24,0.2,-0.20489434837048462,0,0.04802305998573038,-0.2156042882902343,-0.31597808195733273,1,-0.2986895271143391,0.23137488566127867,-0.31597808195733273,1,-0.16000000000000003,-0.2,-0.20489434837048462,0
0.41000000000000003,0.03170959631852202,1.6190278802939322,9.283349012982322,0.0014898941477055837,-8.899104029729111e-05,1.2551935169357988,0.8701837546695257,0.49272734154829156,0.3857526656193652,0.5036232016357609,0.0,0.0,0.8639234171928353,0.256,0.2,-0.20951729475339803,0,0.032743936317764566,-0.21611176897290912,-0.3172979550264964,1,-0.3083245176870408,0.23518891757960658,-0.3172979550264964,1,-0.14400000000000002,-0.2,-0.20951729475339803,0
0.42,-0.14327090951792204,1.6103147815568326,9.186727479541194,-0.0006074796509323387,0.001153827363568443,1.2581818870139472,0.8639234171928353,0.5036232016357608,0.38701837546695256,0.49818510533949084,0.0,0.0,0.86707070116449,0.272,0.2,-0.2155672074497985,0,0.017459642002674317,-0.21642721150964836,-0.3185636648740838,1,-0.3179108202441886,0.2391237220338202,-0.3185636648740838,1,-0.128,-0.2,-0.2155672074497985,0
0.43,0.025340479649327192,1.4949909814546025,9.437313355884287,-0.0011619785032220666,-0.0013920804783333009,1.2551555339917537,0.8575266561936522,0.5144395337815064,0.3882291226434953,0.49272734154829156,0.0,0.0,0.8701837546695257,0.288,0.2,-0.22294867572242105,0,0.002172590607713229,-0.21655056608841852,-0.31977441205062646,1,-0.3274469209974806,0.24317867767268225,-0.31977441205062646,1,-0.11200000000000004,-0.2,-0.22294867572242105,0
0.44,0.0668876288358225,1.6672441753942515,9.318000227886191,0.0011560111560003441,0.0006001209868638,1.2581856415731183,0.8509944817946918,0.5251746299612957,0.38938414241512637,0.4872501257253322,0.0,0.0,0.8732624548099202,0.30400000000000005,0.2,-0.2315452894071311,0,-0.013114803864490307,-0.21648181323010174,-0.3209294318222576,1,-0.336931314086062,0.247353144171691,-0.3209294318222576,1,-0.09599999999999997,-0.2,-0.2315452894071311,0
0.45,-0.0935459791854466,1.4638597216151623,9.188708698878523,0.0004732891642948196,0.0006229795343781059,1.245115408937965,0.8443279255020151,0.5358267949789967,0.39048270524660195,0.48175367410171516,0.0,0.0,0.8763066800438637,0.32000000000000006,0.2,-0.24122147477075268,0,-0.02840012735713196,-0.21622096379157138,-0.3220279946537331,1,-0.3463625018143175,0.25164646233419413,-0.3220279946537331,1,-0.07999999999999996,-0.2,-0.24122147477075268,0
0.46,0.19328756653213744,1.5382954585809103,9.138592625686307,-0.0003115631176411858,-0.0008752125586567478,1.2576028780866122,0.8375280400421418,0.5463943467342691,0.39152411726209174,0.4762382036679391,0.0,0.0,0.8793163101905562,0.336,0.2,-0.25182463258982846,0,-0.04368096614043909,-0.21576805896397766,-0.32306940666922296,1,-0.3557389948883751,0.256057954195484,-0.32306940666922296,1,-0.064,-0.2,-0.25182463258982846,0
0.47000000000000003,-0.002763446843918565,1.5249082829633724,9.327876744990439,-0.002417911957863194,-0.0009208685665407862,1.255053691635124,0.8305958991958127,0.556875616488188,0.3925077206834458,0.4707039321653325,0.0,0.0,0.8822912264349533,0.35200000000000004,0.2,-0.26318754473153216,0,-0.05895490719282689,-0.21512317026624314,-0.32405301009057697,1,-0.3650593126512824,0.2605869231298562,-0.32405301009057697,1,-0.04799999999999999,-0.2,-0.26318754473153216,0
0.48,0.09149284756054527,1.6197611446865605,9.06878524261524,0.0005930886237051424,0.0008828219410570433,1.261675706517393,0.8235325976284275,0.5672689491267565,0.3934328942456612,0.46515107807745826,0.0,0.0,0.8852313113324553,0.36800000000000005,0.2,-0.2751310112835145,0,-0.07421953858194208,-0.21428639953376882,-0.32497818365279235,1,-0.37432198331682043,0.2652326539606146,-0.32497818365279235,1,-0.03199999999999997,-0.2,-0.2751310112835145,0
0.49,0.06817191821255435,1.6358206917418587,9.006921259936819,-0.0017398350006653217,0.0003162146458575615,1.256185853747171,0.8163392507171839,0.5775727034222676,0.3942990535892864,0.4595798606214879,0.0,0.0,0.8881364488135445,0.384,0.2,-0.2874666766435695,0,-0.0894724498455349,-0.2132578789023537,-0.32584434299641757,1,-0.3835255442019147,0.26999441307300576,-0.32584434299641757,1,-0.016000000000000014,-0.2,-0.2874666766435695,0
0.5,-0.08044777126569147,1.4480129838848996,9.076788503091707,0.00022328699280242242,-0.0001048112056368128,1.2589429034089332,0.8090169943749475,0.5877852522924731,0.39510565162951533,0.4539904997395468,0.0,0.0,0.8910065241883678,0.0,0.2,-0.3,0,-0.10471123237209956,-0.21203777078732836,-0.32665094103664655,1,-0.3926685419576102,0.2748714485300661,-0.32665094103664655,1,-0.4,-0.2,-0.3,0
0.51,0.04635549722134795,1.639137704007016,9.231716246573313,-0.0009363335495778968,-0.0010175577973052003,1.2591860184340973,0.8015669848708766,0.5979049830575188,0.3958521789017376,0.44838321609003223,0.0,0.0,0.8938414241512638,0.016000000000000014,0.2,-0.28746667664356956,0,-0.11993347978122154,-0.21062626785790808,-0.32739746830886873,1,-0.4017495327985723,0.2798629901913603,-0.32739746830886873,1,-0.384,-0.2,-0.28746667664356956,0
0.52,0.06344699472889795,1.540753434009119,9.25560703590566,-0.0008044239410293936,-2.6163833708081474e-05,1.2504357967778736,0.7939903986478354,0.6079302976946054,0.3965381638833274,0.4427582310389015,0.0,0.0,0.8966410367852359,0.032,0.2,-0.2751310112835145,0,-0.13513678830357315,-0.20902359300676812,-0.32808345329045857,1,-0.41076708273107737,0.28496824983459645,-0.32808345329045857,1,-0.368,-0.2,-0.2751310112835145,0
0.53,0.11917790894872551,1.7601094863307256,8.954579063835743,-0.0007317623126045077,4.824312367134735e-05,1.243646846845943,0.7862884321366189,0.6178596130903343,0.3971631732914674,0.437115766650933,0.0,0.0,0.899405251566371,0.04799999999999999,0.2,-0.2631875447315322,0,-0.15031875716049617,-0.2072299993148464,-0.3287084626985986,1,-0.41971976777945624,0.2901864212800944,-0.3287084626985986,1,-0.35200000000000004,-0.2,-0.2631875447315322,0
0.54,-0.07865505760375752,1.6305750912224468,9.373054779136037,-0.0012356990826441633,-0.0016932304393861828,1.2649854658214856,0.7784623015670233,0.6276913612907006,0.39772681235681934,0.431456045680959,0.0,0.0,0.9021339593682028,0.064,0.2,-0.25182463258982846,0,-0.1654769889431135,-0.20524577001137861,-0.3292721017639505,1,-0.42860617421095676,0.2955166805180926,-0.3292721017639505,1,-0.336,-0.2,-0.25182463258982846,0
0.55,-0.17291005756064176,1.5412024232449346,9.204645202948598,0.0007418255478283524,-0.0014766885969417956,1.2556778393605539,0.7705132427757891,0.6374239897486897,0.3982287250728689,0.42577929156507266,0.0,0.0,0.9048270524660196,0.08000000000000002,0.2,-0.24122147477075268,0,0.08000000000000002,-0.2,-0.24122147477075268,0,-0.32,0.2,-0.24122147477075268,0,-0.32,-0.2,-0.24122147477075268,0
0.56,0.08044743282981111,1.4074035758343624,9.326181272002858,0.0007226612172581316,-0.0004073124221685774,1.259807216461458,0.7624425110114478,0.6470559615694443,0.3986685944207868,0.4200857284118062,0.0,0.0,0.907484424541117,0.096,0.2,-0.23154528940713112,0,0.096,-0.2,-0.23154528940713112,0,-0.30400000000000005,0.2,-0.23154528940713112,0,-0.30400000000000005,-0.2,-0.23154528940713112,0
0.5700000000000001,0.19824926171115675,1.5638029783530587,9.398064842124558,0.000847409208243687,0.00023107141084457498,1.253802923310237,0.7542513807361038,0.6565857557529565,0.3990461425696651,0.41437558099328403,0.0,0.0,0.9101059706849958,0.11200000000000002,0.2,-0.22294867572242105,0,0.11200000000000002,-0.2,-0.22294867572242105,0,-0.28800000000000003,0.2,-0.22294867572242105,0,-0.28800000000000003,-0.2,-0.22294867572242105,0
0.58,0.08754322498707129,1.5943310060143223,9.19221749939169,0.000914748138318174,0.00029892954605326226,1.254495896932027,0.7459411454241822,0.6660118674342516,0.39936113105200083,0.4086490747363491,0.0,0.0,0.9126915874035028,0.128,0.2,-0.21556720744979846,0,0.128,-0.2,-0.21556720744979846,0,-0.272,0.2,-0.21556720744979846,0,-0.272,-0.2,-0.21556720744979846,0
0.59,0.08214666238978949,1.5623720333231514,9.242821237133695,-0.0010047260822032068,-0.0007448981480974403,1.2529196797815172,0.7375131173581739,0.6753328081210244,0.39961336091431726,0.4029064357136627,0.0,0.0,0.9152411726209175,0.144,0.2,-0.20951729475339803,0,0.144,-0.2,-0.20951729475339803,0,-0.256,0.2,-0.20951729475339803,0,-0.256,-0.2,-0.20951729475339803,0
0.6,-0.07260820963629197,1.656603968003253,9.13099871567729,0.0005042012362088173,-0.0004928922499609029,1.2626357471646172,0.7289686274214116,0.6845471059286886,0.39980267284282717,0.39714789063478056,0.0,0.0,0.9177546256839811,0.2,0.19999999999999998,-0.3,1,0.16000000000000003,-0.2,-0.20489434837048465,0,-0.24,0.2,-0.20489434837048465,0,-0.2,-0.19999999999999998,-0.3,1
0.61,-0.05489437277868199,1.5274488113570666,9.182496079526226,-0.00196144515781211,-0.0016413628652849818,1.258891313557201,0.7203090248879069,0.6936533058128049,0.3999289472640589,0.39137366683720254,0.0,0.0,0.9202318473658703,0.1899313769340811,0.19754995666027664,-0.30012627442123174,1,0.17600000000000002,-0.2,-0.20177127492713112,0,-0.224,0.2,-0.20177127492713112,0,-0.2150634567007863,-0.19739204506790886,-0.30012627442123174,1
0.62,-0.12709080020677427,1.6114018161354964,9.178777878349633,0.0010254263987661066,-0.0011399405319400151,1.262055628430439,0.7115356772092855,0.7026499697988492,0.3999921044203816,0.3855839922773966,0.0,0.0,0.9226727398701148,0.17983276150199004,0.1952266294846926,-0.3001894315775544,1,0.192,-0.2,-0.2001973271571728,0,-0.20800000000000002,0.2,-0.2001973271571728,0,-0.23009295238866492,-0.1945950080512924,-0.3001894315775544,1
0.63,0.04550945855267256,1.6166427047220409,9.187145605344488,-0.0010185279352224522,-0.0014896145495089334,1.250714330943236,0.7026499697988492,0.7115356772092853,0.3999921044203816,0.3797790955218011,0.0,0.0,0.925077206834458,0.16970574839217017,0.19303038535354172,-0.3001894315775544,1,0.20800000000000002,-0.2,-0.2001973271571728,0,-0.192,0.2,-0.2001973271571728,0,-0.2450861137320394,-0.19160933063472016,-0.3001894315775544,1
0.64,0.0273843074062296,1.736471039139414,9.209962822126524,0.0028023715426859675,0.0006638921103817802,1.2547633956412305,0.6936533058128049,0.7203090248879069,0.3999289472640589,0.3739592057378004,0.0,0.0,0.9274451533346614,0.1595519367773878,0.19096157107923212,-0.30012627442123174,1,0.22400000000000003,-0.2,-0.20177127492713112,0,-0.176,0.2,-0.20177127492713112,0,-0.26004057313692713,-0.18843548429126705,-0.30012627442123174,1
0.65,0.00630088588688215,1.8607151093865042,9.397846689626233,0.0012282096357067711,-0.0007934116451731079,1.2520271494010264,0.6845471059286886,0.7289686274214116,0.39980267284282717,0.36812455268467786,0.0,0.0,0.9297764858882515,0.1493729300622036,0.18902051335152004,-0.3,1,0.24,-0.2,-0.20489434837048462,0,-0.16000000000000003,0.2,-0.20489434837048462,0,-0.2749539691208306,-0.1850739702080631,-0.3,1
0.66,0.040579516365246135,1.5386721149176665,9.264403159324814,0.00017805970708626473,5.928013877273818e-06,1.2577041107705134,0.6753328081210245,0.7375131173581739,0.39961336091431726,0.36227536670454574,0.0,0.0,0.932071112458211,0.1391703356297766,0.18720751868592242,-0.2998106880714901,1,0.256,-0.2,-0.20951729475339803,0,-0.14400000000000002,0.2,-0.20951729475339803,0,-0.28982394668564215,-0.18152531920715015,-0.2998106880714901,1
0.67,0.11921639454433551,1.3814880421414202,9.111935901163983,-0.0012102874791846733,-6.460714156546992e-06,1.2580083332388015,0.6660118674342517,0.7459411454241821,0.39936113105200083,0.35641187871325075,0.0,0.0,0.934328942456612,0.12894576458803994,0.18552287337531342,-0.29955845820917365,1,0.272,-0.2,-0.2155672074497985,0,-0.128,0.2,-0.2155672074497985,0,-0.30464815768952624,-0.17779009166165832,-0.29955845820917365,1
0.68,-0.10389293512192099,1.5495973545495072,9.095801016679275,-0.0012160078604167763,0.0014108105556323001,1.2540280015547727,0.6565857557529564,0.7542513807361038,0.3990461425696651,0.35053432019125896,0.0,0.0,0.9365498867481924,0.11870083151528815,0.18396684344471687,-0.2992434697268379,1,0.288,-0.2,-0.22294867572242105,0,-0.11200000000000004,0.2,-0.22294867572242105,0,-0.31942426121771805,-0.1738688774073172,-0.2992434697268379,1
0.6900000000000001,-0.07326487132345771,1.3387748754723416,9.206249746556397,-3.0465868337583407e-05,9.297145095698938e-05,1.2568779799366285,0.6470559615694443,0.7624425110114479,0.3986685944207868,0.344642923174517,0.0,0.0,0.9387338576538741,0.1084371542052163,0.182539674609297,-0.2988659215779596,1,0.30400000000000005,-0.2,-0.2315452894071311,0,-0.09599999999999997,0.2,-0.2315452894071311,0,-0.3341499239521798,-0.16976229564931367,-0.2988659215779596,1
0.7000000000000001,-0.08665727297955511,1.5479516176012138,9.186980142154193,0.0005683260433770594,-0.001345991361227752,1.2596897768628461,0.6374239897486896,0.7705132427757893,0.3982287250728689,0.33873792024529126,0.0,0.0,0.9408807689542256,0.09815635341145212,0.18124159223555686,-0.2984260522300417,1,0.32000000000000006,-0.2,-0.24122147477075268,0,-0.07999999999999996,0.2,-0.24122147477075268,0,-0.3488228205400609,-0.16547099486451244,-0.2984260522300417,1
0.71,-0.1618842176696631,1.6310663818153157,9.21925715726122,0.0009201436289375894,0.00013823197069196124,1.2623734215319888,0.6276913612907006,0.7784623015670233,0.39772681235681934,0.3328195445229867,0.0,0.0,0.9429905358928644,0.08786005259161986,0.18007280130575148,-0.2979241395139922,1,0.336,-0.2,-0.25182463258982846,0,-0.064,0.2,-0.25182463258982846,0,-0.36344063396089593,-0.16099565269905391,-0.2979241395139922,1
0.72,0.030043942473308258,1.591946081739187,9.16075036530666,0.0005209646561569107,0.0006622489206342719,1.2606186493221079,0.6178596130903343,0.7862884321366189,0.3971631732914674,0.32688802965494246,0.0,0.0,0.9450630751798048,0.07754987765097708,0.17903348638551742,-0.2973605004486402,1,0.35200000000000004,-0.2,-0.26318754473153216,0,-0.04799999999999999,0.2,-0.26318754473153216,0,-0.37800105589249133,-0.15633697586134537,-0.2973605004486402,1
0.73,0.05541389494049245,1.5642713809288986,9.142036434401422,0.0002799611243074459,0.0008058766698773823,1.2473790301316665,0.6079302976946054,0.7939903986478353,0.3965381638833274,0.32094360980720943,0.0,0.0,0.9470983049947443,0.06722745668566676,0.1781238115947288,-0.29673549104050023,1,0.36800000000000005,-0.2,-0.2751310112835145,0,-0.03199999999999997,0.2,-0.2751310112835145,0,-0.39250178707543404,-0.15149570001046492,-0.29673549104050023,1
0.74,0.06325412067141205,1.5441189466738758,9.150535572397768,0.0008542663607958178,-0.00026601014618547763,1.2582705823048954,0.5979049830575189,0.8015669848708765,0.3958521789017376,0.3149865196553049,0.0,0.0,0.9490961449902946,0.056894419725620246,0.17734392058158055,-0.2960495060589104,1,0.384,-0.2,-0.2874666766435695,0,-0.016000000000000014,0.2,-0.2874666766435695,0,-0.4069405376761724,-0.1464725896399913,-0.2960495060589104,1
0.75,0.02706230606915896,1.7413278254806341,9.285643244161722,-0.0002924920152724088,-0.0008822860597001256,1.2563834788009247,0.5877852522924731,0.8090169943749475,0.3951056516295154,0.30901699437494745,0.0,0.0,0.9510565162951535,0.04655239847715796,0.17669393649990423,-0.29530297878668826,1,0.0,-0.2,-0.3,0,-0.4,0.2,-0.3,0,-0.4213150276486074,-0.14126843795728156,-0.29530297878668826,1
0.76,0.07380102109588349,1.5623908915764295,9.355911290974008,0.0019118084039339328,0.000942996167892831,1.2584348754676344,0.5775727034222676,0.8163392507171839,0.39429905358928646,0.303035269632774,0.0,0.0,0.9529793415172189,0.03620302606532376,0.17617396198972113,-0.2944963807464593,1,0.016000000000000014,-0.2,-0.28746667664356956,0,-0.384,0.2,-0.28746667664356956,0,-0.4356229870941378,-0.1358840667582148,-0.2944963807464593,1
0.77,0.07649294120430661,1.5147086163189905,9.249981773473246,0.0004893814931467894,0.0006394119852826952,1.2510860442659706,0.5672689491267565,0.8235325976284275,0.3934328942456612,0.29704158157703486,0.0,0.0,0.954864544746643,0.025847936775994965,0.1757840791610344,-0.29363022140283407,1,0.032,-0.2,-0.2751310112835145,0,-0.368,0.2,-0.2751310112835145,0,-0.44986215662010437,-0.13032032629742113,-0.29363022140283407,1
0.78,-0.0408090545053204,1.4249571966384587,9.137697387984684,0.000760184066634495,0.0015735134440123884,1.2563347808425238,0.5568756164881881,0.8305958991958126,0.3925077206834458,0.29103616682827194,0.0,0.0,0.9567120515588304,0.0154887657978105,0.17552434958086202,-0.2927050478406186,1,0.04799999999999999,-0.2,-0.2631875447315322,0,-0.35200000000000004,0.2,-0.2631875447315322,0,-0.46403028769657273,-0.12457809515401644,-0.2927050478406186,1
0.79,-0.030712682948840886,1.670301859641606,9.33329036777543,0.0012423895322126964,-0.00163867857803923,1.2533778002611151,0.546394346734269,0.8375280400421418,0.39152411726209174,0.28501926246997616,0.0,0.0,0.9585217890173758,0.005127148963954886,0.17539481426351597,-0.2917214444192646,1,0.064,-0.2,-0.25182463258982846,0,-0.336,0.2,-0.25182463258982846,0,-0.47812514301140463,-0.11865828009286383,-0.2917214444192646,1
0.8,-0.12128209154367141,1.5662673563708707,9.20230938961273,0.0010157611196478697,-8.982802137043462e-05,1.252008438982206,0.5358267949789965,0.8443279255020151,0.39048270524660195,0.2789911060392293,0.0,0.0,0.9602936856769431,-0.0052352775061577095,0.17539549366412416,-0.29068003240377477,1,0.08000000000000002,-0.2,-0.24122147477075268,0,-0.32,0.2,-0.24122147477075268,0,-0.4921444968235521,-0.11256181592138642,-0.29068003240377477,1
0.81,-0.011008468267307064,1.7306646302152298,9.080925174870883,-0.0006534628250252352,0.001713623747467359,1.2547862205237856,0.5251746299612957,0.8509944817946918,0.38938414241512637,0.27295193551732516,0.0,0.0,0.9620276715860859,-0.015596877265262765,0.17552638767540152,-0.2895814695722992,1,0.096,-0.2,-0.23154528940713112,0,-0.30400000000000005,0.2,-0.23154528940713112,0,-0.5060861353145312,-0.10628966534194917,-0.2895814695722992,1
0.8200000000000001,0.14256733229155757,1.501200453676372,9.268419997638226,0.0005743308415947154,-0.00024574257680995437,1.2551515617476976,0.5144395337815064,0.8575266561936523,0.3882291226434953,0.26690198932037545,0.0,0.0,0.9637236782900097,-0.025956014096643047,0.17578747562766628,-0.2884264498006681,1,0.11200000000000002,-0.2,-0.22294867572242105,0,-0.28800000000000003,0.2,-0.22294867572242105,0,-0.5199478569380076,-0.09984281879983783,-0.2884264498006681,1
0.8300000000000001,-0.044919672333249096,1.4212971109985388,9.18510886618413,0.0018317615298353242,-0.0001374978076291514,1.2516281656364743,0.5036232016357607,0.8639234171928354,0.38701837546695256,0.2608415062898968,0.0,0.0,0.9653816388332739,-0.03631105217250587,0.17617871629210408,-0.2872157026241254,1,0.128,-0.2,-0.21556720744979846,0,-0.272,0.2,-0.21556720744979846,0,-0.5337274727674467,-0.09322229432685569,-0.2872157026241254,1
0.84,-0.08632910269396928,1.6123009409126083,9.232033455360202,0.0013651712871558764,0.0002916251453829317,1.261749755448321,0.49272734154829156,0.8701837546695257,0.3857526656193652,0.25477072568338216,0.0,0.0,0.967001487762435,-0.0466603563122994,0.17670004788727872,-0.2859499927765381,1,0.144,-0.2,-0.20951729475339803,0,-0.256,0.2,-0.20951729475339803,0,-0.5474228068417707,-0.08642913738056457,-0.2859499927765381,1
0.85,-0.03177225460476842,1.5297444630354144,9.349164245659367,-0.0020607505588451426,-0.00026970555700634694,1.2565343164465033,0.4817536741017153,0.8763066800438636,0.3844327925502015,0.24868988716485474,0.0,0.0,0.9685831611286311,0.16000000000000003,0.2,-0.20489434837048465,0,0.16000000000000003,-0.2,-0.20489434837048465,0,-0.24,0.2,-0.20489434837048465,0,-0.24,-0.2,-0.20489434837048465,0
0.86,0.12654446399961278,1.5400732774601507,9.423884323615477,-9.562206955239416e-05,-0.0010711236690105494,1.2495294343528132,0.4707039321653325,0.8822912264349533,0.3830595899195813,0.24259923079540735,0.0,0.0,0.9701265964901059,0.17600000000000002,0.2,-0.20177127492713112,0,0.17600000000000002,-0.2,-0.20177127492713112,0,-0.224,0.2,-0.20177127492713112,0,-0.224,-0.2,-0.20177127492713112,0
0.87,-0.10294935369426216,1.6154003954190186,9.282692997550196,0.0004948599216837528,0.0005475616542322649,1.2623948123858189,0.4595798606214879,0.8881364488135445,0.3816339250717184,0.23649899702372476,0.0,0.0,0.9716317329146739,0.192,0.2,-0.2001973271571728,0,0.192,-0.2,-0.2001973271571728,0,-0.20800000000000002,0.2,-0.2001973271571728,0,-0.20800000000000002,-0.2,-0.2001973271571728,0
0.88,-0.06021137152350731,1.6699908898785498,9.393932852406902,-0.0002811325788165371,-0.0014628244556172943,1.2524846955077265,0.44838321609003223,0.8938414241512638,0.38015669848708766,0.23038942667659063,0.0,0.0,0.9730985109821265,0.20800000000000002,0.2,-0.2001973271571728,0,0.20800000000000002,-0.2,-0.2001973271571728,0,-0.192,0.2,-0.2001973271571728,0,-0.192,-0.2,-0.2001973271571728,0
0.89,-0.07272193615973538,1.4643827170142707,9.446799409890119,0.00018428493497566075,-0.0005778493676160288,1.2637715194630947,0.437115766650933,0.899405251566371,0.3786288432136619,0.22427076094938117,0.0,0.0,0.9745268727865771,0.22400000000000003,0.2,-0.20177127492713112,0,0.22400000000000003,-0.2,-0.20177127492713112,0,-0.176,0.2,-0.20177127492713112,0,-0.176,-0.2,-0.20177127492713112,0
0.9,0.03614703373802313,1.616321892059354,9.349786846874352,-0.0012639025685658371,-0.0004223256806683117,1.257525767345807,0.42577929156507266,0.9048270524660196,0.3770513242775789,0.21814324139654248,0.0,0.0,0.9759167619387474,0.24,0.2,-0.20489434837048462,0,0.2,-0.2,-0.3,1,-0.2,0.2,-0.3,1,-0.16000000000000003,-0.2,-0.20489434837048462,0
0.91,-0.034579837220838794,1.4689395663238443,9.536111223547369,0.0007985821005296575,0.0008648010991535862,1.2496677740414965,0.41437558099328425,0.9101059706849957,0.3754251380736104,0.21200710992205474,0.0,0.0,0.9772681235681935,0.256,0.2,-0.20951729475339803,0,0.18490496098074027,-0.20241846102124988,-0.29837381379603145,1,-0.21003704074744523,0.20257637261361758,-0.29837381379603145,1,-0.14400000000000002,-0.2,-0.20951729475339803,0
0.92,0.012674885721808719,1.5219597114852066,9.382843118251127,0.00032053539730808367,-0.0009956622642665522,1.2484580903607716,0.4029064357136627,0.9152411726209175,0.3737513117358174,0.20586260876988136,0.0,0.0,0.9785809043254721,0.272,0.2,-0.2155672074497985,0,0.1697807233246551,-0.20464704622862753,-0.29669998745823845,1,-0.22004091421132993,0.20527866766202746,-0.29669998745823845,1,-0.128,-0.2,-0.2155672074497985,0
0.93,0.044832095769445496,1.5961952812655746,9.257819496164942,0.0007732813088133898,-0.00020146433974532773,1.2576148958975715,0.3913736668372023,0.9202318473658704,0.37203090248879067,0.199709980514407,0.0,0.0,0.9798550523842469,0.288,0.2,-0.22294867572242105,0,0.1546296753241963,-0.2066854037026941,-0.29497957821121173,1,-0.23001004066406558,0.20810645842151546,-0.29497957821121173,1,-0.11200000000000004,-0.2,-0.22294867572242105,0
0.9400000000000001,0.11325585414834823,1.7202490327525994,9.161200392072303,-0.0005356713161741262,0.0016518741190592,1.2672000478545837,0.3797790955218011,0.925077206834458,0.3702649969798849,0.19354946805086018,0.0,0.0,0.9810905174433341,0.30400000000000005,0.2,-0.2315452894071311,0,0.13945420950548004,-0.208533211563175,-0.29321367270230597,1,-0.23994284586501913,0.21105929835113993,-0.29321367270230597,1,-0.09599999999999997,-0.2,-0.2315452894071311,0
0.9500000000000001,-0.10651721620470576,1.7212870342323672,9.511759421273698,-0.0011038477235111954,0.001144962631531008,1.2507791117530547,0.36812455268467786,0.9297764858882515,0.36845471059286883,0.18738131458572452,0.0,0.0,0.9822872507286887,0.32000000000000006,0.2,-0.24122147477075268,0,0.12425672225047812,-0.21019017801978865,-0.2914033863152899,1,-0.24983776130910512,0.21413672116324547,-0.2914033863152899,1,-0.07999999999999996,-0.2,-0.24122147477075268,0
0.96,0.021604607325082945,1.5348814221812046,9.309816589046019,0.001661262580556526,0.0007403439107400802,1.2542927328471027,0.35641187871325075,0.934328942456612,0.3666011867434252,0.1812057636271374,0.0,0.0,0.9834452049953297,0.336,0.2,-0.25182463258982846,0,0.10903961341860362,-0.21165604141832337,-0.28954986246584624,1,-0.25969322447446896,0.21733824089709536,-0.28954986246584624,1,-0.064,-0.2,-0.25182463258982846,0
0.97,-0.0603264306321092,1.6220239433336818,9.412925468758285,-0.00033931226578704936,0.001000324222821907,1.263758044881771,0.34464292317451717,0.9387338576538741,0.3647055961569444,0.17502305897527604,0.0,0.0,0.9845643345292053,0.35200000000000004,0.2,-0.26318754473153216,0,0.09380528596774282,-0.21293057028195564,-0.28765427187936554,1,-0.26950767906922896,0.22066335199561066,-0.28765427187936554,1,-0.04799999999999999,-0.2,-0.26318754473153216,0
0.98,0.00024847268668574534,1.6578519712053088,9.53275624302889,-0.000675320338986773,0.00014202560495155553,1.2551344100231578,0.3328195445229867,0.9429905358928644,0.36276913612907,0.16883344471273382,0.0,0.0,0.985644595148998,0.36800000000000005,0.2,-0.2751310112835145,0,0.07855614557480221,-0.21401356334780328,-0.2857178118514911,1,-0.27927957527723185,0.22411152938520282,-0.2857178118514911,1,-0.03199999999999997,-0.2,-0.2751310112835145,0
0.99,0.08357855096061247,1.61157349238284,9.519627065930132,0.0002889829900886452,6.866041132119382e-05,1.2610069705214646,0.32094360980720965,0.9470983049947442,0.36079302976946054,0.16263716519488372,0.0,0.0,0.986685944207868,0.384,0.2,-0.2874666766435695,0,0.0632946002558239,-0.21490484959870645,-0.2837417054918816,1,-0.2890073700027869,0.22768222855868947,-0.2837417054918816,1,-0.016000000000000014,-0.2,-0.2874666766435695,0
1.0,-0.05088963229982161,1.5496447346435827,9.394382190888978,0.0011447185392682833,0.0010462909445791526,1.251195490637201,0.30901699437494745,0.9510565162951535,0.3587785252292473,0.15643446504023092,0.0,0.0,0.9876883405951378,0.0,0.2,-0.3,0,0.048023059985730546,-0.21560428829023437,-0.28172720095166837,1,-0.298689527114339,0.2313748856612785,-0.28172720095166837,1,-0.4,-0.2,-0.3,0
1.01,-0.05171243694205237,1.6897732411923174,9.327933404051345,0.0007705783911279771,0.0001564362190480928,1.2586480623422005,0.29704158157703486,0.954864544746643,0.3567268949126756,0.15022558912075706,0.0,0.0,0.9886517447379141,0.016000000000000014,0.2,-0.28746667664356956,0,0.03274393631776453,-0.21611176897290918,-0.2796755706350967,1,-0.3083245176870408,0.2351889175796066,-0.2796755706350967,1,-0.384,-0.2,-0.28746667664356956,0
1.02,-0.08345002119990508,1.6267621471464886,9.490085360105766,0.0010746633095587166,-0.0011016248440633212,1.2631141434388116,0.28501926246997616,0.9585217890173758,0.3546394346734269,0.1440107825522521,0.0,0.0,0.9895761186026509,0.032,0.2,-0.2751310112835145,0,0.017459642002674372,-0.2164272115096483,-0.27758811039584796,1,-0.3179108202441884,0.2391237220338201,-0.27758811039584796,1,-0.368,-0.2,-0.2751310112835145,0
1.03,-0.018967132322637203,1.6378743653428849,9.448502862882684,0.00043687998960136075,-0.0001338425731607207,1.2581382274952386,0.27295193551732516,0.9620276715860859,0.35251746299612957,0.13779029068463797,0.0,0.0,0.9904614256966512,0.04799999999999999,0.2,-0.2631875447315322,0,0.0021725906077131943,-0.21655056608841847,-0.2754661387185507,1,-0.3274469209974806,0.2431786776726823,-0.2754661387185507,1,-0.35200000000000004,-0.2,-0.2631875447315322,0
1.04,0.11543401515874721,1.5816235478501102,9.516606999598821,0.0007225012464611095,-0.0012441373206723747,1.253117210115823,0.260841506289897,0.9653816388332739,0.3503623201635761,0.13156435909228256,0.0,0.0,0.9913076310695066,0.064,0.2,-0.25182463258982846,0,-0.013114803864490078,-0.2164818132301017,-0.27331099588599717,1,-0.33693131408606186,0.24735314417169085,-0.27331099588599717,1,-0.336,-0.2,-0.25182463258982846,0
1.05,0.03949185339094788,1.4872219790875325,9.638839072817897,0.00020248055346950474,0.0007767340400739784,1.2496080384995616,0.24868988716485474,0.9685831611286311,0.3481753674101715,0.12533323356430426,0.0,0.0,0.9921147013144779,0.08000000000000002,0.2,-0.24122147477075268,0,-0.02840012735713185,-0.21622096379157146,-0.2711240431325926,1,-0.3463625018143175,0.2516464623341939,-0.2711240431325926,1,-0.32,-0.2,-0.24122147477075268,0
1.06,-0.05335585943392104,1.476198880461853,9.52368800542073,-0.0011177769677544471,0.001867648908400787,1.2562675207618184,0.23649899702372476,0.9716317329146739,0.3459579860621488,0.1190971600948697,0.0,0.0,0.9928826045698137,0.096,0.2,-0.23154528940713112,0,-0.04368096614043897,-0.21576805896397777,-0.26890666178456984,1,-0.35573899488837485,0.25605795419548383,-0.26890666178456984,1,-0.30400000000000005,-0.2,-0.23154528940713112,0
1.07,-0.02162293701769397,1.5768237856873093,9.551043649225521,0.0008001103116123066,9.286892021905485e-05,1.2593326276366006,0.22427076094938117,0.9745268727865771,0.3437115766650933,0.1128563848734816,0.0,0.0,0.9936113105200084,0.11200000000000002,0.2,-0.22294867572242105,0,-0.058954907192826915,-0.2151231702662432,-0.2666602523875144,1,-0.3650593126512825,0.26058692312985615,-0.2666602523875144,1,-0.28800000000000003,-0.2,-0.22294867572242105,0
1.08,0.12301448611715901,1.6092825171773582,9.592329903012194,-0.0007582688147709436,-0.00042256017055299284,1.2611770425422333,0.21200710992205452,0.9772681235681935,0.3414375580993284,0.10661115427525977,0.0,0.0,0.9943007903969989,0.128,0.2,-0.21556720744979846,0,-0.07421953858194216,-0.21428639953376885,-0.2643862338217495,1,-0.37432198331682043,0.2652326539606146,-0.2643862338217495,1,-0.272,-0.2,-0.21556720744979846,0
1.09,-0.0705824177547165,1.5602314260365964,9.398254520712959,0.001299018610859192,0.0007581420715284271,1.254456279448094,0.199709980514407,0.9798550523842469,0.33913736668372024,0.10036171485121491,0.0,0.0,0.9949510169813002,0.144,0.2,-0.20951729475339803,0,-0.08947244984553485,-0.21325787890235373,-0.2620860424061413,1,-0.38352554420191454,0.2699944130730057,-0.2620860424061413,1,-0.256,-0.2,-0.20951729475339803,0
1.1,0.011801527716657483,1.734669498095108,9.484699373707668,-0.0009544885258582317,-0.0020407072483346112,1.2595133980410318,0.18738131458572452,0.9822872507286887,0.33681245526846776,0.09410831331851428,0.0,0.0,0.99556196460308,0.16000000000000003,0.2,-0.20489434837048465,0,-0.10471123237209964,-0.21203777078732833,-0.2597611309908888,1,-0.39266854195761014,0.27487144853006606,-0.2597611309908888,1,-0.24,-0.2,-0.20489434837048465,0
1.11,-0.0028347972860327457,1.7828100078501552,9.614586757408356,-0.0009888418512296216,1.5905883975572077e-05,1.2562915763047433,0.17502305897527604,0.9845643345292053,0.3344642923174517,0.0878511965507431,0.0,0.0,0.9961336091431725,0.17600000000000002,0.2,-0.20177127492713112,0,-0.11993347978122157,-0.21062626785790814,-0.25741296803987274,1,-0.4017495327985723,0.27986299019136024,-0.25741296803987274,1,-0.224,-0.2,-0.20177127492713112,0
1.12,0.0857583438599514,1.4681091399451003,9.53549060165415,0.00044583854281373314,-0.0004953648491924841,1.2540732792714162,0.1626371651948835,0.986685944207868,0.3320943609807209,0.08159061156815742,0.0,0.0,0.9966659280340299,0.192,0.2,-0.2001973271571728,0,-0.13513678830357326,-0.2090235930067682,-0.25504303670314205,1,-0.41076708273107754,0.2849682498345964,-0.25504303670314205,1,-0.20800000000000002,-0.2,-0.2001973271571728,0
1.1300000000000001,0.14058371770763659,1.6112786108585575,9.758329086593747,-0.0016644222017899177,-0.0018906415439252449,1.261651146506864,0.15022558912075706,0.9886517447379141,0.3297041581577035,0.07532680552793275,0.0,0.0,0.9971589002606139,0.20800000000000002,0.2,-0.2001973271571728,0,-0.15031875716049614,-0.2072299993148463,-0.25265283388012455,1,-0.4197197677794561,0.2901864212800945,-0.25265283388012455,1,-0.192,-0.2,-0.2001973271571728,0
1.1400000000000001,-0.09395961138746373,1.584612538985489,9.62082007452172,-0.0005656336415328506,-0.00027454517079655036,1.253379462702045,0.13779029068463797,0.9904614256966512,0.3272951935517325,0.06906002571440578,0.0,0.0,0.9976125063612252,0.22400000000000003,0.2,-0.20177127492713112,0,-0.1654769889431134,-0.20524577001137864,-0.25024386927415354,1,-0.42860617421095665,0.29551668051809254,-0.25024386927415354,1,-0.176,-0.2,-0.20177127492713112,0
1.1500000000000001,-0.026105865060102425,1.4697117284261356,9.691131693856834,0.000950059122712284,0.0004506531662381773,1.2553378470260323,0.12533323356430404,0.9921147013144779,0.32486898871648545,0.0627905195293133,0.0,0.0,0.9980267284282716,0.24,0.2,-0.20489434837048462,0,0.24,-0.2,-0.20489434837048462,0,-0.16000000000000003,0.2,-0.20489434837048462,0,-0.16000000000000003,-0.2,-0.20489434837048462,0
1.16,-0.011203731970106842,1.5869503966087346,9.569141205217655,-0.0005461639607710094,-0.00011766236672301992,1.2601249942045172,0.11285638487348182,0.9936113105200084,0.32242707609493815,0.05651853448202462,0.0,0.0,0.998401550108975,0.256,0.2,-0.20951729475339803,0,0.256,-0.2,-0.20951729475339803,0,-0.14400000000000002,0.2,-0.20951729475339803,0,-0.14400000000000002,-0.2,-0.20951729475339803,0
1.17,-0.003793640252777828,1.6787044552874122,9.829998594068638,-0.00028256790896323043,0.0016698224215172975,1.2650047812340268,0.10036171485121513,0.9949510169813002,0.31997099805144075,0.0502443181797696,0.0,0.0,0.9987369566060175,0.272,0.2,-0.2155672074497985,0,0.272,-0.2,-0.2155672074497985,0,-0.128,0.2,-0.2155672074497985,0,-0.128,-0.2,-0.2155672074497985,0
1.18,-0.06337574062490375,1.750297363191389,9.723976406509353,-0.0009200132532054677,-0.00041715613406662663,1.2507669418048948,0.08785119655074332,0.9961336091431725,0.3175023058975276,0.043968118317864895,0.0,0.0,0.9990329346781247,0.288,0.2,-0.22294867572242105,0,0.288,-0.2,-0.22294867572242105,0,-0.11200000000000004,0.2,-0.22294867572242105,0,-0.11200000000000004,-0.2,-0.22294867572242105,0
1.19,0.058074166627975946,1.7121354587440654,9.652831459252495,-0.00032364848770072583,-0.001174601999401684,1.2580628820628086,0.07532680552793275,0.9971589002606139,0.3150225589120757,0.03769018266993447,0.0,0.0,0.9992894726405892,0.30400000000000005,0.2,-0.2315452894071311,0,0.30400000000000005,-0.2,-0.2315452894071311,0,-0.09599999999999997,0.2,-0.2315452894071311,0,-0.09599999999999997,-0.2,-0.2315452894071311,0
1.2,-0.0018505478725405003,1.471250662661435,9.866402847453692,0.00024841267835230894,0.0004395358727479165,1.2550256150296475,0.06279051952931353,0.9980267284282716,0.31253332335643047,0.031410759078128396,0.0,0.0,0.9995065603657316,0.20000000000000007,0.20000000000000015,-0.3000000000000001,1,0.32000000000000006,-0.2,-0.24122147477075268,0,-0.07999999999999996,0.2,-0.24122147477075268,0,-0.20000000000000007,-0.20000000000000015,-0.3000000000000001,1
1.21,0.028728245119468962,1.5834879041730205,9.791596464731656,0.00012716507125448053,0.0007787653478574954,1.2522246161402086,0.0502443181797696,0.9987369566060175,0.31003617148512147,0.02513009544333753,0.0,0.0,0.9996841892832999,0.18993137693408113,0.1975499566602767,-0.2975028481286911,1,0.336,-0.2,-0.25182463258982846,0,-0.064,0.2,-0.25182463258982846,0,-0.21506345670078655,-0.197392045067909,-0.2975028481286911,1
1.22,-0.004882610449971364,1.6007303544294378,9.753747794179375,8.789270319505384e-05,-2.0258644884064614e-05,1.2569902933092896,0.037690182669934694,0.9992894726405892,0.3075326805527933,0.018848439715408175,0.0,0.0,0.999822352380809,0.1798327615019901,0.19522662948469258,-0.2949993571963629,1,0.35200000000000004,-0.2,-0.26318754473153216,0,-0.04799999999999999,0.2,-0.26318754473153216,0,-0.23009295238866506,-0.1945950080512926,-0.2949993571963629,1
1.23,-0.13216600743491339,1.4920001968970293,9.600023448147066,-0.000881968593166353,-0.0009748387631445046,1.2557721085403317,0.02513009544333753,0.9996841892832999,0.30502443181797695,0.012566039883352554,0.0,0.0,0.9999210442038161,0.1697057483921702,0.1930303853535417,-0.2924911084615465,1,0.36800000000000005,-0.2,-0.2751310112835145,0,-0.03199999999999997,0.2,-0.2751310112835145,0,-0.2450861137320395,-0.19160933063472027,-0.2924911084615465,1
1.24,0.02748626258127408,1.5333177049201978,9.570745262710615,0.0002531731235189844,0.0008248208665365454,1.2639379967225184,0.012566039883352776,0.9999210442038161,0.30251300954433374,0.006283143965559066,0.0,0.0,0.9999802608561371,0.15955193677738794,0.19096157107923226,-0.2899796861879034,1,0.384,-0.2,-0.2874666766435695,0,-0.016000000000000014,0.2,-0.2874666766435695,0,-0.260040573136927,-0.18843548429126725,-0.2899796861879034,1
1.25,0.04765314682955006,1.6273518545264458,9.930087276979352,0.0007898911406167332,-0.00043717185706928623,1.2617897479480373,6.123233995736766e-17,1.0,0.3,6.123233995736766e-17,0.0,0.0,1.0,0.14937293006220356,0.18902051335152018,-0.28746667664356956,1,0.0,-0.2,-0.3,0,-0.4,0.2,-0.3,0,-0.27495396912083053,-0.1850739702080633,-0.28746667664356956,1
1.26,0.036284270344269474,1.5649489110749721,9.787503274806513,0.00015548693372702897,0.0021008114142270387,1.2574077708436544,-0.012566039883352653,0.9999210442038161,0.29748699045566623,0.006283143965559066,0.0,0.0,-0.9999802608561371,0.13917033562977657,0.1872075186859224,-0.28495366709923586,1,0.016000000000000014,-0.2,-0.28746667664356956,0,-0.384,0.2,-0.28746667664356956,0,-0.28982394668564243,-0.1815253192071502,-0.28495366709923586,1
1.27,0.04178514979882256,1.548894268425877,9.988756723870575,0.0003736682686749132,0.0013024443890458151,1.2618059328008628,-0.025130095443337407,0.9996841892832999,0.29497556818202303,0.012566039883352554,0.0,0.0,-0.9999210442038161,0.1289457645880399,0.18552287337531342,-0.2824422448255926,1,0.032,-0.2,-0.2751310112835145,0,-0.368,0.2,-0.2751310112835145,0,-0.3046481576895264,-0.17779009166165846,-0.2824422448255926,1
1.28,-0.12091017966995754,1.4734165971025428,9.859606902595225,-5.689171599463324e-05,-9.670560973236642e-05,1.2572253832447955,-0.037690182669934576,0.9992894726405892,0.2924673194472067,0.018848439715408175,0.0,0.0,-0.999822352380809,0.11870083151528803,0.18396684344471695,-0.2799339960907763,1,0.04799999999999999,-0.2,-0.2631875447315322,0,-0.35200000000000004,0.2,-0.2631875447315322,0,-0.3194242612177182,-0.17386887740731732,-0.2799339960907763,1
1.29,-0.020625400051772408,1.61104917592832,9.826857086829971,-0.0006506375396314471,-0.0006690867978509903,1.2576379005054967,-0.05024431817976947,0.9987369566060175,0.2899638285148785,0.02513009544333753,0.0,0.0,-0.9996841892832999,0.10843715420521638,0.18253967460929701,-0.27743050515844814,1,0.064,-0.2,-0.25182463258982846,0,-0.336,0.2,-0.25182463258982846,0,-0.33414992395217996,-0.16976229564931383,-0.27743050515844814,1
1.3,0.06086532895214758,1.7430607774542652,10.109358645650271,-9.583835625220836e-05,0.0029049649426626085,1.2557094957781474,-0.0627905195293134,0.9980267284282716,0.28746667664356956,0.031410759078128396,0.0,0.0,-0.9995065603657316,0.09815635341145212,0.18124159223555697,-0.2749333532871392,1,0.08000000000000002,-0.2,-0.24122147477075268,0,-0.32,0.2,-0.24122147477075268,0,-0.34882282054006103,-0.16547099486451256,-0.2749333532871392,1
1.31,0.027754354500615152,1.5152262906477765,9.78124876197686,-0.0005223538285247843,-0.00020564878916070356,1.2523800999626662,-0.07532680552793262,0.9971589002606139,0.2849774410879243,0.03769018266993447,0.0,0.0,-0.9992894726405892,0.08786005259161982,0.18007280130575154,-0.2724441177314939,1,0.096,-0.2,-0.23154528940713112,0,-0.30400000000000005,0.2,-0.23154528940713112,0,-0.3634406339608961,-0.16099565269905397,-0.2724441177314939,1
1.32,-0.1528091423091498,1.541566938100081,10.04834050671454,0.0006237881730390888,5.170559953137302e-05,1.2551383613821918,-0.0878511965507432,0.9961336091431725,0.2824976941024724,0.043968118317864895,0.0,0.0,-0.9990329346781247,0.07754987765097708,0.17903348638551753,-0.269964370746042,1,0.11200000000000002,-0.2,-0.22294867572242105,0,-0.28800000000000003,0.2,-0.22294867572242105,0,-0.37800105589249156,-0.15633697586134543,-0.269964370746042,1
1.33,-0.049427739295665664,1.448791016504182,10.117458312238512,0.0005834585900750261,0.00022037196417463487,1.2688349041082811,-0.100361714851215,0.9949510169813002,0.2800290019485593,0.0502443181797696,0.0,0.0,-0.9987369566060175,0.06722745668566656,0.17812381159472893,-0.26749567859212886,1,0.128,-0.2,-0.21556720744979846,0,-0.272,0.2,-0.21556720744979846,0,-0.39250178707543426,-0.15149570001046492,-0.26749567859212886,1
1.34,0.09178812052570808,1.6141850469580534,10.11281592444087,-0.00016295796624697572,-0.0009840736158005724,1.2599941960185341,-0.1128563848734817,0.9936113105200084,0.2775729239050619,0.05651853448202462,0.0,0.0,-0.998401550108975,0.05689441972562019,0.17734392058158052,-0.26503960054863146,1,0.144,-0.2,-0.20951729475339803,0,-0.256,0.2,-0.20951729475339803,0,-0.40694053767617266,-0.1464725896399912,-0.26503960054863146,1
1.35,0.03108287858568844,1.610418162114902,9.892100765031612,7.2868853719300405e-06,0.000969854036973382,1.2560091854254183,-0.12533323356430437,0.9921147013144778,0.27513101128351447,0.06279051952931353,0.0,0.0,-0.9980267284282716,0.046552398477157884,0.17669393649990414,-0.26259768792708404,1,0.16000000000000003,-0.2,-0.20489434837048465,0,-0.24,0.2,-0.20489434837048465,0,-0.4213150276486077,-0.14126843795728145,-0.26259768792708404,1
1.36,0.09783888700475936,1.6842501661374745,9.902892437095579,-0.00044990504544613715,-0.0007454291130526476,1.2579863664717672,-0.13779029068463805,0.9904614256966512,0.27270480644826744,0.06906002571440578,0.0,0.0,-0.9976125063612252,0.0362030260653237,0.17617396198972116,-0.260171483091837,1,0.17600000000000002,-0.2,-0.20177127492713112,0,-0.224,0.2,-0.20177127492713112,0,-0.43562298709413805,-0.13588406675821493,-0.260171483091837,1
1.37,-0.045165705538461914,1.6461455942071679,10.020530040486898,0.00020223169677051196,-0.0019899523573405765,1.260159099112824,-0.15022558912075715,0.988651744737914,0.2702958418422965,0.07532680552793275,0.0,0.0,-0.9971589002606139,0.025847936775994826,0.17578407916103433,-0.25776251848586607,1,0.192,-0.2,-0.2001973271571728,0,-0.20800000000000002,0.2,-0.2001973271571728,0,-0.44986215662010454,-0.13032032629742124,-0.25776251848586607,1
1.3800000000000001,0.06205896510643544,1.3223554579048766,9.98434763411306,0.0016720257038330977,-0.0002651302939441507,1.2601063568060795,-0.16263716519488358,0.986685944207868,0.26790563901927905,0.08159061156815764,0.0,0.0,-0.9966659280340299,0.01548876579781047,0.1755243495808621,-0.2553723156628487,1,0.20800000000000002,-0.2,-0.2001973271571728,0,-0.192,0.2,-0.2001973271571728,0,-0.4640302876965731,-0.12457809515401631,-0.2553723156628487,1
1.3900000000000001,-0.012564911485362977,1.460416775065665,9.802747316471677,-0.00024111800639530566,-0.0006201821091375878,1.2580991857556514,-0.17502305897527615,0.9845643345292053,0.26553570768254825,0.08785119655074332,0.0,0.0,-0.9961336091431725,0.005127148963954921,0.17539481426351597,-0.2530023843261178,1,0.22400000000000003,-0.2,-0.20177127492713112,0,-0.176,0.2,-0.20177127492713112,0,-0.4781251430114048,-0.11865828009286371,-0.2530023843261178,1
1.4000000000000001,-0.09199913873665144,1.4971275543415654,10.050068397089008,0.0016124617392274227,-0.00022431102137357228,1.2653727578087413,-0.18738131458572482,0.9822872507286886,0.26318754473153216,0.0941083133185145,0.0,0.0,-0.99556196460308,-0.005235277506157807,0.1753954936641242,-0.25065422137510174,1,0.24,-0.2,-0.20489434837048462,0,-0.16000000000000003,0.2,-0.20489434837048462,0,-0.49214449682355244,-0.11256181592138625,-0.25065422137510174,1
1.41,0.06984567530039107,1.5885516913764435,9.976775634574127,0.0011929959579796336,-0.001637332327637119,1.2593063563426694,-0.1997099805144069,0.9798550523842469,0.2608626333162798,0.10036171485121491,0.0,0.0,-0.9949510169813002,-0.015596877265262696,0.17552638767540155,-0.24832930995984936,1,0.256,-0.2,-0.20951729475339803,0,-0.14400000000000002,0.2,-0.20951729475339803,0,-0.5060861353145313,-0.1062896653419493,-0.24832930995984936,1
1.42,0.03520595897139627,1.6667485094899541,10.09003005088295,-0.0021453363677086013,0.00031283659905857595,1.2530832927467592,-0.2120071099220544,0.9772681235681935,0.2585624419006716,0.10661115427525977,0.0,0.0,-0.9943007903969989,-0.02595601409664288,0.17578747562766628,-0.2460291185442412,1,0.272,-0.2,-0.2155672074497985,0,-0.128,0.2,-0.2155672074497985,0,-0.5199478569380074,-0.0998428187998382,-0.2460291185442412,1
1.43,0.021081919384666022,1.5018663006221802,10.023140736421032,0.001401175103111229,-0.00021830069355964536,1.258436721743218,-0.22427076094938103,0.9745268727865772,0.2562884233349067,0.1128563848734816,0.0,0.0,-0.9936113105200084,-0.03631105217250565,0.17617871629210421,-0.24375509997847633,1,0.288,-0.2,-0.22294867572242105,0,-0.11200000000000004,0.2,-0.22294867572242105,0,-0.5337274727674467,-0.09322229432685589,-0.24375509997847633,1
1.44,-0.2773003750425027,1.557865878632612,9.952518581667546,-0.0009896280633204697,0.00024915113291430134,1.2573278478769478,-0.23649899702372465,0.971631732914674,0.2540420139378512,0.1190971600948697,0.0,0.0,-0.9928826045698137,-0.04666035631229937,0.17670004788727878,-0.24150869058142077,1,0.30400000000000005,-0.2,-0.2315452894071311,0,-0.09599999999999997,0.2,-0.2315452894071311,0,-0.5474228068417707,-0.08642913738056458,-0.24150869058142077,1
1.45,0.06856717964103991,1.5983206419839517,9.848064128611032,-0.0007333518124656978,0.00013404456901539748,1.2546549416794701,-0.24868988716485463,0.9685831611286312,0.25182463258982846,0.12533323356430404,0.0,0.0,-0.9921147013144779,0.32000000000000006,0.2,-0.24122147477075268,0,0.32000000000000006,-0.2,-0.24122147477075268,0,-0.07999999999999996,0.2,-0.24122147477075268,0,-0.07999999999999996,-0.2,-0.24122147477075268,0
1.46,-0.043234953384462836,1.3023603860916915,10.0617411188108,0.0009110154793819469,-0.0006505721886976792,1.2586237301436987,-0.2608415062898969,0.9653816388332739,0.2496376798364239,0.13156435909228256,0.0,0.0,-0.9913076310695066,0.336,0.2,-0.25182463258982846,0,0.336,-0.2,-0.25182463258982846,0,-0.064,0.2,-0.25182463258982846,0,-0.064,-0.2,-0.25182463258982846,0
1.47,-0.052775875320928235,1.4925976562088341,9.972864810491275,0.0002571934689168191,0.0013636090006131198,1.2609072542076842,-0.27295193551732505,0.9620276715860859,0.24748253700387046,0.13779029068463797,0.0,0.0,-0.9904614256966512,0.35200000000000004,0.2,-0.26318754473153216,0,0.35200000000000004,-0.2,-0.26318754473153216,0,-0.04799999999999999,0.2,-0.26318754473153216,0,-0.04799999999999999,-0.2,-0.26318754473153216,0
1.48,0.19566099032178944,1.4905299529663825,10.079309896512232,0.0007288554314924194,-0.0007106667829682736,1.248544097484464,-0.28501926246997605,0.958521789017376,0.24536056532657308,0.1440107825522521,0.0,0.0,-0.9895761186026509,0.36800000000000005,0.2,-0.2751310112835145,0,0.36800000000000005,-0.2,-0.2751310112835145,0,-0.03199999999999997,0.2,-0.2751310112835145,0,-0.03199999999999997,-0.2,-0.2751310112835145,0
1.49,0.05969699002522077,1.6915592200832754,10.296769124678656,-0.0005204158743564215,-0.0015230530709665552,1.2512733710228738,-0.29704158157703475,0.9548645447466431,0.24327310508732436,0.15022558912075684,0.0,0.0,-0.9886517447379141,0.384,0.2,-0.2874666766435695,0,0.384,-0.2,-0.2874666766435695,0,-0.016000000000000014,0.2,-0.2874666766435695,0,-0.016000000000000014,-0.2,-0.2874666766435695,0
1.5,0.10847197659427413,1.5866866580114207,10.06561997428471,0.0006810575250561257,4.999002535958613e-05,1.2572146474307753,-0.30901699437494734,0.9510565162951536,0.24122147477075268,0.1564344650402307,0.0,0.0,-0.9876883405951378,0.0,0.2,-0.3,0,0.19999999999999993,-0.20000000000000004,-0.3,1,-0.19999999999999998,0.20000000000000007,-0.3,1,-0.4,-0.2,-0.3,0
1.51,-0.006087116378358264,1.4943823509203522,10.2196442314853,-0.0002874141319972389,-0.0007265336142107781,1.2543533169362737,-0.32094360980720954,0.9470983049947442,0.23920697023053944,0.16263716519488372,0.0,0.0,-0.986685944207868,0.016000000000000014,0.2,-0.28746667664356956,0,0.18490496098073975,-0.20241846102125005,-0.29798549545978675,1,-0.21003704074744534,0.20257637261361772,-0.29798549545978675,1,-0.384,-0.2,-0.28746667664356956,0
1.52,0.06482153129890109,1.528364325079614,9.944850412623838,-0.00013105872095807582,0.0018516837634839748,1.2542597124062829,-0.33281954452298657,0.9429905358928645,0.23723086387092995,0.16883344471273382,0.0,0.0,-0.985644595148998,0.032,0.2,-0.2751310112835145,0,0.16978072332465488,-0.20464704622862756,-0.29600938910017727,1,-0.22004091421132996,0.20527866766202757,-0.29600938910017727,1,-0.368,-0.2,-0.2751310112835145,0
1.53,0.06772255420291216,1.6661356835907357,10.229151187365972,-0.0011233418692384374,0.000664784099874271,1.2561145917315928,-0.34464292317451706,0.9387338576538741,0.23529440384305556,0.17502305897527604,0.0,0.0,-0.9845643345292053,0.04799999999999999,0.2,-0.2631875447315322,0,0.15462967532419616,-0.20668540370269417,-0.2940729290723029,1,-0.23001004066406555,0.2081064584215156,-0.2940729290723029,1,-0.35200000000000004,-0.2,-0.2631875447315322,0
1.54,-0.1306824616858192,1.5168880963916123,10.277005689694647,-0.00012710716044086052,0.00021383621710636998,1.252385851206448,-0.35641187871325064,0.9343289424566121,0.23339881325657486,0.1812057636271374,0.0,0.0,-0.9834452049953297,0.064,0.2,-0.25182463258982846,0,0.1394542095054799,-0.20853321156317503,-0.29217733848582217,1,-0.23994284586501907,0.21105929835114007,-0.29217733848582217,1,-0.336,-0.2,-0.25182463258982846,0
1.55,0.14136609877376707,1.6552099988851725,10.224212352382537,0.0019495643695600653,-0.0008658380213562557,1.2657681281414965,-0.368124552684678,0.9297764858882513,0.2315452894071311,0.18738131458572474,0.0,0.0,-0.9822872507286886,0.08000000000000002,0.2,-0.24122147477075268,0,0.12425672225047794,-0.2101901780197888,-0.29032381463637846,1,-0.24983776130910507,0.21413672116324556,-0.29032381463637846,1,-0.32,-0.2,-0.24122147477075268,0
1.56,0.23608848381437153,1.5471152235195949,10.382441179504065,0.00032315249863750666,0.0015988508137092868,1.250106060885151,-0.379779095521801,0.925077206834458,0.22973500302011507,0.19354946805086018,0.0,0.0,-0.9810905174433341,0.096,0.2,-0.23154528940713112,0,0.10903961341860341,-0.21165604141832345,-0.2885135282493624,1,-0.25969322447446896,0.2173382408970954,-0.2885135282493624,1,-0.30400000000000005,-0.2,-0.23154528940713112,0
1.57,0.055710339621045026,1.6287145007071024,10.485317532294953,-0.000985208320218247,0.0007647065417544671,1.2627241947021577,-0.3913736668372024,0.9202318473658704,0.2279690975112093,0.199709980514407,0.0,0.0,-0.9798550523842469,0.11200000000000002,0.2,-0.22294867572242105,0,0.09380528596774246,-0.21293057028195567,-0.2867476227404566,1,-0.26950767906922907,0.22066335199561077,-0.2867476227404566,1,-0.28800000000000003,-0.2,-0.22294867572242105,0
1.58,-0.10313686113478496,1.2891346176331078,10.317838369051241,-0.0012328047958970027,-0.00021006179191895488,1.259371473728219,-0.40290643571366275,0.9152411726209175,0.2262486882641826,0.20586260876988136,0.0,0.0,-0.9785809043254721,0.128,0.2,-0.21556720744979846,0,0.07855614557480183,-0.2140135633478033,-0.2850272134934299,1,-0.279279575277232,0.22411152938520296,-0.2850272134934299,1,-0.272,-0.2,-0.21556720744979846,0
1.59,0.011385637812961147,1.3806377363803992,10.217949182295397,-0.001546153919540097,0.0013878437261401917,1.2586365126928827,-0.41437558099328414,0.9101059706849957,0.2245748619263896,0.21200710992205474,0.0,0.0,-0.9772681235681935,0.144,0.2,-0.20951729475339803,0,0.06329460025582336,-0.2149048495987066,-0.2833533871556369,1,-0.28900737000278703,0.22768222855868975,-0.2833533871556369,1,-0.256,-0.2,-0.20951729475339803,0
1.6,0.04079876427236072,1.6093397144222275,10.420105422961509,0.000698566813489896,0.0004268282565836216,1.2512343648232342,-0.4257792915650727,0.9048270524660195,0.22294867572242105,0.2181432413965427,0.0,0.0,-0.9759167619387473,0.16000000000000003,0.2,-0.20489434837048465,0,0.048023059985730074,-0.21560428829023442,-0.28172720095166837,1,-0.29868952711433905,0.23137488566127876,-0.28172720095166837,1,-0.24,-0.2,-0.20489434837048465,0
1.61,0.040760085020133466,1.595057458240211,10.437632742767619,-0.0010305522556444805,-0.0005140215419736619,1.2590320623663651,-0.4371157666509331,0.899405251566371,0.22137115678633806,0.22427076094938136,0.0,0.0,-0.9745268727865771,0.17600000000000002,0.2,-0.20177127492713112,0,0.032743936317764025,-0.21611176897290918,-0.2801496820155854,1,-0.30832451768704083,0.23518891757960686,-0.2801496820155854,1,-0.224,-0.2,-0.20177127492713112,0
1.62,-0.10267941282636397,1.4846715055800224,10.344512846061631,-0.0008551793790960347,-0.001088575806804777,1.2561674906661007,-0.4483832160900321,0.8938414241512639,0.21984330151291234,0.23038942667659063,0.0,0.0,-0.9730985109821265,0.192,0.2,-0.2001973271571728,0,0.017459642002674247,-0.21642721150964833,-0.2786218267421597,1,-0.3179108202441883,0.23912372203382037,-0.2786218267421597,1,-0.20800000000000002,-0.2,-0.2001973271571728,0
1.6300000000000001,-0.01617428051094824,1.5217581890187175,10.375722720857723,-0.0011031374233003782,0.0006690357345224381,1.2608606486388843,-0.4595798606214878,0.8881364488135446,0.21836607492828158,0.23649899702372454,0.0,0.0,-0.971631732914674,0.20800000000000002,0.2,-0.2001973271571728,0,0.0021725906077131596,-0.21655056608841847,-0.2771446001575289,1,-0.32744692099748046,0.24317867767268228,-0.2771446001575289,1,-0.192,-0.2,-0.2001973271571728,0
1.6400000000000001,0.052288118958905616,1.6072229757131673,10.304841512262398,-0.00040416294268560477,-0.0005847553247454953,1.2518919342573818,-0.47070393216533263,0.8822912264349533,0.2169404100804187,0.24259923079540754,0.0,0.0,-0.9701265964901058,0.22400000000000003,0.2,-0.20177127492713112,0,-0.013114803864490543,-0.21648181323010174,-0.275718935309666,1,-0.3369313140860619,0.2473531441716911,-0.275718935309666,1,-0.176,-0.2,-0.20177127492713112,0
1.6500000000000001,0.04333000656922599,1.775706912933336,10.43540196096663,0.0006959768484798484,0.0006601650391589416,1.2530724416531254,-0.48175367410171543,0.8763066800438635,0.21556720744979846,0.24868988716485496,0.0,0.0,-0.9685831611286311,0.24,0.2,-0.20489434837048462,0,-0.02840012735713235,-0.21622096379157146,-0.2743457326790458,1,-0.34636250181431755,0.2516464623341942,-0.2743457326790458,1,-0.16000000000000003,-0.2,-0.20489434837048462,0
1.6600000000000001,-0.050352304047291165,1.4732080054950576,10.35310881646946,0.0008463654072944828,0.0003417407226277998,1.2543654631139733,-0.49272734154829184,0.8701837546695255,0.21424733438063473,0.2547707256833824,0.0,0.0,-0.967001487762435,0.256,0.2,-0.20951729475339803,0,-0.04368096614043974,-0.21576805896397777,-0.273025859609882,1,-0.3557389948883752,0.2560579541954841,-0.273025859609882,1,-0.14400000000000002,-0.2,-0.20951729475339803,0
1.67,-0.01234307508441692,1.6677959104765963,10.250470336190046,9.77292909690237e-05,-0.001007532564846522,1.2577505140880936,-0.5036232016357608,0.8639234171928354,0.21298162453304742,0.2608415062898968,0.0,0.0,-0.9653816388332739,0.272,0.2,-0.2155672074497985,0,-0.05895490719282701,-0.2151231702662431,-0.27176014976229473,1,-0.3650593126512824,0.26058692312985615,-0.27176014976229473,1,-0.128,-0.2,-0.2155672074497985,0
1.68,-0.08284129782415815,1.5571595981202704,10.270111273890556,0.0004942994275555308,0.0017797132324769349,1.2611847251111636,-0.5144395337815065,0.8575266561936522,0.21177087735650463,0.2669019893203757,0.0,0.0,-0.9637236782900097,0.288,0.2,-0.22294867572242105,0,-0.0742195385819424,-0.2142863995337689,-0.27054940258575194,1,-0.37432198331682043,0.2652326539606147,-0.27054940258575194,1,-0.11200000000000004,-0.2,-0.22294867572242105,0
1.69,-0.13056273973245228,1.6334074336568056,10.47478762466525,-0.00020174593846886607,0.000351816340253244,1.253227214277361,-0.5251746299612955,0.850994481794692,0.2106158575848736,0.27295193551732516,0.0,0.0,-0.9620276715860859,0.30400000000000005,0.2,-0.2315452894071311,0,-0.08947244984553483,-0.2132578789023538,-0.2693943828141209,1,-0.38352554420191437,0.2699944130730058,-0.2693943828141209,1,-0.09599999999999997,-0.2,-0.2315452894071311,0
1.7,-0.13233893971367158,1.5514679619778275,10.534794173532294,0.0014075919332696225,0.0013204555070866757,1.2554980393412596,-0.5358267949789964,0.8443279255020152,0.20951729475339803,0.27899110603922905,0.0,0.0,-0.9602936856769432,0.32000000000000006,0.2,-0.24122147477075268,0,-0.10471123237209949,-0.21203777078732847,-0.26829581998264534,1,-0.39266854195761003,0.274871448530066,-0.26829581998264534,1,-0.07999999999999996,-0.2,-0.24122147477075268,0
1.71,-0.04864751756213321,1.4731533631414873,10.305024691859732,-0.00017482928782186252,0.0008955334307005647,1.2601086782473623,-0.546394346734269,0.8375280400421418,0.20847588273790824,0.28501926246997616,0.0,0.0,-0.9585217890173758,0.336,0.2,-0.25182463258982846,0,-0.11993347978122176,-0.21062626785790814,-0.2672544079671556,1,-0.40174953279857223,0.27986299019136046,-0.2672544079671556,1,-0.064,-0.2,-0.25182463258982846,0
1.72,0.08646904802806611,1.3032487803503618,10.322218715078373,0.001182012205633004,-0.00010012966106966879,1.2517620750636707,-0.5568756164881881,0.8305958991958127,0.20749227931655417,0.29103616682827194,0.0,0.0,-0.9567120515588304,0.35200000000000004,0.2,-0.26318754473153216,0,-0.13513678830357345,-0.2090235930067681,-0.2662708045458015,1,-0.41076708273107726,0.28496824983459657,-0.2662708045458015,1,-0.04799999999999999,-0.2,-0.26318754473153216,0
1.73,-0.04819754658904285,1.4620692626194427,10.526157802766171,0.0016112301591037425,-0.0029841147959881803,1.2600336012320992,-0.5672689491267563,0.8235325976284276,0.2065671057543388,0.29704158157703486,0.0,0.0,-0.954864544746643,0.36800000000000005,0.2,-0.2751310112835145,0,-0.15031875716049622,-0.20722999931484642,-0.26534563098358616,1,-0.41971976777945597,0.29018642128009464,-0.26534563098358616,1,-0.03199999999999997,-0.2,-0.2751310112835145,0
1.74,0.016878149750352203,1.5668730711420198,10.399487479239335,-0.0016690579909297697,0.0005957023924231006,1.2530422688735037,-0.5775727034222674,0.816339250717184,0.20570094641071357,0.3030352696327738,0.0,0.0,-0.9529793415172189,0.384,0.2,-0.2874666766435695,0,-0.16547698894311333,-0.20524577001137873,-0.26447947163996094,1,-0.42860617421095654,0.29551668051809266,-0.26447947163996094,1,-0.016000000000000014,-0.2,-0.2874666766435695,0
1.75,-0.06509863371742153,1.466951522826105,10.349668383588574,-3.18142311986837e-05,-0.00018772737316432558,1.253212248109611,-0.587785252292473,0.8090169943749475,0.20489434837048465,0.3090169943749473,0.0,0.0,-0.9510565162951536,0.0,0.2,-0.3,0,0.0,-0.2,-0.3,0,-0.4,0.2,-0.3,0,-0.4,-0.2,-0.3,0
1.76,-0.1419071713366585,1.564467321675153,10.383505579883913,0.00033276493583540704,-0.0001733005712194414,1.2626319735547498,-0.5979049830575189,0.8015669848708765,0.2041478210982624,0.3149865196553049,0.0,0.0,-0.9490961449902946,0.016000000000000014,0.2,-0.28746667664356956,0,0.016000000000000014,-0.2,-0.28746667664356956,0,-0.384,0.2,-0.28746667664356956,0,-0.384,-0.2,-0.28746667664356956,0
1.77,-0.0017504978786324875,1.8679292127861298,10.268734236898968,0.0015188001137668727,0.0011684763325325634,1.2622969610088033,-0.6079302976946055,0.7939903986478353,0.20346183611667257,0.32094360980720965,0.0,0.0,-0.9470983049947442,0.032,0.2,-0.2751310112835145,0,0.032,-0.2,-0.2751310112835145,0,-0.368,0.2,-0.2751310112835145,0,-0.368,-0.2,-0.2751310112835145,0
1.78,-0.047611576802110527,1.5600596686098762,10.393714887153118,0.001366287614970667,-0.00044891892986801156,1.2510410449045413,-0.6178596130903342,0.786288432136619,0.2028368267085326,0.32688802965494246,0.0,0.0,-0.9450630751798048,0.04799999999999999,0.2,-0.2631875447315322,0,0.04799999999999999,-0.2,-0.2631875447315322,0,-0.35200000000000004,0.2,-0.2631875447315322,0,-0.35200000000000004,-0.2,-0.2631875447315322,0
1.79,-0.05231186323599122,1.5467499702369667,10.449597476624524,-0.0009370753961914553,6.350485040700109e-05,1.2556075276754286,-0.6276913612907004,0.7784623015670235,0.20227318764318064,0.3328195445229867,0.0,0.0,-0.9429905358928644,0.064,0.2,-0.25182463258982846,0,0.064,-0.2,-0.25182463258982846,0,-0.336,0.2,-0.25182463258982846,0,-0.336,-0.2,-0.25182463258982846,0
1.8,-0.20303795844374348,1.6688776665391252,10.36393584852804,-0.0035224198553367937,0.0003858987918167286,1.2512160752969184,-0.6374239897486897,0.7705132427757893,0.2017712749271311,0.3387379202452915,0.0,0.0,-0.9408807689542255,0.2,0.2,-0.3,1,0.08000000000000002,-0.2,-0.24122147477075268,0,-0.32,0.2,-0.24122147477075268,0,-0.2,-0.19999999999999998,-0.3,1
1.81,0.10458328158485414,1.6085953813470577,10.67807324561568,8.825533309784378e-05,-0.0004128214202281988,1.2549780612736507,-0.6470559615694444,0.7624425110114478,0.20133140557921317,0.34464292317451717,0.0,0.0,-0.9387338576538741,0.18993137693408105,0.19754995666027658,-0.2995601306520821,1,0.096,-0.2,-0.23154528940713112,0,-0.30400000000000005,0.2,-0.23154528940713112,0,-0.21506345670078653,-0.1973920450679088,-0.2995601306520821,1
1.82,0.16532723337690244,1.5616698651869856,10.505271887655164,0.0003474700731683164,-0.0004410116197952068,1.257879974833603,-0.6565857557529563,0.754251380736104,0.20095385743033486,0.35053432019125896,0.0,0.0,-0.9365498867481924,0.17983276150199023,0.19522662948469258,-0.29918258250320373,1,0.11200000000000002,-0.2,-0.22294867572242105,0,-0.28800000000000003,0.2,-0.22294867572242105,0,-0.2300929523886647,-0.19459500805129254,-0.29918258250320373,1
1.83,0.023074216414113335,1.7170300285122169,10.421926063741498,-0.0004545582767752007,-0.0010089427778398321,1.2519625757389377,-0.6660118674342516,0.7459411454241822,0.20063886894799915,0.35641187871325075,0.0,0.0,-0.934328942456612,0.16970574839217034,0.19303038535354167,-0.29886759402086804,1,0.128,-0.2,-0.21556720744979846,0,-0.272,0.2,-0.21556720744979846,0,-0.24508611373203915,-0.19160933063472016,-0.29886759402086804,1
1.84,-0.06419658251863404,1.5757748961123303,10.62110304836196,-0.00404107355905285,5.580283628196967e-05,1.2581852804512295,-0.6753328081210245,0.7375131173581739,0.20038663908568272,0.36227536670454574,0.0,0.0,-0.932071112458211,0.1595519367773879,0.19096157107923215,-0.2986153641585516,1,0.144,-0.2,-0.20951729475339803,0,-0.256,0.2,-0.20951729475339803,0,-0.26004057313692697,-0.18843548429126708,-0.2986153641585516,1
1.85,-0.17095471768572615,1.5730064216394375,10.233880895793355,-0.00021942477795076708,0.002342587609600505,1.258256597166119,-0.6845471059286887,0.7289686274214114,0.2001973271571728,0.3681245526846781,0.0,0.0,-0.9297764858882513,0.14937293006220356,0.18902051335152,-0.2984260522300417,1,0.16000000000000003,-0.2,-0.20489434837048465,0,-0.24,0.2,-0.20489434837048465,0,-0.2749539691208304,-0.1850739702080632,-0.2984260522300417,1
1.86,-0.028654005051510334,1.430650194399529,10.419024060861753,0.0007705695890330955,-7.567406710709871e-05,1.2580856089606822,-0.6936533058128052,0.7203090248879067,0.20007105273594106,0.3739592057378006,0.0,0.0,-0.9274451533346613,0.13917033562977643,0.18720751868592228,-0.29829977780880995,1,0.17600000000000002,-0.2,-0.20177127492713112,0,-0.224,0.2,-0.20177127492713112,0,-0.2898239466856424,-0.18152531920715015,-0.29829977780880995,1
1.87,-0.039359889292156336,1.4027571162990993,10.473111199264737,-0.00026336932011087726,0.0005411599646140229,1.2502914292258707,-0.7026499697988491,0.7115356772092855,0.20000789557961837,0.3797790955218009,0.0,0.0,-0.9250772068344582,0.12894576458804005,0.18552287337531348,-0.29823662065248724,1,0.192,-0.2,-0.2001973271571728,0,-0.20800000000000002,0.2,-0.2001973271571728,0,-0.304648157689526,-0.17779009166165854,-0.29823662065248724,1
1.8800000000000001,0.17402171138941813,1.455178873814999,10.548382207770137,-0.0004915311912541873,-0.0003776270205466186,1.25738275944605,-0.7115356772092853,0.7026499697988492,0.20000789557961837,0.3855839922773966,0.0,0.0,-0.9226727398701148,0.11870083151528812,0.18396684344471687,-0.29823662065248724,1,0.20800000000000002,-0.2,-0.2001973271571728,0,-0.192,0.2,-0.2001973271571728,0,-0.31942426121771783,-0.1738688774073172,-0.29823662065248724,1
1.8900000000000001,0.13142702303911355,1.2884808297542578,10.585796033166334,-0.000599473447770868,0.00011370040929837179,1.2604712549559336,-0.7203090248879069,0.6936533058128049,0.20007105273594106,0.39137366683720254,0.0,0.0,-0.9202318473658703,0.10843715420521634,0.18253967460929688,-0.29829977780880995,1,0.22400000000000003,-0.2,-0.20177127492713112,0,-0.176,0.2,-0.20177127492713112,0,-0.33414992395217974,-0.1697622956493137,-0.29829977780880995,1
1.9000000000000001,-0.06449862776839309,1.5012133641017873,10.27834637502745,-0.00019331099611755677,-0.0011626156537766746,1.2607115349682936,-0.7289686274214117,0.6845471059286885,0.2001973271571728,0.3971478906347808,0.0,0.0,-0.917754625683981,0.09815635341145204,0.1812415922355568,-0.2984260522300417,1,0.24,-0.2,-0.20489434837048462,0,-0.16000000000000003,0.2,-0.20489434837048462,0,-0.34882282054006086,-0.1654709948645124,-0.2984260522300417,1
1.9100000000000001,0.12394412942084072,1.5078000698620309,10.463443578063902,-0.00013816865083413857,0.0022340220085104597,1.2476658985386306,-0.737513117358174,0.6753328081210243,0.20038663908568274,0.40290643571366286,0.0,0.0,-0.9152411726209174,0.08786005259161966,0.18007280130575137,-0.29861536415855167,1,0.256,-0.2,-0.20951729475339803,0,-0.14400000000000002,0.2,-0.20951729475339803,0,-0.3634406339608962,-0.16099565269905375,-0.29861536415855167,1
1.92,0.06965824464943586,1.5827298690102822,10.367119338234758,0.0009008634525294832,-0.0004476949086986791,1.2570339434531776,-0.7459411454241821,0.6660118674342517,0.20063886894799915,0.4086490747363491,0.0,0.0,-0.9126915874035028,0.07754987765097726,0.17903348638551736,-0.29886759402086804,1,0.272,-0.2,-0.2155672074497985,0,-0.128,0.2,-0.2155672074497985,0,-0.37800105589249117,-0.15633697586134535,-0.29886759402086804,1
1.93,0.1413089804223734,1.647060298294955,10.330499429401092,-0.0007153071925240171,-0.0005272455878240624,1.2523347036506152,-0.7542513807361039,0.6565857557529564,0.20095385743033486,0.41437558099328425,0.0,0.0,-0.9101059706849957,0.06722745668566674,0.17812381159472884,-0.29918258250320373,1,0.288,-0.2,-0.22294867572242105,0,-0.11200000000000004,0.2,-0.22294867572242105,0,-0.392501787075434,-0.15149570001046486,-0.29918258250320373,1
1.94,-0.1233665415275342,1.5459863713296915,10.444731752474551,-0.00016847251947831575,-0.0012561231018647639,1.2513134957138887,-0.7624425110114477,0.6470559615694446,0.20133140557921317,0.4200857284118062,0.0,0.0,-0.907484424541117,0.05689441972562054,0.1773439205815805,-0.2995601306520821,1,0.30400000000000005,-0.2,-0.2315452894071311,0,-0.09599999999999997,0.2,-0.2315452894071311,0,-0.40694053767617194,-0.14647258963999135,-0.2995601306520821,1
1.95,-0.01507453276285187,1.5153646631066908,10.336023944007794,-0.0006279045929882451,-0.0010444111319100392,1.2542403181235398,-0.7705132427757891,0.6374239897486899,0.2017712749271311,0.42577929156507266,0.0,0.0,-0.9048270524660196,0.0465523984771582,0.17669393649990417,-0.30000000000000004,1,0.32000000000000006,-0.2,-0.24122147477075268,0,-0.07999999999999996,0.2,-0.24122147477075268,0,-0.4213150276486071,-0.14126843795728156,-0.30000000000000004,1
1.96,-0.02829340180070182,1.6171303031244606,10.516466330278579,0.00015004651893245615,-0.0006202128954462308,1.2598989307500899,-0.7784623015670233,0.6276913612907006,0.20227318764318064,0.431456045680959,0.0,0.0,-0.9021339593682028,0.03620302606532391,0.1761739619897211,-0.30050191271604954,1,0.336,-0.2,-0.25182463258982846,0,-0.064,0.2,-0.25182463258982846,0,-0.4356229870941377,-0.13588406675821485,-0.30050191271604954,1
1.97,0.10930419024258538,1.5051202880240013,10.384321774029036,0.0002366962278147706,0.0006706939201065352,1.2571241530705373,-0.7862884321366189,0.6178596130903343,0.2028368267085326,0.437115766650933,0.0,0.0,-0.899405251566371,0.025847936775995006,0.1757840791610343,-0.30106555178140154,1,0.35200000000000004,-0.2,-0.26318754473153216,0,-0.04799999999999999,0.2,-0.26318754473153216,0,-0.4498621566201043,-0.13032032629742119,-0.30106555178140154,1
1.98,0.115301196742366,1.562683469072117,10.516958821679339,0.0015839952549714105,-0.00047315510225792306,1.2540086928755778,-0.7939903986478352,0.6079302976946056,0.20346183611667257,0.4427582310389015,0.0,0.0,-0.8966410367852359,0.015488765797810736,0.17552434958086205,-0.30169056118954146,1,0.36800000000000005,-0.2,-0.2751310112835145,0,-0.03199999999999997,0.2,-0.2751310112835145,0,-0.4640302876965725,-0.12457809515401647,-0.30169056118954146,1
1.99,-0.12415392484409463,1.62502997949658,10.43167447234084,0.0002821194310274601,0.0019783140375659943,1.249529743014881,-0.8015669848708764,0.597904983057519,0.20414782109826238,0.44838321609003223,0.0,0.0,-0.8938414241512638,0.005127148963955261,0.17539481426351589,-0.3023765461711313,1,0.384,-0.2,-0.2874666766435695,0,-0.016000000000000014,0.2,-0.2874666766435695,0,-0.47812514301140413,-0.11865828009286389,-0.3023765461711313,1
2.0,0.0681535699744493,1.6716005594749757,10.507124657331335,-0.0004719168358829968,-0.0003263718023459268,1.255489248498623,-0.8090169943749473,0.5877852522924732,0.20489434837048462,0.45399049973954664,0.0,0.0,-0.8910065241883679,-0.005235277506157501,0.17539549366412413,-0.30312307344335354,1,0.0,-0.2,-0.3,0,-0.4,0.2,-0.3,0,-0.49214449682355177,-0.11256181592138659,-0.30312307344335354,1
2.0100000000000002,-0.03803968595629225,1.6043339432108872,10.382240651584016,0.0004448923112366222,0.0005528427683301212,1.254763301433963,-0.8163392507171839,0.5775727034222676,0.20570094641071354,0.4595798606214879,0.0,0.0,-0.8881364488135445,-0.01559687726526271,0.17552638767540152,-0.3039296714835824,1,0.016000000000000014,-0.2,-0.28746667664356956,0,-0.384,0.2,-0.28746667664356956,0,-0.5060861353145311,-0.10628966534194925,-0.3039296714835824,1
2.02,0.08431858780084772,1.7205722897737483,10.561765635537034,-0.0006629803094370971,-0.0001988724087957185,1.2570250951993438,-0.8235325976284275,0.5672689491267564,0.2065671057543388,0.4651510780774585,0.0,0.0,-0.8852313113324551,-0.02595601409664304,0.1757874756276662,-0.3047958308272077,1,0.032,-0.2,-0.2751310112835145,0,-0.368,0.2,-0.2751310112835145,0,-0.5199478569380075,-0.09984281879983792,-0.3047958308272077,1
2.0300000000000002,0.03350587098883578,1.6497165862626115,10.471916215566267,0.0005104104718348047,0.001594109162585141,1.2496826812948332,-0.8305958991958128,0.5568756164881878,0.20749227931655417,0.47070393216533274,0.0,0.0,-0.8822912264349532,-0.036311052172505846,0.17617871629210408,-0.30572100438942307,1,0.04799999999999999,-0.2,-0.2631875447315322,0,-0.35200000000000004,0.2,-0.2631875447315322,0,-0.5337274727674468,-0.09322229432685558,-0.30572100438942307,1
2.04,-0.04451396954936936,1.7115834409632973,10.3611086754663,0.000893897305931038,0.00027813063238860174,1.2478676239089928,-0.8375280400421417,0.5463943467342692,0.20847588273790824,0.47623820366793895,0.0,0.0,-0.8793163101905563,-0.046660356312299235,0.17670004788727867,-0.30670460781077713,1,0.064,-0.2,-0.25182463258982846,0,-0.336,0.2,-0.25182463258982846,0,-0.5474228068417702,-0.08642913738056474,-0.30670460781077713,1
2.05,-0.10322616138534924,1.5384844541415748,10.364533696511703,-0.0013192842581389362,0.0019145414729965222,1.2579037266121977,-0.8443279255020149,0.535826794978997,0.20951729475339798,0.48175367410171516,0.0,0.0,-0.8763066800438637,0.08000000000000002,0.2,-0.24122147477075268,0,0.08000000000000002,-0.2,-0.24122147477075268,0,-0.32,0.2,-0.24122147477075268,0,-0.32,-0.2,-0.24122147477075268,0
2.06,0.008498972507048804,1.4891768469782498,10.548428244871323,0.002472321428646778,-0.0004488276856744685,1.2623473218584258,-0.850994481794692,0.5251746299612956,0.2106158575848736,0.48725012572533244,0.0,0.0,-0.87326245480992,0.096,0.2,-0.23154528940713112,0,0.096,-0.2,-0.23154528940713112,0,-0.30400000000000005,0.2,-0.23154528940713112,0,-0.30400000000000005,-0.2,-0.23154528940713112,0
2.07,-0.1020805054575013,1.4936940366452824,10.367274464387789,0.0003279584389165737,0.0007226315364129112,1.2590940385761933,-0.8575266561936521,0.5144395337815066,0.21177087735650463,0.49272734154829156,0.0,0.0,-0.8701837546695257,0.11200000000000002,0.2,-0.22294867572242105,0,0.11200000000000002,-0.2,-0.22294867572242105,0,-0.28800000000000003,0.2,-0.22294867572242105,0,-0.28800000000000003,-0.2,-0.22294867572242105,0
2.08,-0.07097334144054623,1.6213094603010327,10.200815834797062,-0.00024864138908595754,0.0005961342525270768,1.2603467002479452,-0.8639234171928353,0.5036232016357609,0.21298162453304742,0.49818510533949084,0.0,0.0,-0.86707070116449,0.128,0.2,-0.21556720744979846,0,0.128,-0.2,-0.21556720744979846,0,-0.272,0.2,-0.21556720744979846,0,-0.272,-0.2,-0.21556720744979846,0
2.09,-0.05471231310302918,1.7094145764221884,10.258421744894418,-0.000585230493627402,0.00022503110644024068,1.2552063489457919,-0.8701837546695255,0.492727341548292,0.2142473343806347,0.5036232016357607,0.0,0.0,-0.8639234171928354,0.144,0.2,-0.20951729475339803,0,0.144,-0.2,-0.20951729475339803,0,-0.256,0.2,-0.20951729475339803,0,-0.256,-0.2,-0.20951729475339803,0
2.1,0.045388220383930096,1.6190819964158645,10.373718003003221,0.0022210683423339295,-0.0015022086204466276,1.2630879575180134,-0.8763066800438636,0.4817536741017152,0.2155672074497985,0.5090414157503714,0.0,0.0,-0.8607420270039435,0.16000000000000003,0.2,-0.20489434837048465,0,0.2,-0.2,-0.3,1,-0.2,0.2,-0.3,1,-0.24,-0.2,-0.20489434837048465,0
2.11,-0.014806256093349233,1.7023929596070877,10.24878720983517,0.00085257035147253,-0.0004966108401586628,1.2585736277740114,-0.8822912264349532,0.4707039321653328,0.2169404100804187,0.5144395337815064,0.0,0.0,-0.8575266561936523,0.17600000000000002,0.2,-0.20177127492713112,0,0.18490496098074052,-0.20241846102124977,-0.3013732026306202,1,-0.21003704074744511,0.2025763726136176,-0.3013732026306202,1,-0.224,-0.2,-0.20177127492713112,0
2.12,-0.06478717115689557,1.6170858507230508,10.383086377006242,0.0012427749231179311,0.0005493463208920128,1.2510974363733967,-0.8881364488135445,0.459579860621488,0.21836607492828158,0.5198173426207094,0.0,0.0,-0.8542774316992952,0.192,0.2,-0.2001973271571728,0,0.16978072332465527,-0.20464704622862737,-0.30279886747848306,1,-0.22004091421132987,0.2052786676620275,-0.30279886747848306,1,-0.20800000000000002,-0.2,-0.2001973271571728,0
2.13,-0.07785612573388251,1.676561206636672,10.344099572534933,0.0007705613294687558,0.0009318369055314759,1.2601067143564901,-0.8938414241512638,0.4483832160900323,0.21984330151291231,0.5251746299612956,0.0,0.0,-0.850994481794692,0.20800000000000002,0.2,-0.2001973271571728,0,0.1546296753241966,-0.2066854037026939,-0.30427609406311384,1,-0.23001004066406552,0.20810645842151546,-0.30427609406311384,1,-0.192,-0.2,-0.2001973271571728,0
2.14,-0.22049658039753933,1.4288312306298951,10.394879501851124,0.00030533242154614566,0.0018170907087847951,1.2610561008420957,-0.8994052515663711,0.4371157666509329,0.22137115678633812,0.5305111843067342,0.0,0.0,-0.8476779360850831,0.22400000000000003,0.2,-0.20177127492713112,0,0.13945420950548004,-0.20853321156317484,-0.30580394933653965,1,-0.23994284586501913,0.21105929835113996,-0.30580394933653965,1,-0.176,-0.2,-0.20177127492713112,0
2.15,-0.17288129207983688,1.631895993611884,10.250356144959568,0.0008272940049926228,0.00027874163595631343,1.2519555636192292,-0.9048270524660194,0.4257792915650729,0.22294867572242102,0.5358267949789965,0.0,0.0,-0.8443279255020151,0.24,0.2,-0.20489434837048462,0,0.12425672225047868,-0.21019017801978848,-0.3073814682726225,1,-0.24983776130910473,0.21413672116324528,-0.3073814682726225,1,-0.16000000000000003,-0.2,-0.20489434837048462,0
2.16,-0.09094044203430945,1.7987521090345542,10.23883206074637,0.0012892598655622268,0.0006752038245556575,1.2585515457431378,-0.9101059706849958,0.41437558099328387,0.22457486192638965,0.5411212521268759,0.0,0.0,-0.840944582298169,0.256,0.2,-0.20951729475339803,0,0.10903961341860333,-0.21165604141832325,-0.3090076544765912,1,-0.25969322447446924,0.21733824089709539,-0.3090076544765912,1,-0.14400000000000002,-0.2,-0.20951729475339803,0
2.17,0.09438440014508548,1.4618450124299236,10.128659993399303,0.0002854574944382602,0.0008106447339839537,1.2555915583312498,-0.9152411726209175,0.40290643571366275,0.2262486882641826,0.546394346734269,0.0,0.0,-0.8375280400421418,0.272,0.2,-0.2155672074497985,0,0.09380528596774294,-0.21293057028195553,-0.31068148081438407,1,-0.269507679069229,0.2206633519956106,-0.31068148081438407,1,-0.128,-0.2,-0.2155672074497985,0
2.18,0.13718177492462433,1.6396559208540913,10.234860112465558,0.00025465919914089417,0.0006881637643478117,1.2582797523201423,-0.9202318473658704,0.39137366683720237,0.2279690975112093,0.5516458706284303,0.0,0.0,-0.8340784336131711,0.288,0.2,-0.22294867572242105,0,0.0785561455748022,-0.21401356334780308,-0.31240189006141084,1,-0.279279575277232,0.2241115293852029,-0.31240189006141084,1,-0.11200000000000004,-0.2,-0.22294867572242105,0
2.19,0.12931199603846627,1.3440702924304837,10.273078572890235,0.0013335744121549544,0.0011985329629896886,1.257681326035524,-0.9250772068344579,0.3797790955218014,0.22973500302011501,0.5568756164881878,0.0,0.0,-0.8305958991958128,0.30400000000000005,0.2,-0.2315452894071311,0,0.0632946002558242,-0.21490484959870634,-0.3141677955703165,1,-0.28900737000278687,0.2276822285586895,-0.3141677955703165,1,-0.09599999999999997,-0.2,-0.2315452894071311,0
2.2,-0.01936592470058821,1.7293054411805158,10.054354642808327,-4.2892429962056175e-05,-0.0013504209261230083,1.2610934004138399,-0.9297764858882515,0.36812455268467775,0.23154528940713115,0.5620833778521307,0.0,0.0,-0.8270805742745617,0.32000000000000006,0.2,-0.24122147477075268,0,0.04802305998573033,-0.2156042882902342,-0.3159780819573327,1,-0.2986895271143391,0.23137488566127862,-0.3159780819573327,1,-0.07999999999999996,-0.2,-0.24122147477075268,0
2.21,-0.14628765900817214,1.6864344895204788,10.225833644241582,-0.00029246649878037726,0.00010800749843241254,1.2593341316084663,-0.934328942456612,0.3564118787132508,0.2333988132565748,0.5672689491267564,0.0,0.0,-0.8235325976284275,0.336,0.2,-0.25182463258982846,0,0.03274393631776484,-0.21611176897290899,-0.3178316058067763,1,-0.3083245176870406,0.23518891757960653,-0.3178316058067763,1,-0.064,-0.2,-0.25182463258982846,0
2.22,0.07222467371060676,1.4474113354222058,10.183257128204335,0.0006841016631786279,-0.001478545138033969,1.254958919502809,-0.9387338576538741,0.34464292317451706,0.23529440384305556,0.5724321255945909,0.0,0.0,-0.8199521093254524,0.35200000000000004,0.2,-0.26318754473153216,0,0.01745964200267447,-0.2164272115096482,-0.3197271963932571,1,-0.3179108202441885,0.2391237220338202,-0.3197271963932571,1,-0.04799999999999999,-0.2,-0.26318754473153216,0
2.23,-0.0576118647223134,1.5638568608006025,10.16776952944889,0.0009249890956688523,0.0021123412219048944,1.2541416198377995,-0.9429905358928644,0.33281954452298695,0.2372308638709299,0.5775727034222674,0.0,0.0,-0.816339250717184,0.36800000000000005,0.2,-0.2751310112835145,0,0.002172590607713812,-0.21655056608841836,-0.3216636564211314,1,-0.32744692099748035,0.24317867767268225,-0.3216636564211314,1,-0.03199999999999997,-0.2,-0.2751310112835145,0
2.24,0.014357101881610128,1.8041413144625498,10.032445111892555,-0.00020930445720160616,-0.0007588480234906815,1.2592737491724706,-0.9470983049947443,0.32094360980720926,0.2392069702305395,0.5826904796685761,0.0,0.0,-0.812694164433094,0.384,0.2,-0.2874666766435695,0,-0.013114803864490307,-0.21648181323010163,-0.323639762780741,1,-0.33693131408606214,0.2473531441716909,-0.323639762780741,1,-0.016000000000000014,-0.2,-0.2874666766435695,0
2.25,0.06968996195706369,1.7098455241163786,10.14208983174163,-0.0015686139478933024,1.3351989990338647e-05,1.2584758249684325,-0.9510565162951535,0.3090169943749475,0.24122147477075265,0.587785252292473,0.0,0.0,-0.8090169943749475,0.0,0.2,-0.3,0,-0.028400127357131565,-0.21622096379157135,-0.3256542673209542,1,-0.3463625018143175,0.2516464623341939,-0.3256542673209542,1,-0.4,-0.2,-0.3,0
2.2600000000000002,-0.15313076709788012,1.7658703457273037,10.270436731083642,-0.0004947774434325872,-4.968060945350409e-06,1.2548655452063633,-0.954864544746643,0.2970415815770349,0.24327310508732433,0.5928568201610592,0.0,0.0,-0.805307885711122,0.016000000000000014,0.2,-0.28746667664356956,0,-0.043680966140438884,-0.2157680589639776,-0.32770589763752583,1,-0.355738994888375,0.25605795419548383,-0.32770589763752583,1,-0.384,-0.2,-0.28746667664356956,0
2.27,0.09509208783095043,1.6176954446892324,10.070019409141793,0.0014452462817899324,-0.0009062116335527571,1.249998177021827,-0.958521789017376,0.28501926246997605,0.2453605653265731,0.5979049830575189,0.0,0.0,-0.8015669848708765,0.032,0.2,-0.2751310112835145,0,-0.05895490719282688,-0.21512317026624297,-0.3297933578767746,1,-0.36505931265128244,0.26058692312985626,-0.3297933578767746,1,-0.368,-0.2,-0.2751310112835145,0
2.2800000000000002,0.014694526991806612,1.6685914898486318,10.152561612686888,-0.0004728284251822651,0.00033689174272695977,1.2584324328678755,-0.9620276715860859,0.27295193551732505,0.24748253700387046,0.6029295416890248,0.0,0.0,-0.797794439538571,0.04799999999999999,0.2,-0.2631875447315322,0,-0.07421953858194211,-0.21428639953376877,-0.331915329554072,1,-0.37432198331682054,0.26523265396061463,-0.331915329554072,1,-0.35200000000000004,-0.2,-0.2631875447315322,0
2.29,-0.10762242182750577,1.554701152560012,10.244177267839211,0.0013335485080316954,9.853219473418154e-05,1.2494903672102222,-0.9653816388332739,0.26084150628989705,0.24963767983642388,0.6079302976946053,0.0,0.0,-0.7939903986478354,0.064,0.2,-0.25182463258982846,0,-0.08947244984553457,-0.21325787890235365,-0.3340704723866254,1,-0.3835255442019146,0.2699944130730058,-0.3340704723866254,1,-0.336,-0.2,-0.25182463258982846,0
2.3000000000000003,-0.2365911086710428,1.7783524461467497,10.0706428875652,-0.0007480521740226869,0.0009820408075491304,1.2484700241179494,-0.9685831611286312,0.24868988716485438,0.2518246325898285,0.6129070536529766,0.0,0.0,-0.7901550123756903,0.08000000000000002,0.2,-0.24122147477075268,0,-0.10471123237209984,-0.21203777078732827,-0.33625742514003,1,-0.39266854195761036,0.2748714485300661,-0.33625742514003,1,-0.32,-0.2,-0.24122147477075268,0
2.31,-0.0025634290940439904,1.7270970265761405,10.03065960840405,-0.00037362325021643406,0.0013062399886269217,1.2557275853560497,-0.971631732914674,0.2364989970237246,0.2540420139378512,0.6178596130903343,0.0,0.0,-0.7862884321366189,0.096,0.2,-0.23154528940713112,0,-0.11993347978122149,-0.210626267857908,-0.3384748064880527,1,-0.4017495327985725,0.2798629901913603,-0.3384748064880527,1,-0.30400000000000005,-0.2,-0.23154528940713112,0
2.32,0.02501078315797094,1.6354267975634142,10.004765257988176,0.00039575550600488965,-0.0004804154374476669,1.2614030891297459,-0.9745268727865771,0.22427076094938145,0.25628842333490665,0.6227877804881123,0.0,0.0,-0.7823908105765882,0.11200000000000002,0.2,-0.22294867572242105,0,-0.13513678830357262,-0.20902359300676807,-0.3407212158851082,1,-0.4107670827310772,0.2849682498345962,-0.3407212158851082,1,-0.28800000000000003,-0.2,-0.22294867572242105,0
2.33,-0.006003057640988119,1.6102384387376047,10.028743397370054,0.0012577375453197391,-0.0010456382792549388,1.2598667423335783,-0.9772681235681935,0.2120071099220548,0.25856244190067157,0.6276913612907004,0.0,0.0,-0.7784623015670235,0.128,0.2,-0.21556720744979846,0,-0.15031875716049592,-0.20722999931484626,-0.34299523445087315,1,-0.4197197677794561,0.29018642128009453,-0.34299523445087315,1,-0.272,-0.2,-0.21556720744979846,0
2.34,-0.05985255746827494,1.726411096816089,10.047111105090579,0.0004073401507522899,0.0011250238791622198,1.254530972582018,-0.9798550523842467,0.1997099805144075,0.2608626333162797,0.6325701619131242,0.0,0.0,-0.7745030601987339,0.144,0.2,-0.20951729475339803,0,-0.1654769889431126,-0.20524577001137864,-0.34529542586648126,1,-0.4286061742109563,0.29551668051809243,-0.34529542586648126,1,-0.256,-0.2,-0.20951729475339803,0
2.35,-0.001761923436297514,1.7356549634633367,10.032198221910875,-0.0005444821327829338,-0.00017928297647107632,1.26035629172118,-0.9822872507286887,0.18738131458572457,0.2631875447315322,0.6374239897486897,0.0,0.0,-0.7705132427757893,0.16000000000000003,0.2,-0.20489434837048465,0,0.16000000000000003,-0.2,-0.20489434837048465,0,-0.24,0.2,-0.20489434837048465,0,-0.24,-0.2,-0.20489434837048465,0
2.36,-0.13130281095215407,1.4998439680421403,9.93315387520803,-0.00030895224612578407,-0.0009624496195162223,1.2614513641434517,-0.9845643345292053,0.1750230589752763,0.26553570768254825,0.6422526531765843,0.0,0.0,-0.76649300680935,0.17600000000000002,0.2,-0.20177127492713112,0,0.17600000000000002,-0.2,-0.20177127492713112,0,-0.224,0.2,-0.20177127492713112,0,-0.224,-0.2,-0.20177127492713112,0
2.37,-0.18591745110985858,1.7062433536822683,10.024184965520053,-4.841437757923765e-05,0.0015957186597228975,1.2512614671362943,-0.986685944207868,0.16263716519488378,0.267905639019279,0.6470559615694442,0.0,0.0,-0.7624425110114479,0.192,0.2,-0.2001973271571728,0,0.192,-0.2,-0.2001973271571728,0,-0.20800000000000002,0.2,-0.2001973271571728,0,-0.20800000000000002,-0.2,-0.2001973271571728,0
2.38,-0.011873081985796098,1.5906463672231985,10.106734188371,-0.0008914526955922568,-0.0020189923917282326,1.2486400206875512,-0.988651744737914,0.15022558912075712,0.2702958418422965,0.6518337253008787,0.0,0.0,-0.7583619152887219,0.20800000000000002,0.2,-0.2001973271571728,0,0.20800000000000002,-0.2,-0.2001973271571728,0,-0.192,0.2,-0.2001973271571728,0,-0.192,-0.2,-0.2001973271571728,0
2.39,-0.025774973678766216,1.5384886602969505,10.107733281712413,-0.0009887152460706958,0.0015289307006032486,1.2531745956650902,-0.9904614256966512,0.13779029068463802,0.27270480644826744,0.6565857557529564,0.0,0.0,-0.7542513807361038,0.22400000000000003,0.2,-0.20177127492713112,0,0.22400000000000003,-0.2,-0.20177127492713112,0,-0.176,0.2,-0.20177127492713112,0,-0.176,-0.2,-0.20177127492713112,0
2.4,-0.09501148649528042,1.3013602838470322,9.89685683861832,-0.0008454944318051936,-0.0010246752645464592,1.2533680164292367,-0.9921147013144778,0.12533323356430454,0.27513101128351447,0.6613118653236517,0.0,0.0,-0.7501110696304597,0.2,0.19999999999999996,-0.3,1,0.24,-0.2,-0.20489434837048462,0,-0.16000000000000003,0.2,-0.20489434837048462,0,-0.2,-0.19999999999999996,-0.3,1
2.41,-0.10890022466386048,1.5097716865917292,10.008177669045837,0.00032470265900196303,3.762841008204652e-05,1.2562891872954491,-0.9936113105200084,0.11285638487348143,0.27757292390506194,0.6660118674342517,0.0,0.0,-0.7459411454241821,0.1899313769340807,0.19754995666027642,-0.30244191262154746,1,0.256,-0.2,-0.20951729475339803,0,-0.14400000000000002,0.2,-0.20951729475339803,0,-0.215063456700787,-0.19739204506790867,-0.30244191262154746,1
2.42,-0.09561729088342272,1.6750230648013238,10.01577473815545,0.0021634765555420894,0.0008272772829912434,1.2556943235308564,-0.9949510169813002,0.10036171485121498,0.2800290019485593,0.67068557653672,0.0,0.0,-0.7417417727387392,0.17983276150198993,0.19522662948469252,-0.30489799066504486,1,0.272,-0.2,-0.2155672074497985,0,-0.128,0.2,-0.2155672074497985,0,-0.2300929523886653,-0.19459500805129235,-0.30489799066504486,1
2.43,-0.13037977608326123,1.5985626012275624,9.802798567664764,0.0014374511604047582,0.0009134136300194094,1.2638028776443702,-0.9961336091431725,0.08785119655074315,0.2824976941024724,0.6753328081210245,0.0,0.0,-0.7375131173581739,0.16970574839217,0.19303038535354167,-0.30736668281895796,1,0.288,-0.2,-0.22294867572242105,0,-0.11200000000000004,0.2,-0.22294867572242105,0,-0.24508611373203978,-0.19160933063472002,-0.30736668281895796,1
2.44,-0.026308837939237457,1.3966800377675963,9.924949633620866,0.00048127105279482805,0.0005746916732434552,1.2505878142367843,-0.9971589002606139,0.07532680552793304,0.2849774410879242,0.6799533787224191,0.0,0.0,-0.7332553462225602,0.1595519367773879,0.1909615710792321,-0.3098464298044098,1,0.30400000000000005,-0.2,-0.2315452894071311,0,-0.09599999999999997,0.2,-0.2315452894071311,0,-0.260040573136927,-0.188435484291267,-0.3098464298044098,1
2.45,0.04056777088954037,1.5661541359157711,9.775008778500151,-0.0011284096647135998,-0.001491795863475227,1.2567442473158443,-0.9980267284282716,0.06279051952931314,0.2874666766435696,0.6845471059286887,0.0,0.0,-0.7289686274214114,0.14937293006220326,0.18902051335151998,-0.3123356653600552,1,0.32000000000000006,-0.2,-0.24122147477075268,0,-0.07999999999999996,0.2,-0.24122147477075268,0,-0.27495396912083114,-0.18507397020806304,-0.3123356653600552,1
2.46,-0.10855880213242762,1.6911596167859675,9.812014044846542,0.00036265252063569925,-0.0006707862547193519,1.2535323589909666,-0.9987369566060175,0.05024431817976966,0.28996382851487845,0.6891138083873484,0.0,0.0,-0.7246531301870467,0.1391703356297765,0.18720751868592225,-0.314832817231364,1,0.336,-0.2,-0.25182463258982846,0,-0.064,0.2,-0.25182463258982846,0,-0.2898239466856423,-0.1815253192071501,-0.314832817231364,1
2.47,0.0724122596046172,1.4155435184226859,9.770898203384634,0.00043825533712428197,0.002174420764644408,1.253436965420047,-0.9992894726405892,0.037690182669934534,0.2924673194472067,0.6936533058128049,0.0,0.0,-0.7203090248879069,0.12894576458803972,0.18552287337531326,-0.31733630816369224,1,0.35200000000000004,-0.2,-0.26318754473153216,0,-0.04799999999999999,0.2,-0.26318754473153216,0,-0.30464815768952663,-0.17779009166165818,-0.31733630816369224,1
2.48,0.005281027504096204,1.5454282207607326,9.731651796820119,-0.0011551176061269104,-8.940106765546392e-05,1.2563123937892922,-0.9996841892832999,0.025130095443337813,0.294975568182023,0.6981654189934725,0.0,0.0,-0.7159364830218313,0.11870083151528815,0.18396684344471684,-0.3198445568985085,1,0.36800000000000005,-0.2,-0.2751310112835145,0,-0.03199999999999997,0.2,-0.2751310112835145,0,-0.3194242612177178,-0.17386887740731718,-0.3198445568985085,1
2.49,0.04357402466185858,1.5948123245389203,10.07059147136186,0.0002461702585967689,-0.0014712606723200964,1.2506321624820806,-0.9999210442038161,0.012566039883352392,0.2974869904556663,0.7026499697988493,0.0,0.0,-0.7115356772092852,0.10843715420521595,0.1825396746092968,-0.3223559791721518,1,0.384,-0.2,-0.2874666766435695,0,-0.016000000000000014,0.2,-0.2874666766435695,0,-0.3341499239521803,-0.16976229564931344,-0.3223559791721518,1
2.5,-0.0606195092377316,1.5853362728262932,9.74594389368937,-0.00019343918638808439,0.001426608895207647,1.2594965289673177,-1.0,1.2246467991473532e-16,0.3,0.7071067811865475,0.0,0.0,-0.7071067811865476,0.09815635341145204,0.18124159223555683,-0.3248689887164855,1,0.0,-0.2,-0.3,0,-0.4,0.2,-0.3,0,-0.34882282054006086,-0.16547099486451242,-0.3248689887164855,1
2.5100000000000002,-0.13690716609938164,1.43553603477084,9.869724036496445,-0.0005423743720887043,-0.0002394879647310993,1.254583697980444,-0.9999210442038161,-0.012566039883352592,0.30251300954433374,0.7115356772092853,0.0,0.0,-0.7026499697988492,0.08786005259161961,0.18007280130575132,-0.32738199826081926,1,0.016000000000000014,-0.2,-0.28746667664356956,0,-0.384,0.2,-0.28746667664356956,0,-0.36344063396089626,-0.1609956526990536,-0.32738199826081926,1
2.52,0.10338121075239685,1.4416651937382972,9.770994006168625,0.0007210425561402415,-0.0002536112865038351,1.262848178726683,-0.9996841892832999,-0.02513009544333757,0.30502443181797695,0.7159364830218312,0.0,0.0,-0.6981654189934726,0.07754987765097687,0.17903348638551725,-0.32989342053446247,1,0.032,-0.2,-0.2751310112835145,0,-0.368,0.2,-0.2751310112835145,0,-0.37800105589249167,-0.15633697586134515,-0.32989342053446247,1
2.5300000000000002,-0.09230865017761408,1.5344233663206095,9.842488277740022,0.00017394710069771588,-0.0010155517099601158,1.2647433525528644,-0.9992894726405892,-0.037690182669934735,0.3075326805527933,0.7203090248879069,0.0,0.0,-0.6936533058128049,0.06722745668566633,0.17812381159472868,-0.33240166926927883,1,0.04799999999999999,-0.2,-0.2631875447315322,0,-0.35200000000000004,0.2,-0.2631875447315322,0,-0.39250178707543454,-0.1514957000104647,-0.33240166926927883,1
2.54,0.13467975360832485,1.6400764974284572,9.823779906056041,-0.0012156754239346461,-0.0001630340226662773,1.2563308903287727,-0.9987369566060175,-0.05024431817976942,0.31003617148512147,0.7246531301870466,0.0,0.0,-0.6891138083873485,0.056894419725620135,0.17734392058158038,-0.334905160201607,1,0.064,-0.2,-0.25182463258982846,0,-0.336,0.2,-0.25182463258982846,0,-0.40694053767617255,-0.1464725896399911,-0.334905160201607,1
2.5500000000000003,0.11473418846655048,1.7070926492873453,9.741416239563014,0.00010838324703166853,-0.0016043612516571256,1.2518225239269487,-0.9980267284282716,-0.06279051952931378,0.31253332335643047,0.7289686274214117,0.0,0.0,-0.6845471059286885,0.046552398477157475,0.17669393649990406,-0.337402312072916,1,0.08000000000000002,-0.2,-0.24122147477075268,0,-0.32,0.2,-0.24122147477075268,0,-0.42131502764860806,-0.14126843795728108,-0.337402312072916,1
2.56,0.05033812677570183,1.5639188773876895,9.604923691513163,0.0016690078291946631,-0.00010867639642520409,1.2539746882246572,-0.9971589002606139,-0.07532680552793279,0.3150225589120757,0.7332553462225601,0.0,0.0,-0.6799533787224192,0.03620302606532348,0.17617396198972107,-0.3398915476285612,1,0.096,-0.2,-0.23154528940713112,0,-0.30400000000000005,0.2,-0.23154528940713112,0,-0.43562298709413827,-0.13588406675821457,-0.3398915476285612,1
2.57,-0.011173710470223407,1.5359913176999802,9.775382129695902,0.00042868669131033575,0.0016328029216733863,1.253017005380174,-0.9961336091431725,-0.0878511965507429,0.31750230589752754,0.7375131173581738,0.0,0.0,-0.6753328081210246,0.025847936775994985,0.17578407916103428,-0.34237129461401306,1,0.11200000000000002,-0.2,-0.22294867572242105,0,-0.28800000000000003,0.2,-0.22294867572242105,0,-0.44986215662010437,-0.13032032629742113,-0.34237129461401306,1
2.58,0.10279984666020792,1.5220942197258818,9.814296824533223,0.0007788637386477385,-0.0004891320794102721,1.2564158001091432,-0.9949510169813002,-0.10036171485121473,0.31997099805144064,0.7417417727387391,0.0,0.0,-0.6706855765367201,0.015488765797810382,0.17552434958086197,-0.34483998676792615,1,0.128,-0.2,-0.21556720744979846,0,-0.272,0.2,-0.21556720744979846,0,-0.46403028769657295,-0.12457809515401619,-0.34483998676792615,1
2.59,0.16272084404812992,1.3494641146603903,9.713007000323643,-0.0001394486784171451,-0.0006955128601877404,1.2522015535039268,-0.9936113105200085,-0.1128563848734812,0.32242707609493804,0.745941145424182,0.0,0.0,-0.6660118674342518,0.005127148963955237,0.1753948142635159,-0.34729606481142355,1,0.144,-0.2,-0.20951729475339803,0,-0.256,0.2,-0.20951729475339803,0,-0.47812514301140424,-0.11865828009286372,-0.34729606481142355,1
2.6,0.18418419500656114,1.374882713906659,9.709552992867183,-0.0018924949038986037,2.1700577093526255e-05,1.2583907197707604,-0.9921147013144779,-0.12533323356430429,0.3248689887164855,0.7501110696304596,0.0,0.0,-0.6613118653236518,-0.005235277506157834,0.17539549366412416,-0.349737977432971,1,0.16000000000000003,-0.2,-0.20489434837048465,0,-0.24,0.2,-0.20489434837048465,0,-0.49214449682355244,-0.11256181592138598,-0.349737977432971,1
2.61,-0.03384119788552966,1.7219446409407055,9.601099094225239,0.0012425111910730005,0.000887187992428274,1.243848844397692,-0.9904614256966513,-0.13779029068463777,0.3272951935517325,0.7542513807361036,0.0,0.0,-0.6565857557529565,-0.015596877265262748,0.1755263876754015,-0.35216418226821805,1,0.17600000000000002,-0.2,-0.20177127492713112,0,-0.224,0.2,-0.20177127492713112,0,-0.5060861353145312,-0.10628966534194914,-0.35216418226821805,1
2.62,0.033128680091231155,1.590923295323642,9.875717673943475,-3.155292008125512e-05,0.0003419696990819823,1.2558216275028005,-0.9886517447379141,-0.15022558912075687,0.32970415815770343,0.7583619152887218,0.0,0.0,-0.6518337253008788,-0.025956014096643054,0.1757874756276662,-0.35457314687418895,1,0.192,-0.2,-0.2001973271571728,0,-0.20800000000000002,0.2,-0.2001973271571728,0,-0.5199478569380075,-0.09984281879983777,-0.35457314687418895,1
2.63,-0.04118490880673804,1.6983878606008926,9.539793821782386,0.0005031935172684961,0.00023947123825035813,1.2573073035954836,-0.986685944207868,-0.16263716519488353,0.3320943609807209,0.7624425110114478,0.0,0.0,-0.6470559615694443,-0.03631105217250592,0.176178716292104,-0.3569633496972065,1,0.20800000000000002,-0.2,-0.2001973271571728,0,-0.192,0.2,-0.2001973271571728,0,-0.5337274727674468,-0.09322229432685569,-0.3569633496972065,1
2.64,0.11950041249863529,1.7090700228661326,9.626128128740108,0.0005765231330734712,0.0014996577461322555,1.2526873063637507,-0.9845643345292053,-0.1750230589752761,0.3344642923174517,0.7664930068093498,0.0,0.0,-0.6422526531765844,-0.04666035631229962,0.17670004788727858,-0.3593332810339372,1,0.22400000000000003,-0.2,-0.20177127492713112,0,-0.176,0.2,-0.20177127492713112,0,-0.5474228068417709,-0.08642913738056436,-0.3593332810339372,1
2.65,-0.03582594636020862,1.5699401410698728,9.70030217812852,0.00023148392810777417,0.0010037028754434347,1.2598395850263506,-0.9822872507286887,-0.18738131458572432,0.3368124552684677,0.7705132427757891,0.0,0.0,-0.6374239897486899,0.24,0.2,-0.20489434837048462,0,0.24,-0.2,-0.20489434837048462,0,-0.16000000000000003,0.2,-0.20489434837048462,0,-0.16000000000000003,-0.2,-0.20489434837048462,0
2.66,0.14931897114285242,1.6145601555039242,9.61675916512727,0.001636324129945022,0.0008058330582700784,1.2568108982863162,-0.9798550523842469,-0.19970998051440725,0.3391373666837203,0.7745030601987339,0.0,0.0,-0.6325701619131244,0.256,0.2,-0.20951729475339803,0,0.256,-0.2,-0.20951729475339803,0,-0.14400000000000002,0.2,-0.20951729475339803,0,-0.14400000000000002,-0.2,-0.20951729475339803,0
2.67,-0.060492956102579314,1.7231797951462386,9.473785784067125,0.00153880051103691,0.00045492432482425034,1.2562730188528115,-0.9772681235681935,-0.21200710992205454,0.3414375580993284,0.7784623015670233,0.0,0.0,-0.6276913612907006,0.272,0.2,-0.2155672074497985,0,0.272,-0.2,-0.2155672074497985,0,-0.128,0.2,-0.2155672074497985,0,-0.128,-0.2,-0.2155672074497985,0
2.68,0.0465517920212936,1.6692402723188473,9.48429890669906,0.00034473076129880504,0.0010134237954842018,1.2617507134171881,-0.9745268727865771,-0.2242707609493812,0.3437115766650933,0.7823908105765881,0.0,0.0,-0.6227877804881126,0.288,0.2,-0.22294867572242105,0,0.288,-0.2,-0.22294867572242105,0,-0.11200000000000004,0.2,-0.22294867572242105,0,-0.11200000000000004,-0.2,-0.22294867572242105,0
2.69,0.0916585427940192,1.6987183161877812,9.39086165731599,0.0018212623121828067,-7.745094981867537e-05,1.265958222993183,-0.971631732914674,-0.23649899702372437,0.3459579860621487,0.7862884321366188,0.0,0.0,-0.6178596130903344,0.30400000000000005,0.2,-0.2315452894071311,0,0.30400000000000005,-0.2,-0.2315452894071311,0,-0.09599999999999997,0.2,-0.2315452894071311,0,-0.09599999999999997,-0.2,-0.2315452894071311,0
2.7,-0.04826480367033596,1.5231406827956093,9.554536974489173,9.464604805956951e-05,-0.0017372194103919814,1.2573087107105552,-0.9685831611286311,-0.24868988716485502,0.3481753674101716,0.7901550123756904,0.0,0.0,-0.6129070536529764,0.32000000000000006,0.2,-0.24122147477075268,0,0.20000000000000012,-0.20000000000000015,-0.3000000000000001,1,-0.2000000000000001,0.20000000000000012,-0.3000000000000001,1,-0.07999999999999996,-0.2,-0.24122147477075268,0
2.71,0.1340489236970363,1.5879640891721993,9.463300050685305,-8.754408161528665e-05,0.0005491138408136525,1.2563133675837668,-0.9653816388332739,-0.26084150628989683,0.35036232016357605,0.7939903986478353,0.0,0.0,-0.6079302976946055,0.336,0.2,-0.25182463258982846,0,0.1849049609807406,-0.20241846102124994,-0.3021869527534045,1,-0.21003704074744511,0.20257637261361755,-0.3021869527534045,1,-0.064,-0.2,-0.25182463258982846,0
2.72,-0.037972764518043836,1.6060190200010176,9.60939188878719,-0.00019637268015521494,0.00026835366914738446,1.2641900371057024,-0.9620276715860859,-0.2729519355173252,0.35251746299612957,0.797794439538571,0.0,0.0,-0.6029295416890247,0.35200000000000004,0.2,-0.26318754473153216,0,0.16978072332465544,-0.20464704622862756,-0.3043420955859581,1,-0.22004091421132993,0.20527866766202763,-0.3043420955859581,1,-0.04799999999999999,-0.2,-0.26318754473153216,0
2.73,0.26136875561517126,1.6265604217106138,9.624692697311227,-0.00011569935516440215,0.0012001932208226015,1.2578430803191125,-0.958521789017376,-0.2850192624699758,0.35463943467342685,0.8015669848708764,0.0,0.0,-0.597904983057519,0.36800000000000005,0.2,-0.2751310112835145,0,0.1546296753241972,-0.20668540370269406,-0.3064640672632553,1,-0.23001004066406505,0.2081064584215154,-0.3064640672632553,1,-0.03199999999999997,-0.2,-0.2751310112835145,0
2.74,0.030746308369548808,1.6747314759577967,9.441851919623128,-0.0004782603360855181,0.0005782642062260733,1.2655719552680704,-0.954864544746643,-0.2970415815770351,0.3567268949126757,0.805307885711122,0.0,0.0,-0.5928568201610592,0.384,0.2,-0.2874666766435695,0,0.1394542095054802,-0.20853321156317497,-0.30855152750250414,1,-0.23994284586501918,0.21105929835114,-0.30855152750250414,1,-0.016000000000000014,-0.2,-0.2874666766435695,0
2.75,0.08431621840625904,1.5017161345423462,9.429913010023114,-0.00019120823371469425,0.0012246496608352155,1.2513076348057406,-0.9510565162951536,-0.3090169943749473,0.3587785252292473,0.8090169943749473,0.0,0.0,-0.5877852522924732,0.0,0.2,-0.3,0,0.12425672225047882,-0.2101901780197886,-0.31060315781907577,1,-0.24983776130910473,0.2141367211632454,-0.31060315781907577,1,-0.4,-0.2,-0.3,0
2.7600000000000002,-0.009101153559163772,1.5596958016493305,9.358972011187245,0.0008394028111652197,0.00039423871806640033,1.2456114096795918,-0.9470983049947443,-0.3209436098072095,0.36079302976946054,0.812694164433094,0.0,0.0,-0.5826904796685761,0.016000000000000014,0.2,-0.28746667664356956,0,0.10903961341860392,-0.21165604141832328,-0.312617662359289,1,-0.25969322447446885,0.21733824089709547,-0.312617662359289,1,-0.384,-0.2,-0.28746667664356956,0
2.77,-0.053936679126592224,1.5949484205192486,9.485321707326838,0.0008234434280991456,-0.0007601455619528528,1.2614118666291478,-0.9429905358928644,-0.33281954452298673,0.36276913612907,0.8163392507171839,0.0,0.0,-0.5775727034222676,0.032,0.2,-0.2751310112835145,0,0.09380528596774293,-0.21293057028195572,-0.3145937687188985,1,-0.269507679069229,0.22066335199561066,-0.3145937687188985,1,-0.368,-0.2,-0.2751310112835145,0
2.7800000000000002,0.0114097014508445,1.583480358754308,9.328512929548385,0.0015476476906915364,0.001855571358409827,1.2585639611453976,-0.9387338576538741,-0.3446429231745172,0.3647055961569444,0.8199521093254524,0.0,0.0,-0.5724321255945908,0.04799999999999999,0.2,-0.2631875447315322,0,0.07855614557480228,-0.21401356334780325,-0.3165302287467729,1,-0.27927957527723185,0.22411152938520296,-0.3165302287467729,1,-0.35200000000000004,-0.2,-0.2631875447315322,0
2.79,-0.11183594827643073,1.5327145413323977,9.477958878607282,-8.323922013592232e-05,-0.00016799763133895258,1.2508113287532212,-0.9343289424566121,-0.3564118787132506,0.3666011867434251,0.8235325976284273,0.0,0.0,-0.5672689491267566,0.064,0.2,-0.25182463258982846,0,0.06329460025582419,-0.21490484959870648,-0.3184258193332536,1,-0.2890073700027868,0.22768222855868958,-0.3184258193332536,1,-0.336,-0.2,-0.25182463258982846,0
2.8000000000000003,0.11327995579766444,1.6252873296717456,9.34377728768837,-0.0013066936550806397,-0.0022895568318425387,1.2531296206141036,-0.9297764858882512,-0.3681245526846783,0.36845471059286894,0.8270805742745619,0.0,0.0,-0.5620833778521305,0.08000000000000002,0.2,-0.24122147477075268,0,0.04802305998573035,-0.21560428829023442,-0.3202793431826974,1,-0.2986895271143391,0.23137488566127867,-0.3202793431826974,1,-0.32,-0.2,-0.24122147477075268,0
2.81,-0.025269022991935515,1.6504236770498177,9.358746461120992,-0.00023545670763854085,-0.0010150934183522525,1.262267367811433,-0.925077206834458,-0.37977909552180117,0.3702649969798849,0.8305958991958127,0.0,0.0,-0.556875616488188,0.096,0.2,-0.23154528940713112,0,0.032743936317764816,-0.21611176897290918,-0.3220896295697134,1,-0.30832451768704056,0.23518891757960672,-0.3220896295697134,1,-0.30400000000000005,-0.2,-0.23154528940713112,0
2.82,-0.11205522968086995,1.5080151387936076,9.46843430172727,0.0014893083827521802,0.00038350032566428514,1.2529398110137928,-0.9202318473658705,-0.39137366683720215,0.37203090248879067,0.8340784336131711,0.0,0.0,-0.5516458706284304,0.11200000000000002,0.2,-0.22294867572242105,0,0.017459642002675038,-0.21642721150964833,-0.32385553507861914,1,-0.3179108202441881,0.2391237220338202,-0.32385553507861914,1,-0.28800000000000003,-0.2,-0.22294867572242105,0
2.83,0.07194039352799063,1.4679942186594646,9.351077682925025,0.0012755345745436941,-0.0006687425910762301,1.2555982744644714,-0.9152411726209176,-0.4029064357136625,0.3737513117358174,0.8375280400421417,0.0,0.0,-0.5463943467342691,0.128,0.2,-0.21556720744979846,0,0.002172590607713798,-0.2165505660884185,-0.32557594432564585,1,-0.3274469209974802,0.2431786776726822,-0.32557594432564585,1,-0.272,-0.2,-0.21556720744979846,0
2.84,-0.14075376352909427,1.334130802474669,9.312972977924444,0.0003376383979886812,-0.0012924020121729848,1.2635956799943195,-0.9101059706849959,-0.41437558099328364,0.37542513807361033,0.8409445822981689,0.0,0.0,-0.5411212521268761,0.144,0.2,-0.20951729475339803,0,-0.013114803864489197,-0.21648181323010185,-0.3272497706634388,1,-0.3369313140860614,0.2473531441716907,-0.3272497706634388,1,-0.256,-0.2,-0.20951729475339803,0
2.85,-0.09285431640365549,1.6963363549046035,9.292682747387035,0.00010904453405014922,-0.0017928856258761059,1.2618899181589036,-0.9048270524660195,-0.42577929156507266,0.3770513242775789,0.8443279255020151,0.0,0.0,-0.5358267949789967,0.16000000000000003,0.2,-0.20489434837048465,0,-0.02840012735713151,-0.21622096379157152,-0.3288759568674074,1,-0.3463625018143174,0.25164646233419397,-0.3288759568674074,1,-0.24,-0.2,-0.20489434837048465,0
2.86,0.04511044094262986,1.6476207513502468,9.426453007739655,-0.0001790201847776786,0.00034026480614563376,1.258074473545551,-0.8994052515663712,-0.43711576665093266,0.37862884321366186,0.8476779360850831,0.0,0.0,-0.5305111843067342,0.17600000000000002,0.2,-0.20177127492713112,0,-0.04368096614043838,-0.21576805896397774,-0.3304534758034903,1,-0.3557389948883746,0.25605795419548383,-0.3304534758034903,1,-0.224,-0.2,-0.20177127492713112,0
2.87,-0.01094583011465559,1.5714221914859818,9.256660592901577,-0.00039864290272128395,0.0003162491022010711,1.2525446064580599,-0.8938414241512639,-0.44838321609003207,0.3801566984870876,0.8509944817946918,0.0,0.0,-0.5251746299612958,0.192,0.2,-0.2001973271571728,0,-0.05895490719282629,-0.21512317026624325,-0.33198133107691613,1,-0.3650593126512822,0.26058692312985615,-0.33198133107691613,1,-0.20800000000000002,-0.2,-0.2001973271571728,0
2.88,0.12543456962609942,1.6515234086859303,9.33572835788099,-0.000579108283171465,0.0010745017917192568,1.2421192780726629,-0.8881364488135446,-0.45957986062148776,0.3816339250717184,0.8542774316992952,0.0,0.0,-0.5198173426207096,0.20800000000000002,0.2,-0.2001973271571728,0,-0.07421953858194154,-0.21428639953376896,-0.33345855766154686,1,-0.3743219833168201,0.26523265396061446,-0.33345855766154686,1,-0.192,-0.2,-0.2001973271571728,0
2.89,0.11647201490155275,1.647834775245689,9.264555984217134,-0.0006759529912481605,-0.0010888248173071536,1.2516043443622682,-0.8822912264349533,-0.4707039321653326,0.3830595899195813,0.8575266561936522,0.0,0.0,-0.5144395337815064,0.22400000000000003,0.2,-0.20177127492713112,0,-0.08947244984553453,-0.21325787890235387,-0.3348842225094098,1,-0.38352554420191454,0.2699944130730058,-0.3348842225094098,1,-0.176,-0.2,-0.20177127492713112,0
2.9,-0.17161931590022333,1.519590957812114,9.298809199852613,-0.0021688217247711394,-4.47737188199535e-05,1.263468143304645,-0.8763066800438637,-0.481753674101715,0.38443279255020146,0.8607420270039435,0.0,0.0,-0.5090414157503714,0.24,0.2,-0.20489434837048462,0,-0.10471123237209884,-0.21203777078732852,-0.33625742514002993,1,-0.3926685419576097,0.2748714485300659,-0.33625742514002993,1,-0.16000000000000003,-0.2,-0.20489434837048462,0
2.91,0.07553274584687618,1.451440562366263,9.29985143739376,0.00047344430330381837,-0.0013050205234230185,1.2568250916710604,-0.8701837546695256,-0.4927273415482918,0.3857526656193653,0.8639234171928354,0.0,0.0,-0.5036232016357608,0.256,0.2,-0.20951729475339803,0,-0.1199334797812215,-0.21062626785790817,-0.33757729820919374,1,-0.40174953279857245,0.2798629901913604,-0.33757729820919374,1,-0.14400000000000002,-0.2,-0.20951729475339803,0
2.92,0.09640226887425833,1.4184949167028986,9.269874516948606,3.171170135830077e-05,-0.0012059898610702626,1.257332517506462,-0.8639234171928354,-0.5036232016357608,0.38701837546695256,0.86707070116449,0.0,0.0,-0.4981851053394909,0.272,0.2,-0.2155672074497985,0,-0.13513678830357267,-0.20902359300676826,-0.338843008056781,1,-0.4107670827310772,0.28496824983459634,-0.338843008056781,1,-0.128,-0.2,-0.2155672074497985,0
2.93,-0.01789579898734815,1.5315636591869624,9.198324954504436,0.0024396741696322993,-0.0011309750175265542,1.2549735899269052,-0.8575266561936522,-0.5144395337815064,0.3882291226434953,0.8701837546695257,0.0,0.0,-0.49272734154829156,0.288,0.2,-0.22294867572242105,0,-0.1503187571604959,-0.20722999931484654,-0.34005375523332376,1,-0.41971976777945597,0.29018642128009453,-0.34005375523332376,1,-0.11200000000000004,-0.2,-0.22294867572242105,0
2.94,0.24909876969080075,1.596398571933219,9.100777325352038,-0.00036137983784761567,-0.0003264010527379187,1.2598504330444342,-0.8509944817946921,-0.5251746299612954,0.3893841424151263,0.87326245480992,0.0,0.0,-0.4872501257253325,0.30400000000000005,0.2,-0.2315452894071311,0,-0.16547698894311252,-0.20524577001137875,-0.3412087750049548,1,-0.42860617421095615,0.2955166805180925,-0.3412087750049548,1,-0.09599999999999997,-0.2,-0.2315452894071311,0
2.95,-0.20445825000345805,1.4926305806859492,9.196478409480301,0.0007453275858626247,0.0002723062810435395,1.2604637234644422,-0.844327925502015,-0.5358267949789968,0.39048270524660195,0.8763066800438636,0.0,0.0,-0.4817536741017152,0.32000000000000006,0.2,-0.24122147477075268,0,0.32000000000000006,-0.2,-0.24122147477075268,0,-0.07999999999999996,0.2,-0.24122147477075268,0,-0.07999999999999996,-0.2,-0.24122147477075268,0
2.96,-0.07558469015121974,1.579900544171671,9.29820935849167,0.0007856324972606381,-0.0012540392406967464,1.2620149535245762,-0.8375280400421418,-0.546394346734269,0.39152411726209174,0.8793163101905562,0.0,0.0,-0.4762382036679391,0.336,0.2,-0.25182463258982846,0,0.336,-0.2,-0.25182463258982846,0,-0.064,0.2,-0.25182463258982846,0,-0.064,-0.2,-0.25182463258982846,0
2.97,-0.004109445442973185,1.6640011371013799,9.373242941367309,-0.0010355230829693649,0.00027204527257829186,1.2630112629649823,-0.8305958991958127,-0.556875616488188,0.3925077206834458,0.8822912264349533,0.0,0.0,-0.4707039321653326,0.35200000000000004,0.2,-0.26318754473153216,0,0.35200000000000004,-0.2,-0.26318754473153216,0,-0.04799999999999999,0.2,-0.26318754473153216,0,-0.04799999999999999,-0.2,-0.26318754473153216,0
2.98,0.110635669164628,1.7038290170299568,9.166212009786712,-0.00048005956094411003,0.00037586771923723406,1.260002343282294,-0.8235325976284277,-0.5672689491267562,0.3934328942456612,0.8852313113324551,0.0,0.0,-0.46515107807745854,0.36800000000000005,0.2,-0.2751310112835145,0,0.36800000000000005,-0.2,-0.2751310112835145,0,-0.03199999999999997,0.2,-0.2751310112835145,0,-0.03199999999999997,-0.2,-0.2751310112835145,0
2.99,0.15719013499731616,1.6669203231726004,9.171183170455334,0.00036557172848534955,-1.3291514395157502e-05,1.2435929603177467,-0.8163392507171838,-0.5775727034222677,0.39429905358928646,0.8881364488135446,0.0,0.0,-0.45957986062148776,0.384,0.2,-0.2874666766435695,0,0.384,-0.2,-0.2874666766435695,0,-0.016000000000000014,0.2,-0.2874666766435695,0,-0.016000000000000014,-0.2,-0.2874666766435695,0
3.0,0.0802096132784622,1.6232351813897798,9.438581265498552,-0.0016502619600563665,4.0065673459143877e-05,1.251513826287431,-0.8090169943749476,-0.587785252292473,0.39510565162951533,0.8910065241883678,0.0,0.0,-0.45399049973954686,0.19999999999999998,0.20000000000000004,-0.3,1,0.0,-0.2,-0.3,0,-0.4,0.2,-0.3,0,-0.19999999999999998,-0.20000000000000004,-0.3,1
3.0100000000000002,0.07964783560853139,1.6024673543759747,9.148074623764995,0.00011698386333242526,-0.0011816667353276966,1.2635292135372975,-0.8015669848708766,-0.5979049830575188,0.3958521789017376,0.8938414241512638,0.0,0.0,-0.4483832160900323,0.1899313769340811,0.19754995666027658,-0.30074652727222223,1,0.016000000000000014,-0.2,-0.28746667664356956,0,-0.384,0.2,-0.28746667664356956,0,-0.2150634567007865,-0.1973920450679089,-0.30074652727222223,1
3.02,0.01027876350608011,1.6734472600275943,9.300294992937056,-0.00190872972404638,-6.132734834301714e-05,1.257467168700793,-0.7939903986478353,-0.6079302976946055,0.3965381638833274,0.8966410367852359,0.0,0.0,-0.44275823103890144,0.1798327615019898,0.19522662948469244,-0.30143251225381207,1,0.032,-0.2,-0.2751310112835145,0,-0.368,0.2,-0.2751310112835145,0,-0.2300929523886653,-0.19459500805129248,-0.30143251225381207,1
3.0300000000000002,0.21320691978609438,1.4186324910844024,9.31188366750155,-0.00025541616543191297,-0.0002022217985064858,1.2597716273918176,-0.7862884321366188,-0.6178596130903344,0.3971631732914674,0.8994052515663711,0.0,0.0,-0.4371157666509328,0.16970574839216998,0.1930303853535416,-0.30205752166195204,1,0.04799999999999999,-0.2,-0.2631875447315322,0,-0.35200000000000004,0.2,-0.2631875447315322,0,-0.24508611373203965,-0.19160933063472024,-0.30205752166195204,1
3.04,-0.00038883310736910823,1.6322620081296668,9.20817717085114,-0.0017295430483205852,-0.0003639504353766409,1.255823487665413,-0.7784623015670236,-0.6276913612907004,0.39772681235681934,0.9021339593682028,0.0,0.0,-0.4314560456809591,0.15955193677738785,0.19096157107923212,-0.302621160727304,1,0.064,-0.2,-0.25182463258982846,0,-0.336,0.2,-0.25182463258982846,0,-0.26004057313692697,-0.18843548429126716,-0.302621160727304,1
3.0500000000000003,0.03315313459988298,1.6062688383157662,9.251503737245834,-0.00016117807804698147,0.0014289777296035235,1.2598711915141358,-0.770513242775789,-0.63742398974869,0.3982287250728689,0.9048270524660196,0.0,0.0,-0.4257792915650725,0.14937293006220323,0.18902051335152,-0.30312307344335354,1,0.08000000000000002,-0.2,-0.24122147477075268,0,-0.32,0.2,-0.24122147477075268,0,-0.2749539691208309,-0.18507397020806315,-0.30312307344335354,1
3.06,0.04388539109803009,1.4123353485410173,9.11605655639848,0.0008872916424727191,0.00020929179574368342,1.262205835652909,-0.7624425110114479,-0.6470559615694443,0.3986685944207868,0.9074844245411169,0.0,0.0,-0.42008572841180625,0.13917033562977646,0.18720751868592228,-0.30356294279127144,1,0.096,-0.2,-0.23154528940713112,0,-0.30400000000000005,0.2,-0.23154528940713112,0,-0.2898239466856422,-0.18152531920715015,-0.30356294279127144,1
3.0700000000000003,-0.101111304714894,1.479227888716475,9.162842990196438,-0.0006618325034587093,0.0011734613781502262,1.2628639934376853,-0.7542513807361038,-0.6565857557529565,0.39904614256966514,0.9101059706849957,0.0,0.0,-0.4143755809932841,0.12894576458803972,0.18552287337531334,-0.3039404909401498,1,0.11200000000000002,-0.2,-0.22294867572242105,0,-0.28800000000000003,0.2,-0.22294867572242105,0,-0.3046481576895266,-0.1777900916616583,-0.3039404909401498,1
3.08,0.00590474351684633,1.6053451661088278,9.163290119439406,-0.00038413767905247993,0.0008052589561418633,1.260043576889007,-0.7459411454241822,-0.6660118674342514,0.39936113105200083,0.9126915874035028,0.0,0.0,-0.4086490747363491,0.11870083151528812,0.18396684344471684,-0.3042554794224855,1,0.128,-0.2,-0.21556720744979846,0,-0.272,0.2,-0.21556720744979846,0,-0.3194242612177179,-0.17386887740731738,-0.3042554794224855,1
3.09,0.026285358348065904,1.6043334488280327,9.06720161496538,0.001911447499992154,-0.000513667991644798,1.2541471844471317,-0.7375131173581743,-0.675332808121024,0.3996133609143172,0.9152411726209174,0.0,0.0,-0.4029064357136629,0.10843715420521662,0.18253967460929696,-0.30450770928480186,1,0.144,-0.2,-0.20951729475339803,0,-0.256,0.2,-0.20951729475339803,0,-0.33414992395217924,-0.169762295649314,-0.30450770928480186,1
3.1,-0.050917786866190584,1.3969713968782034,9.308477551281898,0.00011590728258589281,0.0008961679826574113,1.2599445304806498,-0.7289686274214116,-0.6845471059286887,0.39980267284282717,0.9177546256839811,0.0,0.0,-0.3971478906347806,0.09815635341145204,0.18124159223555691,-0.3046970212133118,1,0.16000000000000003,-0.2,-0.20489434837048465,0,-0.24,0.2,-0.20489434837048465,0,-0.3488228205400609,-0.16547099486451256,-0.3046970212133118,1
3.11,-0.048934387938862574,1.470700005577523,9.273709764134006,-0.0001622918446977824,0.0006074666822361569,1.2599998302214273,-0.7203090248879072,-0.6936533058128047,0.3999289472640589,0.9202318473658703,0.0,0.0,-0.3913736668372026,0.08786005259161997,0.18007280130575143,-0.3048232956345436,1,0.17600000000000002,-0.2,-0.20177127492713112,0,-0.224,0.2,-0.20177127492713112,0,-0.36344063396089565,-0.16099565269905403,-0.3048232956345436,1
3.12,0.12122249331223772,1.749280298515703,9.244677510671774,-2.9276548492678423e-05,0.0015314975909112088,1.2581184290794063,-0.7115356772092855,-0.7026499697988491,0.3999921044203816,0.9226727398701148,0.0,0.0,-0.38558399227739665,0.07754987765097715,0.17903348638551736,-0.30488645279086624,1,0.192,-0.2,-0.2001973271571728,0,-0.20800000000000002,0.2,-0.2001973271571728,0,-0.3780010558924913,-0.15633697586134548,-0.30488645279086624,1
3.13,-0.17974872173306378,1.647603264516,9.165486139736013,0.0003043217483202299,-0.0011841222439177939,1.2567027320230495,-0.7026499697988493,-0.7115356772092852,0.3999921044203816,0.925077206834458,0.0,0.0,-0.37977909552180117,0.06722745668566674,0.17812381159472881,-0.30488645279086624,1,0.20800000000000002,-0.2,-0.2001973271571728,0,-0.192,0.2,-0.2001973271571728,0,-0.39250178707543404,-0.15149570001046503,-0.30488645279086624,1
3.14,0.002507418371163623,1.6430527754566497,9.139128887485793,3.4974342075472834e-05,0.00016000663021769595,1.2555608686519169,-0.6936533058128049,-0.7203090248879069,0.3999289472640589,0.9274451533346614,0.0,0.0,-0.3739592057378004,0.05689441972562007,0.1773439205815805,-0.3048232956345436,1,0.22400000000000003,-0.2,-0.20177127492713112,0,-0.176,0.2,-0.20177127492713112,0,-0.40694053767617266,-0.1464725896399912,-0.3048232956345436,1
3.15,-0.04914633193861859,1.6085590934864673,9.158036651636886,-0.0006702117158468082,-0.0004344861403359898,1.2563668389950289,-0.684547105928689,-0.7289686274214113,0.39980267284282717,0.9297764858882513,0.0,0.0,-0.36812455268467814,0.04655239847715818,0.17669393649990417,-0.3046970212133118,1,0.24,-0.2,-0.20489434837048462,0,-0.16000000000000003,0.2,-0.20489434837048462,0,-0.4213150276486072,-0.1412684379572816,-0.3046970212133118,1
3.16,0.006167453901694993,1.6639408826927395,9.327038215017097,-0.0005131458286063307,0.000635673402320486,1.250189151972767,-0.6753328081210243,-0.737513117358174,0.3996133609143172,0.9320711124582111,0.0,0.0,-0.3622753667045456,0.036203026065323454,0.17617396198972107,-0.30450770928480186,1,0.256,-0.2,-0.20951729475339803,0,-0.14400000000000002,0.2,-0.20951729475339803,0,-0.43562298709413827,-0.13588406675821474,-0.30450770928480186,1
3.17,-0.09024901989249219,1.4539236760990113,9.073474206473815,-0.0008353655751889367,-0.0012449978794974097,1.2509409203154431,-0.6660118674342517,-0.7459411454241821,0.39936113105200083,0.934328942456612,0.0,0.0,-0.35641187871325075,0.02584793677599488,0.17578407916103428,-0.3042554794224855,1,0.272,-0.2,-0.2155672074497985,0,-0.128,0.2,-0.2155672074497985,0,-0.4498621566201043,-0.1303203262974213,-0.3042554794224855,1
3.18,-0.11477519118166309,1.5901771641879716,9.13841399215949,0.0009038067239680391,0.0015896043939470086,1.2565157493577968,-0.6565857557529564,-0.7542513807361038,0.3990461425696651,0.9365498867481923,0.0,0.0,-0.350534320191259,0.015488765797810347,0.175524349580862,-0.3039404909401498,1,0.288,-0.2,-0.22294867572242105,0,-0.11200000000000004,0.2,-0.22294867572242105,0,-0.46403028769657306,-0.12457809515401647,-0.3039404909401498,1
3.19,-0.013896111554990763,1.4744814007271736,9.115052124479098,-0.0002255335070356963,-0.0011629663563065965,1.2641788452753402,-0.6470559615694442,-0.7624425110114479,0.3986685944207868,0.9387338576538741,0.0,0.0,-0.344642923174517,0.0051271489639548445,0.17539481426351586,-0.30356294279127144,1,0.30400000000000005,-0.2,-0.2315452894071311,0,-0.09599999999999997,0.2,-0.2315452894071311,0,-0.4781251430114047,-0.11865828009286378,-0.30356294279127144,1
3.2,0.0093893066530025,1.7961180477549066,9.250451862124168,-0.0010156843639406237,-0.001012404324084996,1.267168513025596,-0.6374239897486895,-0.7705132427757894,0.3982287250728689,0.9408807689542256,0.0,0.0,-0.33873792024529126,-0.005235277506157918,0.17539549366412413,-0.30312307344335354,1,0.32000000000000006,-0.2,-0.24122147477075268,0,-0.07999999999999996,0.2,-0.24122147477075268,0,-0.49214449682355244,-0.11256181592138628,-0.30312307344335354,1
3.21,-0.1624102460361026,1.6253044220737864,9.290410410108349,0.0003663547849744982,0.00031563621974139386,1.2629469596021758,-0.6276913612907009,-0.778462301567023,0.3977268123568194,0.9429905358928644,0.0,0.0,-0.33281954452298695,-0.015596877265262418,0.17552638767540146,-0.30262116072730405,1,0.336,-0.2,-0.25182463258982846,0,-0.064,0.2,-0.25182463258982846,0,-0.5060861353145307,-0.10628966534194967,-0.30262116072730405,1
3.22,-0.039719207506234554,1.4515122050211087,9.275390444178331,-0.0006584488007348434,-0.0009007793609425912,1.2537193653405383,-0.617859613090334,-0.7862884321366191,0.3971631732914674,0.9450630751798049,0.0,0.0,-0.3268880296549423,-0.025956014096643512,0.17578747562766622,-0.30205752166195204,1,0.35200000000000004,-0.2,-0.26318754473153216,0,-0.04799999999999999,0.2,-0.26318754473153216,0,-0.5199478569380082,-0.09984281879983783,-0.30205752166195204,1
3.23,-0.11169712742450964,1.7134785005968627,9.137890685183322,0.0005109385844282135,0.0010053787154816886,1.2619975095310019,-0.6079302976946057,-0.793990398647835,0.3965381638833274,0.9470983049947442,0.0,0.0,-0.3209436098072097,-0.03631105217250552,0.17617871629210405,-0.30143251225381207,1,0.36800000000000005,-0.2,-0.2751310112835145,0,-0.03199999999999997,0.2,-0.2751310112835145,0,-0.5337274727674464,-0.09322229432685608,-0.30143251225381207,1
3.24,-0.006320841919412361,1.6541688374036454,9.18954663212097,0.0008502593820751949,8.229955256118492e-06,1.2518814341594635,-0.597904983057519,-0.8015669848708764,0.39585217890173763,0.9490961449902946,0.0,0.0,-0.3149865196553049,-0.04666035631229927,0.1767000478872786,-0.3007465272722223,1,0.384,-0.2,-0.2874666766435695,0,-0.016000000000000014,0.2,-0.2874666766435695,0,-0.5474228068417705,-0.08642913738056468,-0.3007465272722223,1
3.25,0.10396129417601868,1.5459680496643275,9.104764789348838,0.0007346317749640308,0.0007913091909624114,1.2542720849580165,-0.5877852522924732,-0.8090169943749473,0.3951056516295154,0.9510565162951535,0.0,0.0,-0.3090169943749475,0.0,0.2,-0.3,0,0.0,-0.2,-0.3,0,-0.4,0.2,-0.3,0,-0.4,-0.2,-0.3,0
3.2600000000000002,-0.12954563957351695,1.7260200071822,9.119270314153843,-0.0006889017140858814,0.00035613396702713286,1.243288959676791,-0.5775727034222676,-0.8163392507171839,0.39429905358928646,0.9529793415172189,0.0,0.0,-0.30303526963277394,0.016000000000000014,0.2,-0.28746667664356956,0,0.016000000000000014,-0.2,-0.28746667664356956,0,-0.384,0.2,-0.28746667664356956,0,-0.384,-0.2,-0.28746667664356956,0
3.27,-0.0023875574054531426,1.640002954358992,9.273356190388634,-0.0007210576342586473,-0.00028187976487843914,1.25367435313056,-0.5672689491267564,-0.8235325976284275,0.3934328942456612,0.954864544746643,0.0,0.0,-0.29704158157703486,0.032,0.2,-0.2751310112835145,0,0.032,-0.2,-0.2751310112835145,0,-0.368,0.2,-0.2751310112835145,0,-0.368,-0.2,-0.2751310112835145,0
3.2800000000000002,0.035122166123519226,1.5256309513225503,9.290666410546544,0.00038508155018276426,0.00028129590557860677,1.2523129028772668,-0.5568756164881878,-0.8305958991958128,0.3925077206834458,0.9567120515588305,0.0,0.0,-0.2910361668282717,0.04799999999999999,0.2,-0.2631875447315322,0,0.04799999999999999,-0.2,-0.2631875447315322,0,-0.35200000000000004,0.2,-0.2631875447315322,0,-0.35200000000000004,-0.2,-0.2631875447315322,0
3.29,0.04385894365212522,1.696669236699188,9.32060295490159,-0.0009741210997839087,-0.000501746214771255,1.2558615557560169,-0.5463943467342689,-0.8375280400421419,0.39152411726209174,0.958521789017376,0.0,0.0,-0.285019262469976,0.064,0.2,-0.25182463258982846,0,0.064,-0.2,-0.25182463258982846,0,-0.336,0.2,-0.25182463258982846,0,-0.336,-0.2,-0.25182463258982846,0
3.3000000000000003,0.08445697920482623,1.406222834840864,9.056617254822743,0.00031634260723072686,-0.0016232498023187865,1.2541496888397201,-0.5358267949789963,-0.8443279255020153,0.3904827052466019,0.9602936856769431,0.0,0.0,-0.2789911060392291,0.08000000000000002,0.2,-0.24122147477075268,0,0.20000000000000004,-0.2,-0.3000000000000001,1,-0.20000000000000007,0.19999999999999998,-0.3000000000000001,1,-0.32,-0.2,-0.24122147477075268,0
3.31,0.13563647597429324,1.5119845500830884,9.221288324275871,0.0006571564174624025,0.0007922499900027303,1.2563917036381487,-0.525174629961296,-0.8509944817946916,0.3893841424151264,0.9620276715860858,0.0,0.0,-0.27295193551732544,0.096,0.2,-0.23154528940713112,0,0.18490496098074105,-0.20241846102124983,-0.29890143716852463,1,-0.21003704074744478,0.2025763726136174,-0.29890143716852463,1,-0.30400000000000005,-0.2,-0.23154528940713112,0
3.3200000000000003,-0.0008211866728894268,1.6532243654763887,9.322136339023105,-0.00131603182102578,0.0017847573407562508,1.2521166863095619,-0.514439533781506,-0.8575266561936525,0.3882291226434953,0.9637236782900098,0.0,0.0,-0.26690198932037523,0.11200000000000002,0.2,-0.22294867572242105,0,0.16978072332465474,-0.20464704622862762,-0.29774641739689345,1,-0.2200409142113301,0.20527866766202757,-0.29774641739689345,1,-0.28800000000000003,-0.2,-0.22294867572242105,0
3.33,0.007886038747354095,1.5789676847197271,9.134587657041687,0.0002878185975928825,0.0009005400560293201,1.242710486779814,-0.503623201635761,-0.8639234171928352,0.3870183754669526,0.9653816388332739,0.0,0.0,-0.26084150628989705,0.128,0.2,-0.21556720744979846,0,0.15462967532419708,-0.20668540370269403,-0.29653567022035077,1,-0.230010040664065,0.20810645842151534,-0.29653567022035077,1,-0.272,-0.2,-0.21556720744979846,0
3.34,-0.031374371315888376,1.6946641813863237,9.391308021684441,-0.00026561400582937177,-0.0019019275367981804,1.2464197974271665,-0.4927273415482917,-0.8701837546695256,0.3857526656193652,0.967001487762435,0.0,0.0,-0.2547707256833822,0.144,0.2,-0.20951729475339803,0,0.13945420950548063,-0.20853321156317495,-0.29526996037276343,1,-0.2399428458650188,0.2110592983511398,-0.29526996037276343,1,-0.256,-0.2,-0.20951729475339803,0
3.35,-0.061546710244983496,1.6565476393328906,9.368776295015483,3.0204945250780607e-05,0.001147926852770877,1.2623279391602056,-0.48175367410171527,-0.8763066800438636,0.3844327925502015,0.9685831611286311,0.0,0.0,-0.24868988716485474,0.16000000000000003,0.2,-0.20489434837048465,0,0.12425672225047865,-0.21019017801978862,-0.2939500873035997,1,-0.24983776130910473,0.21413672116324534,-0.2939500873035997,1,-0.24,-0.2,-0.20489434837048465,0
3.36,0.1169600581508154,1.5864157670093046,9.138045162979898,-0.0016968180103632715,-0.001899140096016817,1.2523294659258188,-0.47070393216533246,-0.8822912264349534,0.3830595899195812,0.9701265964901059,0.0,0.0,-0.24259923079540735,0.17600000000000002,0.2,-0.20177127492713112,0,0.10903961341860376,-0.21165604141832328,-0.29257688467297943,1,-0.25969322447446885,0.2173382408970954,-0.29257688467297943,1,-0.224,-0.2,-0.20177127492713112,0
3.37,0.19429738517799633,1.4724677575226204,9.313169452665978,-0.0008903697198384949,0.0006552304038634598,1.2589500717113533,-0.45957986062148765,-0.8881364488135446,0.38163392507171834,0.971631732914674,0.0,0.0,-0.23649899702372457,0.192,0.2,-0.2001973271571728,0,0.0938052859677428,-0.21293057028195567,-0.2911512198251165,1,-0.2695076790692289,0.22066335199561055,-0.2911512198251165,1,-0.20800000000000002,-0.2,-0.2001973271571728,0
3.38,0.15404378540114672,1.6591538183026835,9.216910582133663,-0.0006351344657924097,-0.0009760341166482073,1.2505785158423777,-0.44838321609003273,-0.8938414241512636,0.3801566984870877,0.9730985109821265,0.0,0.0,-0.23038942667659087,0.20800000000000002,0.2,-0.2001973271571728,0,0.07855614557480321,-0.21401356334780314,-0.28967399324048587,1,-0.2792795752772313,0.22411152938520257,-0.28967399324048587,1,-0.192,-0.2,-0.2001973271571728,0
3.39,-0.029842099985801993,1.6348101856977864,9.221715798436,0.001539664568256715,0.002580008057134656,1.2672090894689108,-0.4371157666509333,-0.8994052515663709,0.37862884321366197,0.9745268727865771,0.0,0.0,-0.2242707609493814,0.22400000000000003,0.2,-0.20177127492713112,0,0.06329460025582462,-0.21490484959870643,-0.2881461379670601,1,-0.2890073700027864,0.22768222855868941,-0.2881461379670601,1,-0.176,-0.2,-0.20177127492713112,0
3.4,-0.2265075885631473,1.493902334875827,9.38124257832571,-0.0007800396975932098,-0.001158847884652856,1.2631044047065665,-0.42577929156507294,-0.9048270524660194,0.377051324277579,0.9759167619387473,0.0,0.0,-0.21814324139654268,0.24,0.2,-0.20489434837048462,0,0.04802305998573127,-0.2156042882902343,-0.28656861903097713,1,-0.29868952711433844,0.23137488566127834,-0.28656861903097713,1,-0.16000000000000003,-0.2,-0.20489434837048462,0
3.41,-0.10267620824823337,1.4999842316317866,9.317977463614223,-0.0012378492050585843,-0.0016697484296932107,1.2592662355712871,-0.41437558099328436,-0.9101059706849955,0.3754251380736104,0.9772681235681935,0.0,0.0,-0.21200710992205477,0.256,0.2,-0.20951729475339803,0,0.032743936317765274,-0.21611176897290915,-0.28494243282700854,1,-0.3083245176870403,0.23518891757960642,-0.28494243282700854,1,-0.14400000000000002,-0.2,-0.20951729475339803,0
3.42,-0.06925788459893766,1.7112291672537185,9.342647339696915,0.0008359252180672274,-0.00022472567942280667,1.2584792564920002,-0.4029064357136628,-0.9152411726209175,0.3737513117358174,0.9785809043254721,0.0,0.0,-0.2058626087698814,0.272,0.2,-0.2155672074497985,0,0.0174596420026749,-0.21642721150964825,-0.28326860648921554,1,-0.31791082024418804,0.23912372203382004,-0.28326860648921554,1,-0.128,-0.2,-0.2155672074497985,0
3.43,-0.15219853861025476,1.534639856124269,9.472021380688396,-0.00019023135417162466,-0.0011298445894531032,1.248047004193717,-0.3913736668372024,-0.9202318473658704,0.37203090248879067,0.9798550523842469,0.0,0.0,-0.199709980514407,0.288,0.2,-0.22294867572242105,0,0.002172590607713673,-0.21655056608841844,-0.2815481972421888,1,-0.3274469209974802,0.2431786776726822,-0.2815481972421888,1,-0.11200000000000004,-0.2,-0.22294867572242105,0
3.44,-0.17219915817746942,1.665100130635174,9.322269167703539,-0.0014841415372125841,0.0005600000756442723,1.260207972121411,-0.37977909552180106,-0.925077206834458,0.3702649969798849,0.9810905174433341,0.0,0.0,-0.1935494680508602,0.30400000000000005,0.2,-0.2315452894071311,0,-0.013114803864489863,-0.21648181323010177,-0.27978229173328306,1,-0.3369313140860617,0.2473531441716908,-0.27978229173328306,1,-0.09599999999999997,-0.2,-0.2315452894071311,0
3.45,-0.02158945120884394,1.4402403643665531,9.59669601043738,0.00017265572762102714,-0.0013155187353430945,1.2593908170879786,-0.3681245526846778,-0.9297764858882515,0.36845471059286883,0.9822872507286887,0.0,0.0,-0.18738131458572455,0.32000000000000006,0.2,-0.24122147477075268,0,-0.028400127357131627,-0.21622096379157144,-0.277972005346267,1,-0.3463625018143173,0.25164646233419397,-0.277972005346267,1,-0.07999999999999996,-0.2,-0.24122147477075268,0
3.46,0.12920280838052978,1.7223848893256437,9.481285913122635,0.0006611136027095443,-0.0015043957187963145,1.2547848348700592,-0.35641187871325125,-0.9343289424566118,0.36660118674342523,0.9834452049953296,0.0,0.0,-0.18120576362713764,0.336,0.2,-0.25182463258982846,0,-0.04368096614043794,-0.2157680589639778,-0.27611848149682344,1,-0.35573899488837435,0.2560579541954836,-0.27611848149682344,1,-0.064,-0.2,-0.25182463258982846,0
3.47,0.022312707755627187,1.4899398015752239,9.404543747205558,-0.0011704958257959587,0.0012210122329783348,1.2640927475429438,-0.34464292317451667,-0.9387338576538742,0.36470559615694437,0.9845643345292054,0.0,0.0,-0.17502305897527584,0.35200000000000004,0.2,-0.26318754473153216,0,-0.05895490719282699,-0.2151231702662432,-0.2742228909103425,1,-0.36505931265128244,0.2605869231298561,-0.2742228909103425,1,-0.04799999999999999,-0.2,-0.26318754473153216,0
3.48,0.01844029425788961,1.50538168334215,9.443072682817004,0.0015999328614072703,0.0006894756376276318,1.261337095290347,-0.332819544522987,-0.9429905358928643,0.3627691361290701,0.985644595148998,0.0,0.0,-0.1688334447127341,0.36800000000000005,0.2,-0.2751310112835145,0,-0.07421953858194111,-0.214286399533769,-0.27228643088246823,1,-0.3743219833168199,0.26523265396061424,-0.27228643088246823,1,-0.03199999999999997,-0.2,-0.2751310112835145,0
3.49,0.23362473473632495,1.5828022214849644,9.504598232153123,0.0006618960213606315,0.0006949891769998024,1.2586100283437418,-0.32094360980720976,-0.9470983049947442,0.3607930297694606,0.986685944207868,0.0,0.0,-0.16263716519488375,0.384,0.2,-0.2874666766435695,0,-0.08947244984553411,-0.21325787890235373,-0.27031032452285875,1,-0.3835255442019141,0.26999441307300553,-0.27031032452285875,1,-0.016000000000000014,-0.2,-0.2874666766435695,0
3.5,-0.1199422704324067,1.4031387388787189,9.502888080739405,0.00018798630145895826,0.0027795597673567134,1.2578968377121034,-0.30901699437494756,-0.9510565162951535,0.35877852522924736,0.9876883405951377,0.0,0.0,-0.15643446504023095,0.0,0.2,-0.3,0,-0.10471123237209895,-0.2120377707873284,-0.2682958199826455,1,-0.39266854195760975,0.2748714485300658,-0.2682958199826455,1,-0.4,-0.2,-0.3,0
3.5100000000000002,-0.023595166837111676,1.6722829298381763,9.391768019161225,-0.00021342790617922565,0.0013521867920869247,1.250987279001854,-0.297041581577035,-0.954864544746643,0.3567268949126757,0.988651744737914,0.0,0.0,-0.1502255891207571,0.016000000000000014,0.2,-0.28746667664356956,0,-0.11993347978122107,-0.2106262678579081,-0.2662441896660738,1,-0.401749532798572,0.2798629901913601,-0.2662441896660738,1,-0.384,-0.2,-0.28746667664356956,0
3.52,0.0988266671572457,1.624728096664381,9.62263212890449,0.00015432650916759582,-0.00013102547128298188,1.2566959534608022,-0.2850192624699761,-0.958521789017376,0.3546394346734269,0.9895761186026509,0.0,0.0,-0.14401078255225216,0.032,0.2,-0.2751310112835145,0,-0.13513678830357273,-0.20902359300676815,-0.26415672942682505,1,-0.4107670827310771,0.28496824983459623,-0.26415672942682505,1,-0.368,-0.2,-0.2751310112835145,0
3.5300000000000002,-0.03648741516943876,1.497096959980702,9.565321023278033,-0.000302970863800932,0.0005284190334480844,1.2504937316076856,-0.2729519355173251,-0.9620276715860859,0.3525174629961295,0.9904614256966512,0.0,0.0,-0.137790290684638,0.04799999999999999,0.2,-0.2631875447315322,0,-0.15031875716049595,-0.20722999931484637,-0.26203475774952767,1,-0.41971976777945585,0.29018642128009436,-0.26203475774952767,1,-0.35200000000000004,-0.2,-0.2631875447315322,0
3.54,-0.003114958767679926,1.668310147861187,9.507281366012446,-0.00029432876450411594,0.0008488809589641085,1.2536575453463137,-0.26084150628989666,-0.965381638833274,0.35036232016357605,0.9913076310695066,0.0,0.0,-0.13156435909228237,0.064,0.2,-0.25182463258982846,0,-0.16547698894311325,-0.20524577001137853,-0.2598796149169742,1,-0.4286061742109565,0.2955166805180926,-0.2598796149169742,1,-0.336,-0.2,-0.25182463258982846,0
3.5500000000000003,-0.090178461800484,1.6515801561792323,9.57029745096366,0.00023221941152057628,0.001119388523796317,1.2561737384076608,-0.24868988716485443,-0.9685831611286312,0.34817536741017147,0.9921147013144779,0.0,0.0,-0.12533323356430406,0.08000000000000002,0.2,-0.24122147477075268,0,0.08000000000000002,-0.2,-0.24122147477075268,0,-0.32,0.2,-0.24122147477075268,0,-0.32,-0.2,-0.24122147477075268,0
3.56,0.04632937400473487,1.6532535727613968,9.730945809916546,-0.0005858528745626067,0.001435215182656925,1.2556155660003576,-0.2364989970237251,-0.9716317329146739,0.34595798606214884,0.9928826045698136,0.0,0.0,-0.11909716009486995,0.096,0.2,-0.23154528940713112,0,0.096,-0.2,-0.23154528940713112,0,-0.30400000000000005,0.2,-0.23154528940713112,0,-0.30400000000000005,-0.2,-0.23154528940713112,0
3.5700000000000003,-0.08838796362272267,1.591137668762758,9.639417745830746,0.0007018556946605183,0.00017253946605226488,1.2533647482512162,-0.22427076094938062,-0.9745268727865772,0.34371157666509317,0.9936113105200084,0.0,0.0,-0.1128563848734814,0.11200000000000002,0.2,-0.22294867572242105,0,0.11200000000000002,-0.2,-0.22294867572242105,0,-0.28800000000000003,0.2,-0.22294867572242105,0,-0.28800000000000003,-0.2,-0.22294867572242105,0
3.58,-0.02339516281321319,1.581314581815207,9.63280835343475,0.0014928452568378648,0.0002800947548649892,1.2613870858642904,-0.21200710992205485,-0.9772681235681934,0.34143755809932846,0.9943007903969989,0.0,0.0,-0.10661115427526004,0.128,0.2,-0.21556720744979846,0,0.128,-0.2,-0.21556720744979846,0,-0.272,0.2,-0.21556720744979846,0,-0.272,-0.2,-0.21556720744979846,0
3.59,-0.1807482702522284,1.5712288532738443,9.49184277761467,-4.2500203330025285e-05,0.001367265856350139,1.257030798863897,-0.1997099805144071,-0.9798550523842469,0.33913736668372024,0.9949510169813002,0.0,0.0,-0.10036171485121494,0.144,0.2,-0.20951729475339803,0,0.144,-0.2,-0.20951729475339803,0,-0.256,0.2,-0.20951729475339803,0,-0.256,-0.2,-0.20951729475339803,0
3.6,0.06802123592341225,1.515614570441148,9.672137975070735,-0.0005523047695298944,-0.0023510512682777163,1.2519073735930613,-0.18738131458572463,-0.9822872507286887,0.3368124552684678,0.99556196460308,0.0,0.0,-0.09410831331851431,0.2,0.19999999999999996,-0.3,1,0.16000000000000003,-0.2,-0.20489434837048465,0,-0.24,0.2,-0.20489434837048465,0,-0.2,-0.19999999999999996,-0.3,1
3.61,-0.042020222506788725,1.4417202611196098,9.588877695522315,0.0013992653683845733,0.0005020322093486931,1.2554415935904453,-0.17502305897527595,-0.9845643345292054,0.3344642923174517,0.9961336091431725,0.0,0.0,-0.08785119655074311,0.18993137693408108,0.19754995666027653,-0.29765183704898385,1,0.17600000000000002,-0.2,-0.20177127492713112,0,-0.224,0.2,-0.20177127492713112,0,-0.21506345670078647,-0.19739204506790878,-0.29765183704898385,1
3.62,0.11756840542599789,1.642453434907249,9.375420142190109,0.00027389963574055544,3.335857530936073e-05,1.25169027516058,-0.1626371651948834,-0.9866859442078681,0.33209436098072087,0.9966659280340299,0.0,0.0,-0.08159061156815743,0.17983276150198987,0.1952266294846925,-0.2952819057122531,1,0.192,-0.2,-0.2001973271571728,0,-0.20800000000000002,0.2,-0.2001973271571728,0,-0.23009295238866528,-0.19459500805129246,-0.2952819057122531,1
3.63,-0.001963273782785686,1.7285766142115955,9.637212949103093,0.0009042287936881466,-0.0024004485393327394,1.257354798931732,-0.15022558912075762,-0.988651744737914,0.3297041581577036,0.9971589002606139,0.0,0.0,-0.07532680552793301,0.1697057483921707,0.19303038535354175,-0.29289170288923577,1,0.20800000000000002,-0.2,-0.2001973271571728,0,-0.192,0.2,-0.2001973271571728,0,-0.24508611373203862,-0.1916093306347203,-0.29289170288923577,1
3.64,0.12815853380886105,1.4643844633308867,9.496876214968026,-0.00045035048021847194,-0.0006006567973624944,1.253310204187957,-0.13779029068463852,-0.9904614256966512,0.3272951935517326,0.9976125063612252,0.0,0.0,-0.06906002571440603,0.15955193677738824,0.19096157107923215,-0.29048273828326476,1,0.22400000000000003,-0.2,-0.20177127492713112,0,-0.176,0.2,-0.20177127492713112,0,-0.2600405731369264,-0.1884354842912672,-0.29048273828326476,1
3.65,-0.06962570950749039,1.4601816778073768,9.788682784040013,-0.0009378640011783331,5.094611595929133e-05,1.2603940608608262,-0.1253332335643046,-0.9921147013144778,0.32486898871648556,0.9980267284282716,0.0,0.0,-0.06279051952931354,0.1493729300622039,0.18902051335152004,-0.28805653344801774,1,0.24,-0.2,-0.20489434837048462,0,-0.16000000000000003,0.2,-0.20489434837048462,0,-0.2749539691208299,-0.18507397020806332,-0.28805653344801774,1
3.66,-0.15588998603593193,1.5358889160235472,9.873247391005535,0.0010000708945888223,2.0687513026503363e-05,1.2520747343156646,-0.11285638487348193,-0.9936113105200084,0.32242707609493815,0.998401550108975,0.0,0.0,-0.056518534482024645,0.13917033562977682,0.1872075186859223,-0.2856146208264703,1,0.256,-0.2,-0.20951729475339803,0,-0.14400000000000002,0.2,-0.20951729475339803,0,-0.28982394668564176,-0.18152531920715026,-0.2856146208264703,1
3.67,0.17330934655305605,1.587250703980654,9.793303343300565,-4.579902160142119e-05,-0.00023022660737092326,1.2526912339412635,-0.10036171485121503,-0.9949510169813002,0.3199709980514407,0.9987369566060175,0.0,0.0,-0.050244318179769626,0.12894576458804005,0.18552287337531337,-0.28315854278297287,1,0.272,-0.2,-0.2155672074497985,0,-0.128,0.2,-0.2155672074497985,0,-0.30464815768952613,-0.17779009166165832,-0.28315854278297287,1
3.68,-0.02528152171470457,1.5975831429763705,9.824495332142616,0.0006391551874354946,-0.000760148539207317,1.2580498036064613,-0.08785119655074321,-0.9961336091431725,0.3175023058975276,0.9990329346781247,0.0,0.0,-0.043968118317864915,0.11870083151528815,0.18396684344471692,-0.2806898506290598,1,0.288,-0.2,-0.22294867572242105,0,-0.11200000000000004,0.2,-0.22294867572242105,0,-0.31942426121771794,-0.1738688774073172,-0.2806898506290598,1
3.69,0.04304946700377778,1.5956489106708311,9.672336198690571,6.690936793333078e-05,0.0005273112441169774,1.2558334832130273,-0.07532680552793265,-0.9971589002606139,0.3150225589120757,0.9992894726405892,0.0,0.0,-0.037690182669934506,0.10843715420521631,0.1825396746092969,-0.27821010364360793,1,0.30400000000000005,-0.2,-0.2315452894071311,0,-0.09599999999999997,0.2,-0.2315452894071311,0,-0.33414992395217985,-0.16976229564931378,-0.27821010364360793,1
3.7,-0.11945926734263923,1.5489078294387788,9.72654365163927,-0.0014333405415708855,-0.0004971357865239629,1.257914862741881,-0.06279051952931321,-0.9980267284282716,0.31253332335643036,0.9995065603657316,0.0,0.0,-0.031410759078128216,0.09815635341145204,0.1812415922355568,-0.27572086808796253,1,0.32000000000000006,-0.2,-0.24122147477075268,0,-0.07999999999999996,0.2,-0.24122147477075268,0,-0.3488228205400609,-0.16547099486451253,-0.27572086808796253,1
3.71,-0.06194151746686932,1.564861278770089,9.693522616665321,8.503645422005469e-05,-0.0001682145499639069,1.2580353183682516,-0.05024431817977017,-0.9987369566060175,0.3100361714851216,0.9996841892832999,0.0,0.0,-0.025130095443337785,0.08786005259162029,0.18007280130575137,-0.27322371621665376,1,0.336,-0.2,-0.25182463258982846,0,-0.064,0.2,-0.25182463258982846,0,-0.3634406339608952,-0.16099565269905408,-0.27322371621665376,1
3.72,-0.04884679195135401,1.5319321674443802,9.777201947949086,0.0002888712345427347,-0.001382431654884256,1.2575280662342678,-0.03769018266993415,-0.9992894726405893,0.3075326805527932,0.999822352380809,0.0,0.0,-0.018848439715407984,0.07754987765097685,0.17903348638551736,-0.2707202252843254,1,0.35200000000000004,-0.2,-0.26318754473153216,0,-0.04799999999999999,0.2,-0.26318754473153216,0,-0.3780010558924917,-0.1563369758613452,-0.2707202252843254,1
3.73,-0.1721900911602342,1.4905333486340187,9.76558496791225,-0.0006390142426535952,-0.00044054066477283905,1.2547127874504271,-0.025130095443337875,-0.9996841892832999,0.305024431817977,0.9999210442038161,0.0,0.0,-0.012566039883352807,0.06722745668566704,0.17812381159472873,-0.2682119765495092,1,0.36800000000000005,-0.2,-0.2751310112835145,0,-0.03199999999999997,0.2,-0.2751310112835145,0,-0.39250178707543343,-0.15149570001046517,-0.2682119765495092,1
3.74,-0.13190914332464881,1.6505825328634498,9.878112099362925,-0.0008385947024770221,-0.0007239068920441132,1.2579911251321363,-0.012566039883352897,-0.9999210442038161,0.3025130095443338,0.9999802608561371,0.0,0.0,-0.006283143965559095,0.056894419725620496,0.17734392058158047,-0.26570055427586603,1,0.384,-0.2,-0.2874666766435695,0,-0.016000000000000014,0.2,-0.2874666766435695,0,-0.40694053767617205,-0.1464725896399914,-0.26570055427586603,1
3.75,-0.048670712762758445,1.5990503602882142,9.855054634180755,1.48816656170522e-05,0.0011218135609699943,1.2630278037970692,-1.8369701987210297e-16,-1.0,0.30000000000000004,1.0,0.0,0.0,-9.184850993605148e-17,0.046552398477158176,0.17669393649990406,-0.2631875447315322,1,0.0,-0.2,-0.3,0,-0.4,0.2,-0.3,0,-0.4213150276486071,-0.14126843795728158,-0.2631875447315322,1
3.7600000000000002,-0.07515334126004164,1.5980523307556673,9.69647507283275,-0.0018826924160792982,-0.0006351454426912136,1.2586563840298157,0.012566039883352531,-0.9999210442038161,0.29748699045566623,0.9999802608561371,0.0,0.0,0.006283143965558913,0.03620302606532383,0.17617396198972107,-0.26067453518719846,1,0.016000000000000014,-0.2,-0.28746667664356956,0,-0.384,0.2,-0.28746667664356956,0,-0.43562298709413777,-0.1358840667582149,-0.26067453518719846,1
3.77,-0.06481897447028528,1.6440191567181386,9.829976666249173,0.00013483483171478148,0.000849183423942888,1.2549201068993134,0.025130095443337507,-0.9996841892832999,0.29497556818202303,0.9999210442038161,0.0,0.0,0.012566039883352621,0.025847936775994947,0.17578407916103417,-0.2581631129135552,1,0.032,-0.2,-0.2751310112835145,0,-0.368,0.2,-0.2751310112835145,0,-0.44986215662010426,-0.13032032629742127,-0.2581631129135552,1
3.7800000000000002,0.09781904931502067,1.5044112316567588,10.017996921118442,0.0010035900028735542,0.0012385060511296514,1.2563131487470418,0.03769018266993467,-0.9992894726405892,0.29246731944720666,0.999822352380809,0.0,0.0,0.01884843971540824,0.015488765797810368,0.17552434958086197,-0.25565486417873884,1,0.04799999999999999,-0.2,-0.2631875447315322,0,-0.35200000000000004,0.2,-0.2631875447315322,0,-0.46403028769657306,-0.12457809515401633,-0.25565486417873884,1
3.79,0.04982819706202192,1.701967066413702,9.849077494805403,0.001163899831256478,0.0003374442687870246,1.2559511672256245,0.0502443181797698,-0.9987369566060175,0.28996382851487845,0.9996841892832999,0.0,0.0,0.0251300954433376,0.005127148963954835,0.17539481426351589,-0.2531513732464107,1,0.064,-0.2,-0.25182463258982846,0,-0.336,0.2,-0.25182463258982846,0,-0.4781251430114048,-0.11865828009286372,-0.2531513732464107,1
3.8000000000000003,0.02033626112797254,1.4687793853481441,9.92549317334948,-0.00022716117140732562,0.00026752976055579604,1.2579274038901849,0.06279051952931372,-0.9980267284282716,0.2874666766435695,0.9995065603657316,0.0,0.0,0.031410759078128465,-0.005235277506157899,0.17539549366412413,-0.25065422137510174,1,0.08000000000000002,-0.2,-0.24122147477075268,0,-0.32,0.2,-0.24122147477075268,0,-0.4921444968235524,-0.11256181592138623,-0.25065422137510174,1
3.81,-0.05351269962175763,1.5010995467336612,9.732918825280558,7.168425717062101e-05,0.001302575336270766,1.247659291485943,0.07532680552793229,-0.9971589002606139,0.2849774410879244,0.9992894726405892,0.0,0.0,0.037690182669934326,-0.015596877265262423,0.17552638767540144,-0.24816498581945662,1,0.096,-0.2,-0.23154528940713112,0,-0.30400000000000005,0.2,-0.23154528940713112,0,-0.5060861353145307,-0.10628966534194956,-0.24816498581945662,1
3.8200000000000003,0.27431547871975104,1.5074695115553185,9.900744848148348,-0.0011549428728452552,0.0011990747092222248,1.2518016812480084,0.08785119655074373,-0.9961336091431724,0.2824976941024723,0.9990329346781247,0.0,0.0,0.043968118317865186,-0.025956014096643484,0.17578747562766622,-0.2456852388340045,1,0.11200000000000002,-0.2,-0.22294867572242105,0,-0.28800000000000003,0.2,-0.22294867572242105,0,-0.519947856938008,-0.0998428187998378,-0.2456852388340045,1
3.83,-0.06550833569571322,1.5683007878291393,9.99655101756413,0.0005392727479673137,0.001337710365103576,1.2591251462657251,0.10036171485121467,-0.9949510169813002,0.28002900194855934,0.9987369566060175,0.0,0.0,0.050244318179769445,-0.03631105217250557,0.17617871629210402,-0.24321654668009157,1,0.128,-0.2,-0.21556720744979846,0,-0.272,0.2,-0.21556720744979846,0,-0.5337274727674464,-0.093222294326856,-0.24321654668009157,1
3.84,0.0475941089559065,1.56571169120843,9.90482511354155,-0.0005053291542194208,0.0001510026017503648,1.2578848765570756,0.11285638487348157,-0.9936113105200084,0.2775729239050619,0.998401550108975,0.0,0.0,0.05651853448202447,-0.046660356312299256,0.17670004788727856,-0.24076046863659406,1,0.144,-0.2,-0.20951729475339803,0,-0.256,0.2,-0.20951729475339803,0,-0.5474228068417704,-0.08642913738056467,-0.24076046863659406,1
3.85,0.11750865039152167,1.6610544917353858,9.93045412492881,-0.0015428633765858619,-0.0016460260603922603,1.2599490477790367,0.12533323356430423,-0.9921147013144779,0.2751310112835145,0.9980267284282716,0.0,0.0,0.06279051952931337,0.16000000000000003,0.2,-0.20489434837048465,0,0.16000000000000003,-0.2,-0.20489434837048465,0,-0.24,0.2,-0.20489434837048465,0,-0.24,-0.2,-0.20489434837048465,0
3.86,0.05422438122452012,1.549241728883995,10.029617494971827,0.00031950779983300247,0.001135040554756371,1.252372737146108,0.13779029068463816,-0.9904614256966512,0.27270480644826744,0.9976125063612252,0.0,0.0,0.06906002571440585,0.17600000000000002,0.2,-0.20177127492713112,0,0.17600000000000002,-0.2,-0.20177127492713112,0,-0.224,0.2,-0.20177127492713112,0,-0.224,-0.2,-0.20177127492713112,0
3.87,-0.02235582459081341,1.5600311845910941,10.048715887242563,-0.00013893982687655053,-0.0007053351203670376,1.2592048464973173,0.15022558912075726,-0.988651744737914,0.27029584184229644,0.9971589002606139,0.0,0.0,0.07532680552793283,0.192,0.2,-0.2001973271571728,0,0.192,-0.2,-0.2001973271571728,0,-0.20800000000000002,0.2,-0.2001973271571728,0,-0.20800000000000002,-0.2,-0.2001973271571728,0
3.88,0.04617197522784616,1.2908433744791257,9.910424525044904,0.0010707401637691481,-0.0003050387471752681,1.2589077410285325,0.16263716519488303,-0.9866859442078681,0.26790563901927916,0.9966659280340299,0.0,0.0,0.08159061156815726,0.20800000000000002,0.2,-0.2001973271571728,0,0.20800000000000002,-0.2,-0.2001973271571728,0,-0.192,0.2,-0.2001973271571728,0,-0.192,-0.2,-0.2001973271571728,0
3.89,0.12061879612972964,1.5785656102337424,10.067670263397078,0.0013165729558183208,-0.0005443823814256812,1.2565909655698713,0.1750230589752756,-0.9845643345292054,0.26553570768254836,0.9961336091431725,0.0,0.0,0.08785119655074294,0.22400000000000003,0.2,-0.20177127492713112,0,0.22400000000000003,-0.2,-0.20177127492713112,0,-0.176,0.2,-0.20177127492713112,0,-0.176,-0.2,-0.20177127492713112,0
3.9,0.040942860522665436,1.5280415799230649,10.001431088635204,0.0004393575751399489,-0.0009041065116744007,1.2555890189514312,0.18738131458572427,-0.9822872507286887,0.2631875447315323,0.99556196460308,0.0,0.0,0.09410831331851414,0.24,0.2,-0.20489434837048462,0,0.2000000000000001,-0.20000000000000018,-0.3000000000000001,1,-0.20000000000000007,0.20000000000000007,-0.3000000000000001,1,-0.16000000000000003,-0.2,-0.20489434837048462,0
3.91,0.05580425560997115,1.7281118007940084,10.262978309459259,0.00042431767749178496,-4.591267773319229e-05,1.2628173135002683,0.19970998051440675,-0.979855052384247,0.2608626333162798,0.9949510169813002,0.0,0.0,0.10036171485121474,0.256,0.2,-0.20951729475339803,0,0.18490496098074005,-0.2024184610212499,-0.29767508858474756,1,-0.2100370407474454,0.20257637261361772,-0.29767508858474756,1,-0.14400000000000002,-0.2,-0.20951729475339803,0
3.92,-0.07505180338393369,1.6063393849033316,10.235253988529566,0.000565692049636609,0.0007009840624556152,1.258399532774336,0.2120071099220545,-0.9772681235681935,0.25856244190067157,0.9943007903969989,0.0,0.0,0.10661115427525984,0.272,0.2,-0.2155672074497985,0,0.16978072332465483,-0.20464704622862762,-0.29537489716913934,1,-0.2200409142113302,0.20527866766202757,-0.29537489716913934,1,-0.128,-0.2,-0.2155672074497985,0
3.93,0.13538837802877654,1.5728902132233882,10.16035936114658,-0.00034899660567918635,0.00017347518990695876,1.2583052077200871,0.22427076094938114,-0.9745268727865771,0.2562884233349067,0.9936113105200084,0.0,0.0,0.11285638487348167,0.288,0.2,-0.22294867572242105,0,0.1546296753241961,-0.20668540370269423,-0.2931008786033745,1,-0.23001004066406588,0.20810645842151562,-0.2931008786033745,1,-0.11200000000000004,-0.2,-0.22294867572242105,0
3.94,0.007909982676278132,1.8552327811827487,10.015779614081914,0.0008160254144382481,-0.0025196878057336535,1.2660773858130532,0.23649899702372473,-0.971631732914674,0.2540420139378512,0.9928826045698137,0.0,0.0,0.11909716009486976,0.30400000000000005,0.2,-0.2315452894071311,0,0.1394542095054796,-0.208533211563175,-0.29085446920631897,1,-0.23994284586501952,0.2110592983511401,-0.29085446920631897,1,-0.09599999999999997,-0.2,-0.2315452894071311,0
3.95,0.01535183891606968,1.7381691671348596,10.143624018373743,9.591068521824467e-05,0.0010408890923425662,1.257010549381865,0.24868988716485493,-0.9685831611286311,0.25182463258982846,0.9921147013144779,0.0,0.0,0.1253332335643043,0.32000000000000006,0.2,-0.24122147477075268,0,0.12425672225047771,-0.21019017801978873,-0.2886370878582962,1,-0.24983776130910548,0.2141367211632456,-0.2886370878582962,1,-0.07999999999999996,-0.2,-0.24122147477075268,0
3.96,0.038146299887113905,1.6006236310756776,10.192951066557224,-0.00197746172102625,-0.0008756411921526285,1.2477781492340627,0.26084150628989633,-0.965381638833274,0.24963767983642401,0.9913076310695066,0.0,0.0,0.1315643590922822,0.336,0.2,-0.25182463258982846,0,0.1090396134186039,-0.21165604141832342,-0.28645013510489187,1,-0.2596932244744689,0.21733824089709539,-0.28645013510489187,1,-0.064,-0.2,-0.25182463258982846,0
3.97,0.01657265179774754,1.636942942635654,10.142986162067672,0.0007940265102005002,0.00034542337573968663,1.2652578008415416,0.2729519355173256,-0.9620276715860858,0.24748253700387035,0.9904614256966512,0.0,0.0,0.13779029068463824,0.35200000000000004,0.2,-0.26318754473153216,0,0.09380528596774185,-0.21293057028195572,-0.2842949922723381,1,-0.2695076790692297,0.22066335199561093,-0.2842949922723381,1,-0.04799999999999999,-0.2,-0.26318754473153216,0
3.98,0.0644889043433698,1.5363442247271788,10.115747034807901,0.0004667430812803007,0.0005903240559415403,1.2627083589742236,0.2850192624699757,-0.9585217890173761,0.24536056532657313,0.989576118602651,0.0,0.0,0.14401078255225194,0.36800000000000005,0.2,-0.2751310112835145,0,0.07855614557480234,-0.21401356334780325,-0.28217302059504096,1,-0.27927957527723196,0.22411152938520293,-0.28217302059504096,1,-0.03199999999999997,-0.2,-0.2751310112835145,0
3.99,0.020453211630307583,1.7664991473405571,10.17537429616158,-0.0007382835288834134,0.0009971197569694592,1.2540968286717606,0.29704158157703464,-0.9548645447466431,0.2432731050873244,0.9886517447379141,0.0,0.0,0.15022558912075692,0.384,0.2,-0.2874666766435695,0,0.0632946002558236,-0.2149048495987065,-0.28008556035579213,1,-0.28900737000278715,0.22768222855868972,-0.28008556035579213,1,-0.016000000000000014,-0.2,-0.2874666766435695,0
4.0,0.12110334076900356,1.7242010782336097,10.26769859364827,5.108194689712133e-05,-0.0016508850682925705,1.2570913615434844,0.30901699437494723,-0.9510565162951536,0.2412214747707527,0.9876883405951378,0.0,0.0,0.15643446504023076,0.0,0.2,-0.3,0,0.04802305998573034,-0.21560428829023434,-0.2780339300392205,1,-0.29868952711433916,0.23137488566127867,-0.2780339300392205,1,-0.4,-0.2,-0.3,0
4.01,0.020402783343224987,1.559740076348168,10.098399439983684,-0.0011388143157527765,0.0016070235554578795,1.2555913757571224,0.32094360980720943,-0.9470983049947443,0.23920697023053947,0.986685944207868,0.0,0.0,0.16263716519488355,0.016000000000000014,0.2,-0.28746667664356956,0,0.032743936317764274,-0.21611176897290918,-0.2760194254990073,1,-0.308324517687041,0.23518891757960686,-0.2760194254990073,1,-0.384,-0.2,-0.28746667664356956,0
4.0200000000000005,0.1538472192818408,1.56581714518717,10.116173909455975,0.000981711280759743,0.001381144465862879,1.255611582790501,0.3328195445229867,-0.9429905358928644,0.23723086387092995,0.985644595148998,0.0,0.0,0.1688334447127339,0.032,0.2,-0.2751310112835145,0,0.017459642002673886,-0.21642721150964836,-0.2740433191393977,1,-0.3179108202441889,0.23912372203382037,-0.2740433191393977,1,-0.368,-0.2,-0.2751310112835145,0
4.03,0.1542455064587862,1.534530267466223,10.093771983707914,0.0008662988803099902,-0.0004966785945871728,1.2599983712247707,0.34464292317451717,-0.9387338576538741,0.23529440384305556,0.9845643345292053,0.0,0.0,0.1750230589752761,0.04799999999999999,0.2,-0.2631875447315322,0,0.002172590607712771,-0.21655056608841847,-0.2721068591115233,1,-0.32744692099748085,0.24317867767268248,-0.2721068591115233,1,-0.35200000000000004,-0.2,-0.2631875447315322,0
4.04,-0.1465515639816178,1.4543931256393552,10.238012774510736,0.0009528713822516252,0.0002587136941180976,1.2556199715022742,0.3564118787132509,-0.934328942456612,0.2333988132565748,0.9834452049953296,0.0,0.0,0.18120576362713747,0.064,0.2,-0.25182463258982846,0,-0.013114803864490855,-0.2164818132301017,-0.27021126852504257,1,-0.33693131408606236,0.24735314417169124,-0.27021126852504257,1,-0.336,-0.2,-0.25182463258982846,0
4.05,-0.16862332979306857,1.3914977734950718,10.263064709716181,0.0009330248916724611,-0.00023747640394571257,1.2692170985997175,0.3681245526846774,-0.9297764858882516,0.2315452894071312,0.9822872507286887,0.0,0.0,0.18738131458572438,0.08000000000000002,0.2,-0.24122147477075268,0,-0.028400127357131544,-0.2162209637915715,-0.268357744675599,1,-0.34636250181431727,0.2516464623341939,-0.268357744675599,1,-0.32,-0.2,-0.24122147477075268,0
4.0600000000000005,-0.14356838159869376,1.5472424910465876,10.284031034899293,-0.0005431403721708317,-0.0026401336068569,1.250950834181931,0.3797790955218015,-0.9250772068344579,0.22973500302011501,0.9810905174433341,0.0,0.0,0.19354946805086046,0.096,0.2,-0.23154528940713112,0,-0.04368096614043994,-0.2157680589639777,-0.26654745828858284,1,-0.3557389948883757,0.25605795419548427,-0.26654745828858284,1,-0.30400000000000005,-0.2,-0.23154528940713112,0
4.07,-0.015247392380855127,1.50563379891481,10.423363199308788,0.00033150776727119567,0.0005461933438796899,1.2531674276504206,0.3913736668372029,-0.9202318473658702,0.22796909751120922,0.9798550523842469,0.0,0.0,0.1997099805144073,0.11200000000000002,0.2,-0.22294867572242105,0,-0.05895490719282795,-0.2151231702662431,-0.264781552779677,1,-0.3650593126512831,0.2605869231298566,-0.264781552779677,1,-0.28800000000000003,-0.2,-0.22294867572242105,0
4.08,-0.01762572821380964,1.6068366219120116,10.244778602848728,-0.00014133293081666678,0.0009780372152299816,1.2576613863727673,0.40290643571366247,-0.9152411726209176,0.22624868826418262,0.9785809043254722,0.0,0.0,0.20586260876988122,0.128,0.2,-0.21556720744979846,0,-0.07421953858194215,-0.21428639953376896,-0.2630611435326505,1,-0.37432198331682065,0.2652326539606147,-0.2630611435326505,1,-0.272,-0.2,-0.21556720744979846,0
4.09,-0.09099846564148589,1.4619357721281736,10.249430524562843,-0.001237378898800006,6.33632822843565e-05,1.264328865669471,0.41437558099328403,-0.9101059706849958,0.22457486192638962,0.9772681235681935,0.0,0.0,0.21200710992205457,0.144,0.2,-0.20951729475339803,0,-0.08947244984553508,-0.2132578789023537,-0.2613873171948574,1,-0.3835255442019147,0.269994413073006,-0.2613873171948574,1,-0.256,-0.2,-0.20951729475339803,0
4.1,0.06609669749855555,1.5293356078626814,10.36336955093298,-0.00040512517172458604,-0.0008356940356574257,1.2568157138456515,0.4257792915650718,-0.9048270524660199,0.22294867572242116,0.9759167619387475,0.0,0.0,0.21814324139654212,0.16000000000000003,0.2,-0.20489434837048465,0,-0.10471123237209884,-0.21203777078732847,-0.25976113099088893,1,-0.3926685419576097,0.2748714485300659,-0.25976113099088893,1,-0.24,-0.2,-0.20489434837048465,0
4.11,0.0006053625618777881,1.48615821121634,10.293252626132658,0.0005365386032521089,-0.0008257940221874272,1.2555626480960487,0.437115766650933,-0.899405251566371,0.22137115678633806,0.9745268727865771,0.0,0.0,0.22427076094938123,0.17600000000000002,0.2,-0.20177127492713112,0,-0.11993347978122211,-0.21062626785790817,-0.2581836120548059,1,-0.4017495327985728,0.27986299019136057,-0.2581836120548059,1,-0.224,-0.2,-0.20177127492713112,0
4.12,0.04222345778352641,1.586464256914044,10.326577630160715,-0.00033269777985403434,-0.001589481667942323,1.2554663795712324,0.4483832160900324,-0.8938414241512637,0.21984330151291231,0.9730985109821265,0.0,0.0,0.23038942667659065,0.192,0.2,-0.2001973271571728,0,-0.13513678830357373,-0.20902359300676823,-0.25665575678138014,1,-0.41076708273107787,0.28496824983459657,-0.25665575678138014,1,-0.20800000000000002,-0.2,-0.2001973271571728,0
4.13,-0.1907255788515776,1.6305091784705537,10.207177208484238,0.00017617780162028642,0.0009244442128714621,1.2603831502870322,0.4595798606214873,-0.8881364488135448,0.21836607492828164,0.971631732914674,0.0,0.0,0.2364989970237244,0.20800000000000002,0.2,-0.2001973271571728,0,-0.15031875716049586,-0.20722999931484648,-0.25517853019674946,1,-0.41971976777945597,0.29018642128009453,-0.25517853019674946,1,-0.192,-0.2,-0.2001973271571728,0
4.14,0.0006101274667718202,1.463854947795094,10.229287912212552,-0.0007718265010187037,-0.0019789450794291644,1.2590290879511474,0.47070393216533213,-0.8822912264349535,0.21694041008041876,0.9701265964901059,0.0,0.0,0.24259923079540718,0.22400000000000003,0.2,-0.20177127492713112,0,-0.16547698894311313,-0.20524577001137867,-0.2537528653488865,1,-0.4286061742109566,0.2955166805180926,-0.2537528653488865,1,-0.176,-0.2,-0.20177127492713112,0
4.15,-0.033516950755499215,1.4746892088642627,10.107157372823783,0.0005056778388028696,-0.0019745630712671492,1.248873676300255,0.4817536741017157,-0.8763066800438634,0.2155672074497984,0.9685831611286311,0.0,0.0,0.24868988716485507,0.24,0.2,-0.20489434837048462,0,0.24,-0.2,-0.20489434837048462,0,-0.16000000000000003,0.2,-0.20489434837048462,0,-0.16000000000000003,-0.2,-0.20489434837048462,0
4.16,-0.06109941228041086,1.6108159762370045,10.33206509802395,0.0009949641237658536,0.0007202428831529032,1.2590277964300258,0.49272734154829134,-0.8701837546695258,0.21424733438063479,0.9670014877624351,0.0,0.0,0.254770725683382,0.256,0.2,-0.20951729475339803,0,0.256,-0.2,-0.20951729475339803,0,-0.14400000000000002,0.2,-0.20951729475339803,0,-0.14400000000000002,-0.2,-0.20951729475339803,0
4.17,0.03259902934010521,1.5470591986229667,10.349486516854316,0.0005926901379108789,-0.0019493663025120058,1.2535756311715278,0.5036232016357607,-0.8639234171928354,0.21298162453304742,0.9653816388332739,0.0,0.0,0.26084150628989683,0.272,0.2,-0.2155672074497985,0,0.272,-0.2,-0.2155672074497985,0,-0.128,0.2,-0.2155672074497985,0,-0.128,-0.2,-0.2155672074497985,0
4.18,0.10903811031821264,1.4970876972855174,10.34569139348672,-3.620596689247981e-05,0.0009848158864628333,1.2561284237975083,0.5144395337815056,-0.8575266561936528,0.21177087735650474,0.9637236782900098,0.0,0.0,0.2669019893203751,0.288,0.2,-0.22294867572242105,0,0.288,-0.2,-0.22294867572242105,0,-0.11200000000000004,0.2,-0.22294867572242105,0,-0.11200000000000004,-0.2,-0.22294867572242105,0
4.19,0.0365819099479098,1.6972153408369386,10.50908423084345,0.0004673481626935143,-0.002094634552628594,1.2583621712114874,0.5251746299612957,-0.8509944817946918,0.2106158575848736,0.9620276715860859,0.0,0.0,0.2729519355173252,0.30400000000000005,0.2,-0.2315452894071311,0,0.30400000000000005,-0.2,-0.2315452894071311,0,-0.09599999999999997,0.2,-0.2315452894071311,0,-0.09599999999999997,-0.2,-0.2315452894071311,0
4.2,-0.05092193779522341,1.7181108977389674,10.527646926669487,-0.00016698513268566335,-0.0006272451030187721,1.2512124555307143,0.5358267949789968,-0.844327925502015,0.20951729475339803,0.9602936856769431,0.0,0.0,0.2789911060392294,0.2,0.2000000000000001,-0.3,1,0.32000000000000006,-0.2,-0.24122147477075268,0,-0.07999999999999996,0.2,-0.24122147477075268,0,-0.20000000000000007,-0.20000000000000007,-0.3,1
4.21,0.15417395053830474,1.4744771307840407,10.713945096806507,0.001625699080087474,0.0008399531792808042,1.2512985651030337,0.5463943467342686,-0.8375280400421421,0.2084758827379083,0.958521789017376,0.0,0.0,0.28501926246997583,0.18993137693408182,0.19754995666027692,-0.2989585879845103,1,0.336,-0.2,-0.25182463258982846,0,-0.064,0.2,-0.25182463258982846,0,-0.21506345670078542,-0.19739204506790903,-0.2989585879845103,1
4.22,0.0074848279887434685,1.4982774285201699,10.438948631048326,0.0002937738354673228,-0.00024994679609903513,1.2570318178232263,0.5568756164881876,-0.8305958991958129,0.20749227931655423,0.9567120515588305,0.0,0.0,0.2910361668282716,0.17983276150199054,0.19522662948469274,-0.2979749845631562,1,0.35200000000000004,-0.2,-0.26318754473153216,0,-0.04799999999999999,0.2,-0.26318754473153216,0,-0.23009295238866423,-0.1945950080512927,-0.2979749845631562,1
4.23,-0.024452861156897016,1.5379235913192888,10.207197820162916,9.80278696553567e-05,-4.208418446501882e-05,1.2583053122634995,0.5672689491267568,-0.8235325976284271,0.20656710575433873,0.9548645447466428,0.0,0.0,0.29704158157703514,0.16970574839217004,0.19303038535354172,-0.29704981100094074,1,0.36800000000000005,-0.2,-0.2751310112835145,0,-0.03199999999999997,0.2,-0.2751310112835145,0,-0.2450861137320397,-0.19160933063472024,-0.29704981100094074,1
4.24,0.12006625839052582,1.5948289441083112,10.337699414648617,-0.0022485112662018678,-0.0012122843720484503,1.2494361428345169,0.5775727034222673,-0.8163392507171842,0.20570094641071357,0.9529793415172189,0.0,0.0,0.30303526963277383,0.15955193677738827,0.19096157107923228,-0.2961836516573155,1,0.384,-0.2,-0.2874666766435695,0,-0.016000000000000014,0.2,-0.2874666766435695,0,-0.26004057313692636,-0.18843548429126725,-0.2961836516573155,1
4.25,-0.12547148094248012,1.5090796146752636,10.52253831247614,-0.001623175312360871,0.0005383335454932723,1.2510143380301872,0.5877852522924729,-0.8090169943749476,0.20489434837048465,0.9510565162951536,0.0,0.0,0.3090169943749473,0.14937293006220395,0.18902051335152026,-0.2953770536170866,1,0.0,-0.2,-0.3,0,-0.4,0.2,-0.3,0,-0.27495396912082987,-0.18507397020806343,-0.2953770536170866,1
4.26,-0.03279007843385034,1.650616439841906,10.33395647730525,0.0004851136660341438,0.0006447975902804936,1.2642667644141978,0.5979049830575188,-0.8015669848708766,0.2041478210982624,0.9490961449902946,0.0,0.0,0.3149865196553047,0.1391703356297768,0.1872075186859225,-0.29463052634486436,1,0.016000000000000014,-0.2,-0.28746667664356956,0,-0.384,0.2,-0.28746667664356956,0,-0.28982394668564176,-0.18152531920715032,-0.29463052634486436,1
4.2700000000000005,0.12438946477928699,1.5136540452853473,10.354634813732385,-0.001487129092495486,-0.0004970443828398775,1.2614778088974754,0.6079302976946054,-0.7939903986478353,0.2034618361166726,0.9470983049947442,0.0,0.0,0.32094360980720954,0.12894576458804008,0.18552287337531348,-0.2939445413632745,1,0.032,-0.2,-0.2751310112835145,0,-0.368,0.2,-0.2751310112835145,0,-0.30464815768952613,-0.1777900916616584,-0.2939445413632745,1
4.28,-0.04301556653711233,1.6008529057441498,10.310257490965148,0.00025117361124652506,-0.0005571274054738857,1.2586699296256363,0.6178596130903344,-0.7862884321366188,0.2028368267085326,0.9450630751798048,0.0,0.0,0.32688802965494257,0.11870083151528818,0.18396684344471703,-0.29331953195513455,1,0.04799999999999999,-0.2,-0.2631875447315322,0,-0.35200000000000004,0.2,-0.2631875447315322,0,-0.3194242612177179,-0.17386887740731727,-0.29331953195513455,1
4.29,0.13814916911189448,1.5088635954000291,10.544453617743988,0.0007418187523389148,0.0007350813207405376,1.249235610665544,0.6276913612907007,-0.7784623015670233,0.20227318764318064,0.9429905358928644,0.0,0.0,0.33281954452298673,0.10843715420521635,0.18253967460929715,-0.29275589288978265,1,0.064,-0.2,-0.25182463258982846,0,-0.336,0.2,-0.25182463258982846,0,-0.33414992395217985,-0.16976229564931372,-0.29275589288978265,1
4.3,-0.06528134497672704,1.6544434644464976,10.520677605603149,-2.6649237530288585e-05,0.0007558884353241065,1.258553760160544,0.6374239897486893,-0.7705132427757896,0.20177127492713115,0.9408807689542256,0.0,0.0,0.3387379202452911,0.0981563534114528,0.1812415922355571,-0.29225398017373316,1,0.08000000000000002,-0.2,-0.24122147477075268,0,-0.32,0.2,-0.24122147477075268,0,-0.3488228205400599,-0.1654709948645129,-0.29225398017373316,1
4.3100000000000005,0.21415135117792772,1.6575071991412547,10.39724061979699,-0.0004039988046838838,0.0002051153771919159,1.2504397786602537,0.6470559615694447,-0.7624425110114476,0.20133140557921314,0.938733857653874,0.0,0.0,0.3446429231745173,0.08786005259161958,0.18007280130575148,-0.2918141108258151,1,0.096,-0.2,-0.23154528940713112,0,-0.30400000000000005,0.2,-0.23154528940713112,0,-0.3634406339608963,-0.1609956526990538,-0.2918141108258151,1
4.32,-0.23719546484575948,1.4674836601451742,10.627827888068747,0.0015510783283278914,-0.0011108232653404902,1.2569723522798257,0.6565857557529569,-0.7542513807361034,0.20095385743033484,0.9365498867481923,0.0,0.0,0.3505343201912593,0.07754987765097687,0.17903348638551747,-0.2914365626769368,1,0.11200000000000002,-0.2,-0.22294867572242105,0,-0.28800000000000003,0.2,-0.22294867572242105,0,-0.3780010558924918,-0.15633697586134532,-0.2914365626769368,1
4.33,-0.2883975520092237,1.6401262824074883,10.400527925009285,0.0009076033913039417,-0.0012973699668665233,1.255028952273925,0.6660118674342514,-0.7459411454241823,0.20063886894799915,0.9343289424566121,0.0,0.0,0.3564118787132506,0.0672274566856671,0.17812381159472904,-0.2911215741946011,1,0.128,-0.2,-0.21556720744979846,0,-0.272,0.2,-0.21556720744979846,0,-0.3925017870754335,-0.15149570001046522,-0.2911215741946011,1
4.34,0.0741453107828329,1.7710843050892378,10.524839667376602,-0.0028040969829622184,0.00019213294437031862,1.2649013529892497,0.6753328081210244,-0.737513117358174,0.20038663908568274,0.932071112458211,0.0,0.0,0.3622753667045456,0.05689441972562052,0.17734392058158066,-0.29086934433228473,1,0.144,-0.2,-0.20951729475339803,0,-0.256,0.2,-0.20951729475339803,0,-0.40694053767617194,-0.14647258963999135,-0.29086934433228473,1
4.3500000000000005,0.021751416989882824,1.6275861399977303,10.307751860122035,6.66567172025647e-05,-0.0004986570142301661,1.2575797436407214,0.6845471059286893,-0.7289686274214109,0.2001973271571728,0.9297764858882512,0.0,0.0,0.36812455268467836,0.046552398477157475,0.17669393649990417,-0.29068003240377477,1,0.16000000000000003,-0.2,-0.20489434837048465,0,-0.24,0.2,-0.20489434837048465,0,-0.42131502764860806,-0.14126843795728128,-0.29068003240377477,1
4.36,-0.04118903377929753,1.612317534568443,10.541126850537966,-0.0006104142309203787,-0.0005449177036976557,1.2555152466086659,0.693653305812805,-0.7203090248879068,0.20007105273594106,0.9274451533346613,0.0,0.0,0.37395920573780045,0.03620302606532384,0.17617396198972124,-0.29055375798254307,1,0.17600000000000002,-0.2,-0.20177127492713112,0,-0.224,0.2,-0.20177127492713112,0,-0.4356229870941378,-0.13588406675821496,-0.29055375798254307,1
4.37,-0.007353652240332556,1.7255797343662875,10.645288210089204,-0.0007282492363361597,0.00020190636848537984,1.2524586405838705,0.7026499697988493,-0.7115356772092852,0.20000789557961837,0.925077206834458,0.0,0.0,0.37977909552180117,0.025847936775995006,0.17578407916103445,-0.29049060082622036,1,0.192,-0.2,-0.2001973271571728,0,-0.20800000000000002,0.2,-0.2001973271571728,0,-0.4498621566201043,-0.13032032629742132,-0.29049060082622036,1
4.38,0.011643673316284278,1.6251852746357938,10.319509624717265,0.000439817647828925,-0.00011821229451270612,1.261717687265512,0.7115356772092849,-0.7026499697988496,0.20000789557961837,0.922672739870115,0.0,0.0,0.38558399227739626,0.015488765797811152,0.1755243495808622,-0.29049060082622036,1,0.20800000000000002,-0.2,-0.2001973271571728,0,-0.192,0.2,-0.2001973271571728,0,-0.464030287696572,-0.1245780951540168,-0.29049060082622036,1
4.39,0.06490771871029614,1.637277457476545,10.540280536662825,0.0019170027767735562,0.000896843897370844,1.252639355581378,0.7203090248879065,-0.6936533058128054,0.20007105273594106,0.9202318473658705,0.0,0.0,0.39137366683720215,0.005127148963955677,0.17539481426351605,-0.290553757982543,1,0.22400000000000003,-0.2,-0.20177127492713112,0,-0.176,0.2,-0.20177127492713112,0,-0.47812514301140363,-0.11865828009286425,-0.290553757982543,1
4.4,-0.1577782990678596,1.6008386946904287,10.313026071824876,0.001748875261990894,-0.00039483117966692224,1.251140307638721,0.7289686274214119,-0.6845471059286883,0.20019732715717284,0.917754625683981,0.0,0.0,0.3971478906347809,-0.005235277506157862,0.17539549366412427,-0.2906800324037748,1,0.24,-0.2,-0.20489434837048462,0,-0.16000000000000003,0.2,-0.20489434837048462,0,-0.49214449682355244,-0.11256181592138625,-0.2906800324037748,1
4.41,-0.10196246661975011,1.6039337719610531,10.22722696411223,-0.00016579176883213865,-0.0005938106736523075,1.2562939159719586,0.7375131173581737,-0.6753328081210247,0.20038663908568272,0.9152411726209176,0.0,0.0,0.4029064357136625,-0.015596877265262321,0.17552638767540166,-0.2908693443322847,1,0.256,-0.2,-0.20951729475339803,0,-0.14400000000000002,0.2,-0.20951729475339803,0,-0.5060861353145306,-0.10628966534194956,-0.2908693443322847,1
4.42,-0.09194579523347685,1.5795881186030778,10.396443395930875,-0.0008859433260769832,5.254501862222364e-05,1.2582764687804675,0.745941145424182,-0.6660118674342518,0.20063886894799915,0.9126915874035029,0.0,0.0,0.4086490747363489,-0.02595601409664268,0.17578747562766636,-0.2911215741946011,1,0.272,-0.2,-0.2155672074497985,0,-0.128,0.2,-0.2155672074497985,0,-0.5199478569380072,-0.09984281879983833,-0.2911215741946011,1
4.43,-0.10268671573025208,1.482350250244469,10.438610094293477,-0.0002795345043528254,-0.0005627563004458341,1.2658897541672867,0.7542513807361032,-0.6565857557529572,0.20095385743033484,0.9101059706849959,0.0,0.0,0.4143755809932837,-0.03631105217250474,0.1761787162921042,-0.2914365626769368,1,0.288,-0.2,-0.22294867572242105,0,-0.11200000000000004,0.2,-0.22294867572242105,0,-0.5337274727674453,-0.09322229432685644,-0.2914365626769368,1
4.44,0.041890094904377555,1.7361741278331404,10.623823421031206,-0.0005374040093349649,0.0009018437426323004,1.2613313916653708,0.7624425110114479,-0.6470559615694443,0.2013314055792132,0.9074844245411169,0.0,0.0,0.42008572841180625,-0.046660356312299145,0.17670004788727878,-0.29181411082581515,1,0.30400000000000005,-0.2,-0.2315452894071311,0,-0.09599999999999997,0.2,-0.2315452894071311,0,-0.5474228068417702,-0.08642913738056465,-0.29181411082581515,1
4.45,-0.01577557989508384,1.4390801449472173,10.362485503113456,0.000392720342010082,-0.00037725304564460737,1.2553128461662055,0.7705132427757894,-0.6374239897486896,0.20177127492713112,0.9048270524660195,0.0,0.0,0.42577929156507277,0.32000000000000006,0.2,-0.24122147477075268,0,0.32000000000000006,-0.2,-0.24122147477075268,0,-0.07999999999999996,0.2,-0.24122147477075268,0,-0.07999999999999996,-0.2,-0.24122147477075268,0
4.46,0.10300878563110574,1.7211607750355846,10.379617466304886,-0.0003953858334219043,0.000887527029258437,1.2580534425149448,0.778462301567023,-0.627691361290701,0.2022731876431806,0.902133959368203,0.0,0.0,0.4314560456809587,0.336,0.2,-0.25182463258982846,0,0.336,-0.2,-0.25182463258982846,0,-0.064,0.2,-0.25182463258982846,0,-0.064,-0.2,-0.25182463258982846,0
4.47,0.026241178179852467,1.5076667357511424,10.456575522114965,-8.537725854645796e-05,-0.0007157776149360233,1.2605576127287028,0.7862884321366186,-0.6178596130903348,0.20283682670853256,0.8994052515663712,0.0,0.0,0.4371157666509327,0.35200000000000004,0.2,-0.26318754473153216,0,0.35200000000000004,-0.2,-0.26318754473153216,0,-0.04799999999999999,0.2,-0.26318754473153216,0,-0.04799999999999999,-0.2,-0.26318754473153216,0
4.48,-0.011045479831307763,1.6893195689948932,10.535372803740739,-0.001289901905197738,0.000617896911292623,1.2611212242681382,0.7939903986478356,-0.607930297694605,0.20346183611667262,0.8966410367852358,0.0,0.0,0.4427582310389017,0.36800000000000005,0.2,-0.2751310112835145,0,0.36800000000000005,-0.2,-0.2751310112835145,0,-0.03199999999999997,0.2,-0.2751310112835145,0,-0.03199999999999997,-0.2,-0.2751310112835145,0
4.49,-0.04532110324135454,1.4212986823938374,10.482623675958163,0.001560902690156129,-0.0005720603097504629,1.2546431301013514,0.8015669848708764,-0.5979049830575192,0.20414782109826238,0.8938414241512639,0.0,0.0,0.4483832160900321,0.384,0.2,-0.2874666766435695,0,0.384,-0.2,-0.2874666766435695,0,-0.016000000000000014,0.2,-0.2874666766435695,0,-0.016000000000000014,-0.2,-0.2874666766435695,0
4.5,0.2443620718532618,1.4888197129731449,10.445552894040825,0.00023676656144910774,0.0006491753358795541,1.2571522859375366,0.8090169943749473,-0.5877852522924734,0.2048943483704846,0.8910065241883679,0.0,0.0,0.4539904997395467,0.0,0.2,-0.3,0,0.2,-0.2,-0.3,1,-0.2,0.2,-0.3,1,-0.4,-0.2,-0.3,0
4.51,0.09853537805413105,1.5721168850439202,10.296267595914095,-0.0005098414133441141,0.0005503491221777022,1.2578587140370825,0.8163392507171839,-0.5775727034222677,0.20570094641071351,0.8881364488135446,0.0,0.0,0.4595798606214878,0.016000000000000014,0.2,-0.28746667664356956,0,0.18490496098073997,-0.2024184610212499,-0.3008065980402289,1,-0.21003704074744542,0.20257637261361772,-0.3008065980402289,1,-0.384,-0.2,-0.28746667664356956,0
4.5200000000000005,-0.06551413964813312,1.624287834816549,10.395366867962867,-0.0012111956454049393,0.0005234031613934026,1.2577265912226825,0.8235325976284275,-0.5672689491267565,0.2065671057543388,0.8852313113324553,0.0,0.0,0.46515107807745837,0.032,0.2,-0.2751310112835145,0,0.16978072332465474,-0.2046470462286276,-0.3016727573838542,1,-0.22004091421133018,0.20527866766202757,-0.3016727573838542,1,-0.368,-0.2,-0.2751310112835145,0
4.53,-0.0023911362846688457,1.7422894370207875,10.367254011825878,-0.0008217596361909756,0.0019090274613795459,1.2572959276516518,0.8305958991958127,-0.556875616488188,0.20749227931655417,0.8822912264349533,0.0,0.0,0.4707039321653326,0.04799999999999999,0.2,-0.2631875447315322,0,0.15462967532419608,-0.20668540370269414,-0.30259793094606957,1,-0.23001004066406575,0.2081064584215155,-0.30259793094606957,1,-0.35200000000000004,-0.2,-0.2631875447315322,0
4.54,0.3333159887435378,1.58151542157054,10.247372642978796,-4.523491140727873e-05,0.00017969958482711427,1.2502869122138875,0.8375280400421419,-0.5463943467342689,0.20847588273790824,0.8793163101905562,0.0,0.0,0.47623820366793923,0.064,0.2,-0.25182463258982846,0,0.13945420950547943,-0.20853321156317503,-0.30358153436742363,1,-0.23994284586501952,0.21105929835114,-0.30358153436742363,1,-0.336,-0.2,-0.25182463258982846,0
4.55,0.04839418710850127,1.7464651893693757,10.354978494561196,-0.001535624329036632,-0.0019526682919548514,1.2598185475486987,0.8443279255020147,-0.5358267949789971,0.20951729475339798,0.8763066800438637,0.0,0.0,0.481753674101715,0.08000000000000002,0.2,-0.24122147477075268,0,0.12425672225047871,-0.21019017801978865,-0.30462294638291343,1,-0.24983776130910476,0.21413672116324528,-0.30462294638291343,1,-0.32,-0.2,-0.24122147477075268,0
4.5600000000000005,-0.12828346999365323,1.4774300274158816,10.409499910966469,0.0008523779806686995,0.0004901665853393583,1.2516566099222657,0.8509944817946921,-0.5251746299612954,0.21061585758487364,0.87326245480992,0.0,0.0,0.4872501257253325,0.096,0.2,-0.23154528940713112,0,0.10903961341860276,-0.21165604141832345,-0.305721509214389,1,-0.25969322447446946,0.2173382408970955,-0.305721509214389,1,-0.30400000000000005,-0.2,-0.23154528940713112,0
4.57,-0.07138697339665155,1.5801906445774117,10.729075468246023,-0.0010874563537987582,0.0019730881654772612,1.2523310020871263,0.8575266561936525,-0.514439533781506,0.21177087735650468,0.8701837546695255,0.0,0.0,0.4927273415482919,0.11200000000000002,0.2,-0.22294867572242105,0,0.09380528596774165,-0.2129305702819558,-0.3068765289860201,1,-0.26950767906922957,0.22066335199561088,-0.3068765289860201,1,-0.28800000000000003,-0.2,-0.22294867572242105,0
4.58,0.11125161255218621,1.6308770220963917,10.481460172716313,-0.0006384757393361674,0.0022644693662145408,1.256022396366892,0.8639234171928352,-0.503623201635761,0.2129816245330474,0.8670707011644901,0.0,0.0,0.49818510533949073,0.128,0.2,-0.21556720744979846,0,0.07855614557480217,-0.2140135633478033,-0.3080872761625628,1,-0.279279575277232,0.2241115293852028,-0.3080872761625628,1,-0.272,-0.2,-0.21556720744979846,0
4.59,-0.013903227987678622,1.745245913356388,10.266768495478889,0.0003035470756796632,-5.3115827779546123e-05,1.2562237604148585,0.8701837546695256,-0.4927273415482917,0.21424733438063476,0.8639234171928354,0.0,0.0,0.5036232016357608,0.144,0.2,-0.20951729475339803,0,0.06329460025582354,-0.21490484959870657,-0.30935298601015015,1,-0.28900737000278715,0.22768222855868964,-0.30935298601015015,1,-0.256,-0.2,-0.20951729475339803,0
4.6000000000000005,0.0379687831403849,1.571780610884201,9.98316016485875,-0.00042478057025757866,-0.0007585498574387104,1.2632944686040644,0.876306680043864,-0.48175367410171455,0.21556720744979857,0.8607420270039434,0.0,0.0,0.5090414157503717,0.16000000000000003,0.2,-0.20489434837048465,0,0.04802305998572914,-0.21560428829023434,-0.31067285907931397,1,-0.2986895271143398,0.23137488566127887,-0.31067285907931397,1,-0.24,-0.2,-0.20489434837048465,0
4.61,-0.10362251222036341,1.5130525242398922,10.268481172853521,-0.0004253097809692835,-0.0009200631222074812,1.2529631336312903,0.8822912264349533,-0.4707039321653325,0.21694041008041873,0.8575266561936522,0.0,0.0,0.5144395337815064,0.17600000000000002,0.2,-0.20177127492713112,0,0.032743936317764205,-0.21611176897290924,-0.31204606170993415,1,-0.30832451768704094,0.2351889175796067,-0.31204606170993415,1,-0.224,-0.2,-0.20177127492713112,0
4.62,-0.07634184294003891,1.4968053345266712,10.197764349091832,0.0009326547505372429,-1.7241049237163263e-05,1.259103772131439,0.8881364488135446,-0.4595798606214877,0.2183660749282816,0.8542774316992952,0.0,0.0,0.5198173426207096,0.192,0.2,-0.2001973271571728,0,0.01745964200267383,-0.21642721150964833,-0.313471726557797,1,-0.31791082024418876,0.23912372203382026,-0.313471726557797,1,-0.20800000000000002,-0.2,-0.2001973271571728,0
4.63,0.025745309410637508,1.6325941683590182,10.358446863291212,-0.0005279271509304994,0.0009940543619814007,1.2522758848503106,0.8938414241512636,-0.4483832160900328,0.21984330151291226,0.8509944817946921,0.0,0.0,0.5251746299612954,0.20800000000000002,0.2,-0.2001973271571728,0,0.0021725906077137286,-0.21655056608841847,-0.31494895314242766,1,-0.3274469209974803,0.24317867767268206,-0.31494895314242766,1,-0.192,-0.2,-0.2001973271571728,0
4.64,-0.0910726565573084,1.479790000346172,10.357489943739,0.0007168723694391154,-2.7974405900054887e-05,1.2631853390167989,0.8994052515663709,-0.4371157666509334,0.22137115678633804,0.8476779360850834,0.0,0.0,0.5305111843067338,0.22400000000000003,0.2,-0.20177127492713112,0,-0.013114803864489849,-0.21648181323010168,-0.31647680841585346,1,-0.3369313140860617,0.2473531441716908,-0.31647680841585346,1,-0.176,-0.2,-0.20177127492713112,0
4.65,-0.003302754125094966,1.5897302669945323,10.270043421663436,-0.000476458615598357,0.0005617608158634619,1.2615382844465748,0.9048270524660197,-0.4257792915650722,0.2229486757224211,0.844327925502015,0.0,0.0,0.5358267949789968,0.24,0.2,-0.20489434837048462,0,-0.028400127357132668,-0.21622096379157146,-0.3180543273519365,1,-0.34636250181431794,0.25164646233419413,-0.3180543273519365,1,-0.16000000000000003,-0.2,-0.20489434837048462,0
4.66,-0.05358003686803897,1.485296200762774,10.36564657811298,0.0006789685615349233,-0.0023211259405096305,1.251478853288827,0.9101059706849955,-0.4143755809932844,0.22457486192638956,0.8409445822981692,0.0,0.0,0.5411212521268757,0.256,0.2,-0.20951729475339803,0,-0.04368096614043898,-0.2157680589639778,-0.31968051355590504,1,-0.355738994888375,0.25605795419548394,-0.31968051355590504,1,-0.14400000000000002,-0.2,-0.20951729475339803,0
4.67,-0.01176242816891286,1.5882484077853807,10.290246501829381,0.0009366997419992073,0.0017626011574931532,1.2631919314838684,0.9152411726209175,-0.40290643571366286,0.22624868826418257,0.8375280400421418,0.0,0.0,0.546394346734269,0.272,0.2,-0.2155672074497985,0,-0.05895490719282695,-0.21512317026624314,-0.321354339893698,1,-0.36505931265128244,0.2605869231298562,-0.321354339893698,1,-0.128,-0.2,-0.2155672074497985,0
4.68,-0.2214971844010099,1.386156104942048,10.36886416617605,-0.0002956697405491189,-0.0007863457677384037,1.2539112328227586,0.9202318473658699,-0.3913736668372033,0.22796909751120914,0.8340784336131715,0.0,0.0,0.5516458706284298,0.288,0.2,-0.22294867572242105,0,-0.07421953858194112,-0.21428639953376902,-0.32307474914072454,1,-0.3743219833168199,0.2652326539606142,-0.32307474914072454,1,-0.11200000000000004,-0.2,-0.22294867572242105,0
4.69,-0.11197443295136876,1.5801747427366566,10.244528609387714,-0.0007970215494486205,-0.0006123692656230449,1.2428578286491303,0.925077206834458,-0.3797790955218011,0.22973500302011507,0.8305958991958127,0.0,0.0,0.556875616488188,0.30400000000000005,0.2,-0.2315452894071311,0,-0.08947244984553511,-0.21325787890235376,-0.32484065464963047,1,-0.38352554420191476,0.2699944130730058,-0.32484065464963047,1,-0.09599999999999997,-0.2,-0.2315452894071311,0
4.7,-0.12131856225680321,1.483653866863296,10.157742880685213,4.7041675763629095e-05,3.628523217985112e-05,1.2616874042151673,0.9297764858882515,-0.36812455268467786,0.23154528940713115,0.8270805742745618,0.0,0.0,0.5620833778521306,0.32000000000000006,0.2,-0.24122147477075268,0,-0.10471123237209994,-0.21203777078732836,-0.32665094103664655,1,-0.39266854195761036,0.2748714485300661,-0.32665094103664655,1,-0.07999999999999996,-0.2,-0.24122147477075268,0
4.71,0.01832480428183479,1.5418618650012632,10.064596174836778,-0.001087889682645117,-0.00018509219162545274,1.2540152612175828,0.9343289424566118,-0.3564118787132513,0.23339881325657474,0.8235325976284277,0.0,0.0,0.5672689491267562,0.336,0.2,-0.25182463258982846,0,-0.11993347978122104,-0.21062626785790822,-0.32850446488609014,1,-0.40174953279857206,0.27986299019136,-0.32850446488609014,1,-0.064,-0.2,-0.25182463258982846,0
4.72,-0.02021647963035794,1.702857214500814,10.07953121533226,0.0012516359094417481,-7.290405440773917e-06,1.260530349154003,0.9387338576538738,-0.34464292317451756,0.23529440384305547,0.8199521093254525,0.0,0.0,0.5724321255945907,0.35200000000000004,0.2,-0.26318754473153216,0,-0.13513678830357279,-0.20902359300676832,-0.3304000554725709,1,-0.4107670827310772,0.2849682498345961,-0.3304000554725709,1,-0.04799999999999999,-0.2,-0.26318754473153216,0
4.73,0.00872251728886028,1.4921774851488765,10.229630733451907,-0.0006431131487687747,5.946245787605173e-05,1.2505851460671547,0.9429905358928646,-0.33281954452298623,0.23723086387093,0.8163392507171838,0.0,0.0,0.5775727034222677,0.36800000000000005,0.2,-0.2751310112835145,0,-0.150318757160497,-0.20722999931484626,-0.3323365155004454,1,-0.4197197677794566,0.2901864212800947,-0.3323365155004454,1,-0.03199999999999997,-0.2,-0.2751310112835145,0
4.74,0.09592498436574269,1.7194411188736134,10.305640130698212,0.0005866686519898963,-0.0009530498360719112,1.25378082151297,0.9470983049947441,-0.3209436098072098,0.23920697023053938,0.8126941644330941,0.0,0.0,0.5826904796685759,0.384,0.2,-0.2874666766435695,0,-0.1654769889431132,-0.20524577001137867,-0.3343126218600548,1,-0.42860617421095637,0.29551668051809243,-0.3343126218600548,1,-0.016000000000000014,-0.2,-0.2874666766435695,0
4.75,-0.07897621869091317,1.4694180847348124,10.160925689213574,-0.0010455847165784149,-0.0011379593602845219,1.2565605112090785,0.9510565162951535,-0.3090169943749476,0.24122147477075265,0.8090169943749475,0.0,0.0,0.587785252292473,0.0,0.2,-0.3,0,0.0,-0.2,-0.3,0,-0.4,0.2,-0.3,0,-0.4,-0.2,-0.3,0
4.76,-0.10588632037638279,1.6842047206340722,10.24025558849928,-0.0005603776524574719,-0.0008557391550475154,1.2626603947046278,0.954864544746643,-0.29704158157703503,0.2432731050873243,0.805307885711122,0.0,0.0,0.5928568201610592,0.016000000000000014,0.2,-0.28746667664356956,0,0.016000000000000014,-0.2,-0.28746667664356956,0,-0.384,0.2,-0.28746667664356956,0,-0.384,-0.2,-0.28746667664356956,0
4.7700000000000005,0.062426623861404344,1.6378524600970068,10.075126533569682,0.0009485404187153159,0.0007455805786019932,1.2584283215083312,0.9585217890173758,-0.28501926246997616,0.24536056532657308,0.8015669848708766,0.0,0.0,0.5979049830575188,0.032,0.2,-0.2751310112835145,0,0.032,-0.2,-0.2751310112835145,0,-0.368,0.2,-0.2751310112835145,0,-0.368,-0.2,-0.2751310112835145,0
4.78,-0.031177156076493986,1.7401805749854207,10.03277969503603,0.0015084152333782086,-0.00014350905849077982,1.2574081627251594,0.9620276715860859,-0.27295193551732516,0.24748253700387043,0.797794439538571,0.0,0.0,0.6029295416890247,0.04799999999999999,0.2,-0.2631875447315322,0,0.04799999999999999,-0.2,-0.2631875447315322,0,-0.35200000000000004,0.2,-0.2631875447315322,0,-0.35200000000000004,-0.2,-0.2631875447315322,0
4.79,-0.08129313456969335,1.6484190739211404,10.17866694961219,-0.0005486532038113956,-0.0008007538771624604,1.2520886874511619,0.9653816388332739,-0.2608415062898968,0.24963767983642393,0.7939903986478353,0.0,0.0,0.6079302976946055,0.064,0.2,-0.25182463258982846,0,0.064,-0.2,-0.25182463258982846,0,-0.336,0.2,-0.25182463258982846,0,-0.336,-0.2,-0.25182463258982846,0
4.8,0.026734583204883505,1.528214529296968,10.192116650958098,0.0017230259709394191,-0.0016547712680747531,1.2493219468090473,0.968583161128631,-0.24868988716485535,0.25182463258982835,0.7901550123756905,0.0,0.0,0.6129070536529763,0.2,0.20000000000000007,-0.3,1,0.08000000000000002,-0.2,-0.24122147477075268,0,-0.32,0.2,-0.24122147477075268,0,-0.2,-0.20000000000000007,-0.3,1
4.8100000000000005,0.1469005026434697,1.2818417593602625,10.149790068131967,-9.33806598155886e-05,-0.0002366932508293841,1.2583207631363547,0.9716317329146741,-0.2364989970237243,0.25404201393785125,0.7862884321366188,0.0,0.0,0.6178596130903344,0.1899313769340803,0.19754995666027653,-0.3022173813480229,1,0.096,-0.2,-0.23154528940713112,0,-0.30400000000000005,0.2,-0.23154528940713112,0,-0.21506345670078755,-0.19739204506790864,-0.3022173813480229,1
4.82,-0.06204277264541539,1.414218098289635,9.959412700673983,-0.0009594100714431558,0.00018238973520150547,1.2647913457226763,0.9745268727865772,-0.2242707609493807,0.25628842333490676,0.782390810576588,0.0,0.0,0.6227877804881127,0.17983276150198912,0.19522662948469238,-0.3044637907450784,1,0.11200000000000002,-0.2,-0.22294867572242105,0,-0.28800000000000003,0.2,-0.22294867572242105,0,-0.23009295238866628,-0.19459500805129232,-0.3044637907450784,1
4.83,0.12844669932881586,1.6705569777544937,10.143938327533114,-0.0017007648937824359,-0.0010673166803060877,1.2572827280452992,0.9772681235681934,-0.2120071099220549,0.2585624419006715,0.7784623015670236,0.0,0.0,0.6276913612907004,0.16970574839216995,0.19303038535354172,-0.30673780931084316,1,0.128,-0.2,-0.21556720744979846,0,-0.272,0.2,-0.21556720744979846,0,-0.2450861137320397,-0.19160933063472024,-0.30673780931084316,1
4.84,0.07381555194612208,1.6152691281749882,10.09719686582495,-0.00029063778954511706,0.0016572897926301533,1.2610395228432905,0.9798550523842469,-0.1997099805144072,0.26086263331627974,0.7745030601987339,0.0,0.0,0.6325701619131244,0.15955193677738755,0.19096157107923217,-0.3090380007264514,1,0.144,-0.2,-0.20951729475339803,0,-0.256,0.2,-0.20951729475339803,0,-0.2600405731369275,-0.18843548429126702,-0.3090380007264514,1
4.8500000000000005,0.05266165594115723,1.5377978362229048,10.02634733295315,0.000439672624864641,1.1574001309856284e-05,1.2563011521813376,0.9822872507286888,-0.18738131458572382,0.26318754473153233,0.770513242775789,0.0,0.0,0.63742398974869,0.14937293006220245,0.18902051335151995,-0.311362912141704,1,0.16000000000000003,-0.2,-0.20489434837048465,0,-0.24,0.2,-0.20489434837048465,0,-0.27495396912083203,-0.1850739702080629,-0.311362912141704,1
4.86,-0.04115268258897719,1.6387660931497685,10.079040369568602,-0.0005573223327402394,0.0001297266042705895,1.260980575550044,0.9845643345292054,-0.175023058975276,0.2655357076825483,0.7664930068093498,0.0,0.0,0.6422526531765844,0.1391703356297761,0.18720751868592236,-0.31371107509271995,1,0.17600000000000002,-0.2,-0.20177127492713112,0,-0.224,0.2,-0.20177127492713112,0,-0.2898239466856428,-0.18152531920714998,-0.31371107509271995,1
4.87,0.06673644639749135,1.5573515257377424,10.122567191875367,-0.001255715131514933,-0.0018096359942465772,1.2578621783522244,0.9866859442078681,-0.16263716519488344,0.26790563901927905,0.7624425110114478,0.0,0.0,0.6470559615694443,0.12894576458803936,0.18552287337531342,-0.31608100642945075,1,0.192,-0.2,-0.2001973271571728,0,-0.20800000000000002,0.2,-0.2001973271571728,0,-0.30464815768952724,-0.17779009166165813,-0.31608100642945075,1
4.88,0.346090075969519,1.5142941977160793,9.841383928803758,0.0011464879568334524,4.258104214903619e-05,1.2531753529263947,0.988651744737914,-0.15022558912075767,0.2702958418422964,0.7583619152887221,0.0,0.0,0.6518337253008785,0.11870083151528812,0.18396684344471703,-0.318471209252468,1,0.20800000000000002,-0.2,-0.2001973271571728,0,-0.192,0.2,-0.2001973271571728,0,-0.31942426121771783,-0.17386887740731727,-0.318471209252468,1
4.89,-0.2731730130073319,1.555632800207741,10.015364674720189,-0.00020166216199922317,0.0002667575504701063,1.2530397132216153,0.9904614256966512,-0.13779029068463858,0.2727048064482674,0.754251380736104,0.0,0.0,0.6565857557529562,0.10843715420521625,0.18253967460929701,-0.32088017385843903,1,0.22400000000000003,-0.2,-0.20177127492713112,0,-0.176,0.2,-0.20177127492713112,0,-0.3341499239521798,-0.16976229564931378,-0.32088017385843903,1
4.9,-0.07221317376288554,1.5083713839411483,9.855202453082654,0.0006212676321836671,0.00032140986064971505,1.2538855125768937,0.9921147013144779,-0.1253332335643038,0.2751310112835146,0.7501110696304594,0.0,0.0,0.661311865323652,0.09815635341145132,0.18124159223555683,-0.3233063786936862,1,0.24,-0.2,-0.20489434837048462,0,-0.16000000000000003,0.2,-0.20489434837048462,0,-0.34882282054006186,-0.16547099486451225,-0.3233063786936862,1
4.91,0.2513168707363973,1.6509723601791213,9.990211861268124,0.00017635852572793045,0.00021769648429063052,1.258834802111754,0.9936113105200084,-0.112856384873482,0.27757292390506183,0.7459411454241822,0.0,0.0,0.6660118674342514,0.08786005259161961,0.1800728013057515,-0.32574829131523353,1,0.256,-0.2,-0.20951729475339803,0,-0.14400000000000002,0.2,-0.20951729475339803,0,-0.3634406339608964,-0.16099565269905383,-0.32574829131523353,1
4.92,-0.028801089666979637,1.7036874289572097,9.943591507664886,0.0008219460123214162,-0.00013598517658118385,1.2633257296913272,0.9949510169813002,-0.10036171485121509,0.28002900194855923,0.7417417727387393,0.0,0.0,0.6706855765367199,0.07754987765097682,0.17903348638551744,-0.3282043693587309,1,0.272,-0.2,-0.2155672074497985,0,-0.128,0.2,-0.2155672074497985,0,-0.37800105589249167,-0.15633697586134532,-0.3282043693587309,1
4.93,-0.025276162340314504,1.446921476535075,9.905669444643747,0.0013121252666755373,5.277040586414979e-05,1.2635437481371847,0.9961336091431724,-0.08785119655074417,0.28249769410247216,0.7375131173581743,0.0,0.0,0.675332808121024,0.06722745668566707,0.17812381159472893,-0.3306730615126438,1,0.288,-0.2,-0.22294867572242105,0,-0.11200000000000004,0.2,-0.22294867572242105,0,-0.39250178707543354,-0.1514957000104652,-0.3306730615126438,1
4.94,0.004914158628491063,1.501592539165601,9.933894427338172,-0.0002580490342932505,-0.002463351401472118,1.2564042134799323,0.9971589002606139,-0.07532680552793272,0.2849774410879243,0.7332553462225601,0.0,0.0,0.6799533787224192,0.056894419725619774,0.17734392058158055,-0.3331528084980959,1,0.30400000000000005,-0.2,-0.2315452894071311,0,-0.09599999999999997,0.2,-0.2315452894071311,0,-0.4069405376761731,-0.1464725896399911,-0.3331528084980959,1
4.95,0.13102781577613964,1.6669016213351575,9.737338713635316,0.00018029583502265686,0.0002711475972046974,1.2519364838511184,0.9980267284282716,-0.06279051952931326,0.28746667664356956,0.7289686274214116,0.0,0.0,0.6845471059286887,0.04655239847715746,0.17669393649990417,-0.3356420440537412,1,0.32000000000000006,-0.2,-0.24122147477075268,0,-0.07999999999999996,0.2,-0.24122147477075268,0,-0.4213150276486082,-0.1412684379572813,-0.3356420440537412,1
4.96,-0.10848712064682955,1.7980632764345161,9.811779595252766,-0.0014692959437728713,-0.0003695524858135097,1.256188733169073,0.9987369566060175,-0.05024431817977022,0.28996382851487834,0.7246531301870469,0.0,0.0,0.6891138083873483,0.03620302606532385,0.1761739619897212,-0.33813919592505,1,0.336,-0.2,-0.25182463258982846,0,-0.064,0.2,-0.25182463258982846,0,-0.43562298709413777,-0.1358840667582149,-0.33813919592505,1
4.97,0.01199547465428612,1.5913826103343924,9.79216097107957,-0.00056363871113761,0.0022301826481032428,1.2510004493389248,0.9992894726405892,-0.0376901826699351,0.2924673194472066,0.720309024887907,0.0,0.0,0.6936533058128047,0.02584793677599498,0.1757840791610344,-0.3406426868573783,1,0.35200000000000004,-0.2,-0.26318754473153216,0,-0.04799999999999999,0.2,-0.26318754473153216,0,-0.44986215662010437,-0.13032032629742135,-0.3406426868573783,1
4.98,-0.05228997121918264,1.6652984375621416,9.911265289966533,0.0010561643589036306,-0.00039600195787471633,1.2566978614921522,0.9996841892832999,-0.02513009544333705,0.29497556818202314,0.715936483021831,0.0,0.0,0.6981654189934728,0.01548876579780966,0.17552434958086202,-0.3431509355921948,1,0.36800000000000005,-0.2,-0.2751310112835145,0,-0.03199999999999997,0.2,-0.2751310112835145,0,-0.464030287696574,-0.12457809515401597,-0.3431509355921948,1
4.99,-0.10332424541808208,1.5988935880833464,9.916712067651192,-0.001755578887831055,-0.0006296407623406546,1.2641043844586475,0.9999210442038161,-0.01256603988335296,0.2974869904556662,0.7115356772092855,0.0,0.0,0.7026499697988491,0.005127148963954872,0.17539481426351597,-0.3456623578658378,1,0.384,-0.2,-0.2874666766435695,0,-0.016000000000000014,0.2,-0.2874666766435695,0,-0.4781251430114047,-0.11865828009286371,-0.3456623578658378,1
5.0,0.10302353862341955,1.6596744029037316,9.638249037310919,0.0010481803991323562,-0.0020572770436898076,1.256071526614902,1.0,-2.4492935982947064e-16,0.29999999999999993,0.7071067811865476,0.0,0.0,0.7071067811865475,-0.005235277506157865,0.1753954936641242,-0.3481753674101716,1,0.0,-0.2,-0.3,0,-0.4,0.2,-0.3,0,-0.49214449682355244,-0.11256181592138625,-0.3481753674101716,1
5.01,0.11034750843581245,1.5352606122375645,9.920728281729879,-0.00032133172278353463,0.0011293486103710136,1.2609253803616873,0.9999210442038161,0.012566039883352469,0.3025130095443337,0.7026499697988493,0.0,0.0,0.7115356772092852,-0.015596877265263143,0.17552638767540155,-0.35068837695450533,1,0.016000000000000014,-0.2,-0.28746667664356956,0,-0.384,0.2,-0.28746667664356956,0,-0.5060861353145316,-0.1062896653419492,-0.35068837695450533,1
5.0200000000000005,0.28627275606889924,1.4582801935400078,9.912337528013978,-0.0003735124829425385,0.001302945610876454,1.2490057912425263,0.9996841892832999,0.025130095443337445,0.30502443181797695,0.6981654189934727,0.0,0.0,0.7159364830218311,-0.025956014096643464,0.17578747562766625,-0.3531997992281486,1,0.032,-0.2,-0.2751310112835145,0,-0.368,0.2,-0.2751310112835145,0,-0.519947856938008,-0.09984281879983788,-0.3531997992281486,1
5.03,0.022687541363267078,1.5614296589033554,9.826996245182123,0.003022314844700311,0.0008161057032635942,1.2578731862052976,0.9992894726405892,0.03769018266993461,0.30753268055279326,0.6936533058128049,0.0,0.0,0.7203090248879069,-0.036311052172506235,0.1761787162921041,-0.3557080479629649,1,0.04799999999999999,-0.2,-0.2631875447315322,0,-0.35200000000000004,0.2,-0.2631875447315322,0,-0.5337274727674473,-0.09322229432685553,-0.3557080479629649,1
5.04,-0.03571643405157253,1.4572968654140546,9.73329015590885,-9.694577440462933e-05,-0.0012655554397922734,1.2601259166083598,0.9987369566060175,0.05024431817976974,0.3100361714851215,0.6891138083873484,0.0,0.0,0.7246531301870467,-0.04666035631229996,0.17670004788727875,-0.3582115388952932,1,0.064,-0.2,-0.25182463258982846,0,-0.336,0.2,-0.25182463258982846,0,-0.5474228068417715,-0.08642913738056422,-0.3582115388952932,1
5.05,-0.06452509608406526,1.532885963847311,9.600224666963268,-0.00030233297256753615,0.0001522985453699796,1.2567953990438632,0.9980267284282716,0.06279051952931278,0.3125333233564303,0.684547105928689,0.0,0.0,0.7289686274214113,0.08000000000000002,0.2,-0.24122147477075268,0,0.08000000000000002,-0.2,-0.24122147477075268,0,-0.32,0.2,-0.24122147477075268,0,-0.32,-0.2,-0.24122147477075268,0
5.0600000000000005,0.01688622506448732,1.4763460977338743,9.542792780867808,0.00182319280961735,-0.00023367399666804648,1.2519065375738359,0.9971589002606139,0.07532680552793311,0.31502255891207576,0.6799533787224191,0.0,0.0,0.7332553462225602,0.096,0.2,-0.23154528940713112,0,0.096,-0.2,-0.23154528940713112,0,-0.30400000000000005,0.2,-0.23154528940713112,0,-0.30400000000000005,-0.2,-0.23154528940713112,0
5.07,0.10922612154821773,1.6536271342630444,9.751379173099135,0.002192628891684189,-0.0007367372195675894,1.2631867938108907,0.9961336091431724,0.08785119655074367,0.3175023058975277,0.6753328081210243,0.0,0.0,0.737513117358174,0.11200000000000002,0.2,-0.22294867572242105,0,0.11200000000000002,-0.2,-0.22294867572242105,0,-0.28800000000000003,0.2,-0.22294867572242105,0,-0.28800000000000003,-0.2,-0.22294867572242105,0
5.08,-0.03249260862316287,1.6202875867192659,9.790592429966436,0.0007763326790351326,-0.0011830139878663047,1.2604778457339811,0.9949510169813002,0.1003617148512146,0.31997099805144064,0.6706855765367201,0.0,0.0,0.7417417727387391,0.128,0.2,-0.21556720744979846,0,0.128,-0.2,-0.21556720744979846,0,-0.272,0.2,-0.21556720744979846,0,-0.272,-0.2,-0.21556720744979846,0
5.09,-0.02212406329455901,1.6748403062587807,9.687289908297666,-0.00129191299696897,-0.0007656880364419136,1.2480506278635808,0.9936113105200084,0.11285638487348151,0.3224270760949381,0.6660118674342517,0.0,0.0,0.7459411454241821,0.144,0.2,-0.20951729475339803,0,0.144,-0.2,-0.20951729475339803,0,-0.256,0.2,-0.20951729475339803,0,-0.256,-0.2,-0.20951729475339803,0
5.1000000000000005,0.08345789080270906,1.62877837007583,9.670372422998438,-0.00011047155485515647,-0.0010696127366087273,1.260721954753425,0.9921147013144778,0.12533323356430506,0.3248689887164856,0.6613118653236516,0.0,0.0,0.7501110696304598,0.16000000000000003,0.2,-0.20489434837048465,0,0.20000000000000004,-0.20000000000000004,-0.3,1,-0.20000000000000004,0.20000000000000004,-0.3,1,-0.24,-0.2,-0.20489434837048465,0
5.11,0.22942932061281898,1.6382168975100375,9.532561880795878,0.001335531619534986,0.0007400813580757863,1.2625690534861835,0.9904614256966512,0.1377902906846381,0.32729519355173253,0.6565857557529564,0.0,0.0,0.7542513807361038,0.17600000000000002,0.2,-0.20177127492713112,0,0.184904960980741,-0.20241846102124977,-0.3024262048352469,1,-0.2100370407474447,0.20257637261361738,-0.3024262048352469,1,-0.224,-0.2,-0.20177127492713112,0
5.12,0.17317517308466926,1.7552857566614777,9.60190714236848,0.0002583314680868026,-0.0002951550965063339,1.2568634632049798,0.988651744737914,0.1502255891207572,0.3297041581577035,0.6518337253008787,0.0,0.0,0.7583619152887219,0.192,0.2,-0.2001973271571728,0,0.16978072332465582,-0.20464704622862745,-0.30483516944121786,1,-0.22004091421132946,0.20527866766202732,-0.30483516944121786,1,-0.20800000000000002,-0.2,-0.2001973271571728,0
5.13,0.16497476194376154,1.5808538852851675,9.698136359837662,-0.001060390695169467,-0.000856560353289742,1.263968358568153,0.9866859442078681,0.16263716519488297,0.3320943609807208,0.6470559615694446,0.0,0.0,0.7624425110114477,0.20800000000000002,0.2,-0.2001973271571728,0,0.1546296753241982,-0.2066854037026939,-0.3072253722642352,1,-0.23001004066406436,0.20810645842151512,-0.3072253722642352,1,-0.192,-0.2,-0.2001973271571728,0
5.14,-0.08170037190613093,1.615011241443497,9.673818189439844,0.00011764824347262166,0.00014766500059719485,1.2601289766743473,0.9845643345292054,0.1750230589752755,0.3344642923174516,0.6422526531765846,0.0,0.0,0.7664930068093496,0.22400000000000003,0.2,-0.20177127492713112,0,0.13945420950548174,-0.20853321156317478,-0.309595303600966,1,-0.23994284586501818,0.2110592983511395,-0.309595303600966,1,-0.176,-0.2,-0.20177127492713112,0
5.15,0.05274243399620485,1.4145354693248422,9.630036215653769,0.00035761429243505254,-0.0012552896547565165,1.2545552810257214,0.9822872507286886,0.18738131458572507,0.33681245526846787,0.6374239897486895,0.0,0.0,0.7705132427757894,0.24,0.2,-0.20489434837048462,0,0.12425672225047871,-0.21019017801978856,-0.31194346655198224,1,-0.24983776130910473,0.21413672116324534,-0.31194346655198224,1,-0.16000000000000003,-0.2,-0.20489434837048462,0
5.16,-0.14045638632782315,1.508993578935931,9.616491665409555,0.00017935166219928413,0.0005737775600968227,1.2626884126446252,0.979855052384247,0.1997099805144067,0.3391373666837202,0.6325701619131247,0.0,0.0,0.7745030601987337,0.256,0.2,-0.20951729475339803,0,0.10903961341860498,-0.21165604141832317,-0.31426837796723456,1,-0.25969322447446813,0.21733824089709514,-0.31426837796723456,1,-0.14400000000000002,-0.2,-0.20951729475339803,0
5.17,-0.26849860612404375,1.5360417271186564,9.81330112033308,-0.0006858374908699896,-0.00025502759529900644,1.2567587282397095,0.9772681235681935,0.21200710992205443,0.34143755809932835,0.6276913612907006,0.0,0.0,0.7784623015670233,0.272,0.2,-0.2155672074497985,0,0.09380528596774393,-0.21293057028195558,-0.3165685693828427,1,-0.26950767906922823,0.22066335199561038,-0.3165685693828427,1,-0.128,-0.2,-0.2155672074497985,0
5.18,-0.003581789821249848,1.3968429279794636,9.504878510845685,-0.0005833261406784387,0.002334977780595224,1.2514293499075202,0.9745268727865773,0.2242707609493802,0.3437115766650931,0.6227877804881129,0.0,0.0,0.7823908105765878,0.288,0.2,-0.22294867572242105,0,0.07855614557480439,-0.2140135633478031,-0.3188425879486075,1,-0.2792795752772305,0.2241115293852023,-0.3188425879486075,1,-0.11200000000000004,-0.2,-0.22294867572242105,0
5.19,0.17317868772075465,1.626293348589529,9.62728299008397,-0.00024075017439482068,-0.000820576764283179,1.2652450375440036,0.971631732914674,0.23649899702372468,0.3459579860621488,0.6178596130903343,0.0,0.0,0.7862884321366189,0.30400000000000005,0.2,-0.2315452894071311,0,0.06329460025582467,-0.21490484959870645,-0.32108899734566315,1,-0.2890073700027864,0.22768222855868944,-0.32108899734566315,1,-0.09599999999999997,-0.2,-0.2315452894071311,0
5.2,-0.08580584745947978,1.3294480387573884,9.51714822358234,0.00048728422541173663,-0.0008426814138362798,1.2573239627022408,0.9685831611286311,0.24868988716485488,0.3481753674101715,0.6129070536529765,0.0,0.0,0.7901550123756904,0.32000000000000006,0.2,-0.24122147477075268,0,0.04802305998573138,-0.2156042882902343,-0.3233063786936859,1,-0.2986895271143385,0.23137488566127834,-0.3233063786936859,1,-0.07999999999999996,-0.2,-0.24122147477075268,0
5.21,-0.058721649955930766,1.5325952771391729,9.348935682230627,0.0002928014807111348,0.0002806589507996459,1.257762797513915,0.9653816388332741,0.2608415062898963,0.35036232016357594,0.6079302976946057,0.0,0.0,0.7939903986478352,0.336,0.2,-0.25182463258982846,0,0.03274393631776644,-0.21611176897290907,-0.3254933314470903,1,-0.3083245176870396,0.23518891757960622,-0.3254933314470903,1,-0.064,-0.2,-0.25182463258982846,0
5.22,0.05752411801588347,1.5978424475765687,9.5041547579582,-0.0005156192148562831,-0.0014412210361087086,1.2462352279752187,0.962027671586086,0.27295193551732466,0.35251746299612946,0.6029295416890249,0.0,0.0,0.7977944395385708,0.35200000000000004,0.2,-0.26318754473153216,0,0.01745964200267608,-0.21642721150964833,-0.3276484742796439,1,-0.31791082024418743,0.23912372203381976,-0.3276484742796439,1,-0.04799999999999999,-0.2,-0.26318754473153216,0
5.23,0.028828184046239044,1.5932247586928516,9.48854380775617,0.0016976687332673763,-0.0007439864396448173,1.2520448223693237,0.9585217890173757,0.28501926246997655,0.35463943467342696,0.5979049830575187,0.0,0.0,0.8015669848708766,0.36800000000000005,0.2,-0.2751310112835145,0,0.00217259060771377,-0.21655056608841858,-0.3297704459569414,1,-0.32744692099748035,0.24317867767268211,-0.3297704459569414,1,-0.03199999999999997,-0.2,-0.2751310112835145,0
5.24,0.28651632521619286,1.4901577175053313,9.278970342366788,-0.0006803578474617842,-1.840586399924477e-06,1.2582244046637023,0.9548645447466431,0.2970415815770346,0.35672689491267556,0.5928568201610595,0.0,0.0,0.8053078857111219,0.384,0.2,-0.2874666766435695,0,-0.013114803864488753,-0.2164818132301018,-0.33185790619618993,1,-0.33693131408606114,0.24735314417169052,-0.33185790619618993,1,-0.016000000000000014,-0.2,-0.2874666766435695,0
5.25,-0.18291201118816397,1.3378113444896589,9.510349764957597,3.580187801574104e-05,0.00014835898443049474,1.258019273122153,0.9510565162951536,0.3090169943749472,0.35877852522924725,0.5877852522924732,0.0,0.0,0.8090169943749473,0.0,0.2,-0.3,0,-0.028400127357130503,-0.21622096379157146,-0.3339095365127616,1,-0.3463625018143166,0.2516464623341936,-0.3339095365127616,1,-0.4,-0.2,-0.3,0
5.26,0.044836448632909164,1.6742241329859282,9.567547535546415,-0.0011482310381311452,0.0004465418011290764,1.2550065192186832,0.9470983049947443,0.3209436098072094,0.3607930297694605,0.5826904796685761,0.0,0.0,0.812694164433094,0.016000000000000014,0.2,-0.28746667664356956,0,-0.04368096614043789,-0.21576805896397774,-0.33592404105297485,1,-0.3557389948883743,0.2560579541954836,-0.33592404105297485,1,-0.384,-0.2,-0.28746667664356956,0
5.2700000000000005,0.07073045271276672,1.5870503370562026,9.36745888026061,-0.0012878972915523982,0.0004208989085651,1.256483768473628,0.9429905358928645,0.3328195445229866,0.36276913612907,0.5775727034222676,0.0,0.0,0.8163392507171839,0.032,0.2,-0.2751310112835145,0,-0.05895490719282583,-0.21512317026624317,-0.3379001474125844,1,-0.36505931265128183,0.2605869231298559,-0.3379001474125844,1,-0.368,-0.2,-0.2751310112835145,0
5.28,0.13629695391583854,1.6556289282337602,9.417421111020138,0.0007915773651738562,0.00135731093459587,1.245021234712292,0.9387338576538741,0.3446429231745171,0.3647055961569444,0.5724321255945909,0.0,0.0,0.8199521093254524,0.04799999999999999,0.2,-0.2631875447315322,0,-0.07421953858194107,-0.21428639953376896,-0.3398366074404588,1,-0.3743219833168199,0.26523265396061424,-0.3398366074404588,1,-0.35200000000000004,-0.2,-0.2631875447315322,0
5.29,0.004613212065514949,1.6163651075875005,9.471959343691367,-6.715642101974723e-05,0.0006409824799158003,1.2490292333615898,0.934328942456612,0.35641187871325086,0.3666011867434252,0.5672689491267564,0.0,0.0,0.8235325976284275,0.064,0.2,-0.25182463258982846,0,-0.08947244984553404,-0.21325787890235376,-0.34173219802693955,1,-0.38352554420191404,0.2699944130730056,-0.34173219802693955,1,-0.336,-0.2,-0.25182463258982846,0
5.3,-0.05440836430856719,1.508866254813059,9.303017833456794,0.0007821092593894884,-0.001859779869282106,1.2515919587979538,0.9297764858882517,0.36812455268467736,0.3684547105928688,0.5620833778521309,0.0,0.0,0.8270805742745616,0.08000000000000002,0.2,-0.24122147477075268,0,-0.10471123237209772,-0.21203777078732852,-0.34358572187638314,1,-0.39266854195760903,0.27487144853006545,-0.34358572187638314,1,-0.32,-0.2,-0.24122147477075268,0
5.3100000000000005,0.07618456772399022,1.5315068073032734,9.558146615639876,-0.0007721420501496778,0.0006957048845155524,1.2513988342883677,0.9250772068344579,0.37977909552180145,0.37026499697988496,0.5568756164881878,0.0,0.0,0.8305958991958128,0.096,0.2,-0.23154528940713112,0,-0.11993347978122101,-0.21062626785790814,-0.34539600826339933,1,-0.401749532798572,0.2798629901913602,-0.34539600826339933,1,-0.30400000000000005,-0.2,-0.23154528940713112,0
5.32,0.13870020992389923,1.5064450068682567,9.365479538815425,0.000419190455613682,-0.00015660062370433426,1.259875985206768,0.9202318473658702,0.39137366683720287,0.3720309024887908,0.5516458706284301,0.0,0.0,0.8340784336131714,0.11200000000000002,0.2,-0.22294867572242105,0,-0.1351367883035727,-0.20902359300676826,-0.34716191377230515,1,-0.4107670827310772,0.28496824983459623,-0.34716191377230515,1,-0.28800000000000003,-0.2,-0.22294867572242105,0
5.33,-0.021098718852200993,1.5311146773526167,9.188726998478076,0.00032392862000955516,0.0006035036056747128,1.256108316201262,0.9152411726209176,0.4029064357136624,0.3737513117358173,0.5463943467342691,0.0,0.0,0.8375280400421417,0.128,0.2,-0.21556720744979846,0,-0.15031875716049492,-0.20722999931484654,-0.3488823230193317,1,-0.41971976777945524,0.2901864212800941,-0.3488823230193317,1,-0.272,-0.2,-0.21556720744979846,0
5.34,0.06915660629321649,1.6642772870604834,9.265528080384346,-0.0007239650375690513,-0.0004677124083716173,1.250024428054747,0.9101059706849958,0.414375580993284,0.37542513807361033,0.5411212521268759,0.0,0.0,0.840944582298169,0.144,0.2,-0.20951729475339803,0,-0.1654769889431121,-0.20524577001137875,-0.3505561493571247,1,-0.42860617421095576,0.2955166805180922,-0.3505561493571247,1,-0.256,-0.2,-0.20951729475339803,0
5.3500000000000005,0.12579081954425567,1.7841089486290689,9.177112161073023,-1.5046882809268467e-05,0.0005333900575047837,1.2622552344573037,0.9048270524660191,0.4257792915650734,0.37705132427757904,0.5358267949789962,0.0,0.0,0.8443279255020153,0.16000000000000003,0.2,-0.20489434837048465,0,0.16000000000000003,-0.2,-0.20489434837048465,0,-0.24,0.2,-0.20489434837048465,0,-0.24,-0.2,-0.20489434837048465,0
5.36,0.008578529194784506,1.7444636905592508,9.126215695859088,0.0016462104880281526,-0.00036154730299397663,1.2538509838692389,0.8994052515663711,0.43711576665093294,0.37862884321366186,0.5305111843067342,0.0,0.0,0.8476779360850831,0.17600000000000002,0.2,-0.20177127492713112,0,0.17600000000000002,-0.2,-0.20177127492713112,0,-0.224,0.2,-0.20177127492713112,0,-0.224,-0.2,-0.20177127492713112,0
5.37,-0.22895185172319457,1.6540271123123296,9.3114050120432,-0.0007833451240426305,9.65711275932033e-05,1.2574918546531626,0.8938414241512638,0.44838321609003234,0.38015669848708766,0.5251746299612956,0.0,0.0,0.850994481794692,0.192,0.2,-0.2001973271571728,0,0.192,-0.2,-0.2001973271571728,0,-0.20800000000000002,0.2,-0.2001973271571728,0,-0.20800000000000002,-0.2,-0.2001973271571728,0
5.38,-0.1543168959268456,1.5160090932128156,9.342573988843991,-0.0014691376603342334,-0.0007367052437773069,1.2562665178895018,0.8881364488135448,0.45957986062148726,0.38163392507171834,0.5198173426207097,0.0,0.0,0.854277431699295,0.20800000000000002,0.2,-0.2001973271571728,0,0.20800000000000002,-0.2,-0.2001973271571728,0,-0.192,0.2,-0.2001973271571728,0,-0.192,-0.2,-0.2001973271571728,0
5.39,0.09620300453274454,1.6933398514992442,9.24964511653984,0.0001019584239410937,-0.00045809990112886836,1.250499812958463,0.8822912264349535,0.4707039321653321,0.3830595899195812,0.5144395337815066,0.0,0.0,0.8575266561936522,0.22400000000000003,0.2,-0.20177127492713112,0,0.22400000000000003,-0.2,-0.20177127492713112,0,-0.176,0.2,-0.20177127492713112,0,-0.176,-0.2,-0.20177127492713112,0
5.4,0.03863592296509158,1.3496240759913463,9.137170700827404,-0.0013788492306322467,0.00039793888292339463,1.2578582716001072,0.8763066800438634,0.48175367410171566,0.3844327925502016,0.509041415750371,0.0,0.0,0.8607420270039438,0.2000000000000001,0.20000000000000007,-0.3000000000000001,1,0.24,-0.2,-0.20489434837048462,0,-0.16000000000000003,0.2,-0.20489434837048462,0,-0.20000000000000004,-0.19999999999999998,-0.3000000000000001,1
5.41,0.0337723505104766,1.5551228014830094,9.307205269949309,-3.803334519448067e-05,-0.001636603196934188,1.2473568702121702,0.8701837546695258,0.4927273415482913,0.38575266561936516,0.5036232016357609,0.0,0.0,0.8639234171928353,0.18993137693408177,0.19754995666027675,-0.30131987306916364,1,0.256,-0.2,-0.20951729475339803,0,-0.14400000000000002,0.2,-0.20951729475339803,0,-0.21506345670078542,-0.19739204506790892,-0.30131987306916364,1
5.42,-0.00184115789211611,1.4444317435858984,9.310817496854277,0.0007067175321707642,-0.00028632740901362344,1.256496686954947,0.8639234171928354,0.5036232016357607,0.38701837546695256,0.49818510533949084,0.0,0.0,0.86707070116449,0.17983276150199057,0.19522662948469272,-0.3025855829167511,1,0.272,-0.2,-0.2155672074497985,0,-0.128,0.2,-0.2155672074497985,0,-0.23009295238866426,-0.1945950080512926,-0.3025855829167511,1
5.43,-0.03673873252278653,1.2983693753958412,9.121598119288748,0.0005064671933076627,0.0023970214153561063,1.2491028098150159,0.8575266561936528,0.5144395337815055,0.38822912264349524,0.4927273415482921,0.0,0.0,0.8701837546695254,0.1697057483921714,0.19303038535354203,-0.3037963300932937,1,0.288,-0.2,-0.22294867572242105,0,-0.11200000000000004,0.2,-0.22294867572242105,0,-0.24508611373203743,-0.1916093306347206,-0.3037963300932937,1
5.44,0.04008338571366714,1.4441412946114223,9.38751852889764,0.0018146296533611947,5.277866385542572e-05,1.2511034547996633,0.8509944817946918,0.5251746299612957,0.38938414241512637,0.4872501257253322,0.0,0.0,0.8732624548099202,0.15955193677738827,0.19096157107923223,-0.3049513498649249,1,0.30400000000000005,-0.2,-0.2315452894071311,0,-0.09599999999999997,0.2,-0.2315452894071311,0,-0.26004057313692647,-0.18843548429126714,-0.3049513498649249,1
5.45,-0.0584748053883314,1.608730002224584,9.556532673193704,0.00030328511569783833,0.0017345793982927872,1.247025369155814,0.8443279255020151,0.5358267949789967,0.39048270524660195,0.48175367410171516,0.0,0.0,0.8763066800438637,0.149372930062204,0.1890205133515202,-0.3060499126964004,1,0.32000000000000006,-0.2,-0.24122147477075268,0,-0.07999999999999996,0.2,-0.24122147477075268,0,-0.2749539691208299,-0.1850739702080632,-0.3060499126964004,1
5.46,-0.18576876761950073,1.4616454294048438,9.174140840974442,0.0005033259196975995,-9.681610690857153e-05,1.2583330030154745,0.8375280400421421,0.5463943467342685,0.3915241172620917,0.4762382036679395,0.0,0.0,0.879316310190556,0.13917033562977754,0.18720751868592256,-0.30709132471189016,1,0.336,-0.2,-0.25182463258982846,0,-0.064,0.2,-0.25182463258982846,0,-0.28982394668564054,-0.18152531920715054,-0.30709132471189016,1
5.47,-0.003161670353730507,1.591733854483835,9.166389147988601,-0.0005688165853135463,1.1403092218468638e-05,1.2561759857319075,0.830595899195813,0.5568756164881875,0.39250772068344575,0.47070393216533274,0.0,0.0,0.8822912264349532,0.12894576458804088,0.18552287337531362,-0.3080749281332442,1,0.35200000000000004,-0.2,-0.26318754473153216,0,-0.04799999999999999,0.2,-0.26318754473153216,0,-0.304648157689525,-0.17779009166165852,-0.3080749281332442,1
5.48,-0.08238247728412168,1.4879697191561148,9.11682245766561,0.0005912051839139071,0.0017700606292552629,1.255669657889456,0.8235325976284272,0.5672689491267568,0.39343289424566125,0.4651510780774581,0.0,0.0,0.8852313113324554,0.11870083151528822,0.183966843444717,-0.3090001016954597,1,0.36800000000000005,-0.2,-0.2751310112835145,0,-0.03199999999999997,0.2,-0.2751310112835145,0,-0.3194242612177179,-0.1738688774073171,-0.3090001016954597,1
5.49,-0.022456946720398857,1.5475767566738439,9.172394965385177,0.0005202972884722612,0.0003116943444279568,1.250105522880812,0.8163392507171842,0.5775727034222673,0.3942990535892864,0.4595798606214879,0.0,0.0,0.8881364488135445,0.10843715420521706,0.18253967460929707,-0.3098662610390849,1,0.384,-0.2,-0.2874666766435695,0,-0.016000000000000014,0.2,-0.2874666766435695,0,-0.3341499239521788,-0.16976229564931394,-0.3098662610390849,1
5.5,-0.06651306356597174,1.6592529230828774,9.313650041454405,0.0006920582650352518,-0.00041342446001142816,1.2429841377477309,0.8090169943749476,0.5877852522924729,0.39510565162951533,0.4539904997395468,0.0,0.0,0.8910065241883678,0.0981563534114528,0.18124159223555703,-0.31067285907931386,1,0.0,-0.2,-0.3,0,-0.4,0.2,-0.3,0,-0.34882282054005986,-0.16547099486451272,-0.31067285907931386,1
5.51,-0.022803486023025135,1.5761636611303786,9.238446539986839,-0.0013833463993163382,0.000163291727492947,1.249924741829981,0.8015669848708766,0.5979049830575187,0.3958521789017376,0.44838321609003223,0.0,0.0,0.8938414241512638,0.08786005259162036,0.18007280130575148,-0.31141938635153604,1,0.016000000000000014,-0.2,-0.28746667664356956,0,-0.384,0.2,-0.28746667664356956,0,-0.3634406339608952,-0.160995652699054,-0.31141938635153604,1
5.5200000000000005,-0.058630522975563516,1.5615365637689673,9.483953844628529,0.0009871799903569838,-0.00029277226092408015,1.248791566960531,0.7939903986478354,0.6079302976946054,0.3965381638833274,0.4427582310389015,0.0,0.0,0.8966410367852359,0.07754987765097761,0.17903348638551753,-0.3121053713331259,1,0.032,-0.2,-0.2751310112835145,0,-0.368,0.2,-0.2751310112835145,0,-0.37800105589249067,-0.15633697586134546,-0.3121053713331259,1
5.53,-0.05463783896508197,1.6279218003834615,9.34183467234767,-0.0010832542200436572,-0.001049630877903631,1.2532382982729078,0.7862884321366189,0.6178596130903344,0.3971631732914674,0.4371157666509328,0.0,0.0,0.8994052515663711,0.06722745668566707,0.17812381159472898,-0.31273038074126586,1,0.04799999999999999,-0.2,-0.2631875447315322,0,-0.35200000000000004,0.2,-0.2631875447315322,0,-0.39250178707543343,-0.15149570001046497,-0.31273038074126586,1
5.54,-0.0446221944342393,1.60784212809729,8.982132351410879,0.00012686003916887115,0.0006842724102005212,1.2544638767872835,0.7784623015670233,0.6276913612907006,0.39772681235681934,0.431456045680959,0.0,0.0,0.9021339593682028,0.05689441972562048,0.1773439205815806,-0.3132940198066178,1,0.064,-0.2,-0.25182463258982846,0,-0.336,0.2,-0.25182463258982846,0,-0.4069405376761719,-0.14647258963999146,-0.3132940198066178,1
5.55,-0.04431146905273159,1.5565058493687318,9.31640726102041,-0.0016526631052710666,0.0005459005932791522,1.2665185860923498,0.7705132427757896,0.6374239897486892,0.3982287250728688,0.42577929156507305,0.0,0.0,0.9048270524660194,0.046552398477158904,0.17669393649990423,-0.3137959325226673,1,0.08000000000000002,-0.2,-0.24122147477075268,0,-0.32,0.2,-0.24122147477075268,0,-0.421315027648606,-0.14126843795728203,-0.3137959325226673,1
5.5600000000000005,-0.10003518924211355,1.618474688445928,9.339271891848673,-0.0016090016625146988,0.0007523188629496757,1.25461682333389,0.7624425110114477,0.6470559615694446,0.39866859442078684,0.4200857284118062,0.0,0.0,0.907484424541117,0.03620302606532386,0.17617396198972118,-0.3142358018705853,1,0.096,-0.2,-0.23154528940713112,0,-0.30400000000000005,0.2,-0.23154528940713112,0,-0.4356229870941376,-0.13588406675821493,-0.3142358018705853,1
5.57,-0.031166264948067693,1.5154987704000753,8.891155928776985,-0.0015872433277542718,-0.0004460604907033851,1.260011697511567,0.7542513807361035,0.6565857557529567,0.39904614256966514,0.41437558099328387,0.0,0.0,0.9101059706849958,0.025847936775995062,0.17578407916103436,-0.3146133500194636,1,0.11200000000000002,-0.2,-0.22294867572242105,0,-0.28800000000000003,0.2,-0.22294867572242105,0,-0.4498621566201042,-0.13032032629742113,-0.3146133500194636,1
5.58,0.010794850476458291,1.6321103095332155,9.203905815895462,0.00019853209293333381,-0.0006500546573215978,1.2610687098020081,0.7459411454241823,0.6660118674342513,0.39936113105200083,0.4086490747363493,0.0,0.0,0.9126915874035026,0.015488765797811097,0.1755243495808621,-0.31492833850179935,1,0.128,-0.2,-0.21556720744979846,0,-0.272,0.2,-0.21556720744979846,0,-0.46403028769657195,-0.12457809515401688,-0.31492833850179935,1
5.59,0.2652012041844502,1.5279896188172022,9.189403766182638,0.0005992557332722837,-0.001950756097830537,1.25632390029068,0.737513117358174,0.6753328081210243,0.3996133609143172,0.40290643571366286,0.0,0.0,0.9152411726209174,0.005127148963955566,0.175394814263516,-0.31518056836411573,1,0.144,-0.2,-0.20951729475339803,0,-0.256,0.2,-0.20951729475339803,0,-0.47812514301140363,-0.11865828009286425,-0.31518056836411573,1
5.6000000000000005,-0.04225091094842804,1.5203213847571233,9.055603300193106,0.0018992465576616398,-0.00016393510266208994,1.2564678282388468,0.728968627421411,0.6845471059286893,0.39980267284282717,0.3971478906347802,0.0,0.0,0.9177546256839814,-0.005235277506157848,0.17539549366412427,-0.31536988029262564,1,0.16000000000000003,-0.2,-0.20489434837048465,0,-0.24,0.2,-0.20489434837048465,0,-0.4921444968235523,-0.11256181592138609,-0.31536988029262564,1
5.61,0.12031974052012745,1.5058246948765825,9.167803392605602,0.0002763731616091782,0.0013259248080414708,1.2523629803952778,0.7203090248879069,0.6936533058128049,0.3999289472640589,0.39137366683720254,0.0,0.0,0.9202318473658703,-0.015596877265262363,0.17552638767540157,-0.3154961547138574,1,0.17600000000000002,-0.2,-0.20177127492713112,0,-0.224,0.2,-0.20177127492713112,0,-0.5060861353145304,-0.10628966534194959,-0.3154961547138574,1
5.62,0.03926224940330894,1.5918158220325,9.16674829736446,-3.460297764947782e-05,0.002265781552759065,1.2550174193116583,0.7115356772092852,0.7026499697988493,0.3999921044203816,0.3855839922773964,0.0,0.0,0.9226727398701149,-0.02595601409664272,0.17578747562766628,-0.31555931187018005,1,0.192,-0.2,-0.2001973271571728,0,-0.20800000000000002,0.2,-0.2001973271571728,0,-0.519947856938007,-0.09984281879983811,-0.31555931187018005,1
5.63,0.01988370933041829,1.6353768035376277,9.166641770170386,0.0006574071270604041,-0.00023318783901847038,1.257751049032055,0.7026499697988496,0.7115356772092849,0.3999921044203816,0.37977909552180134,0.0,0.0,0.9250772068344579,-0.03631105217250481,0.17617871629210408,-0.31555931187018005,1,0.20800000000000002,-0.2,-0.2001973271571728,0,-0.192,0.2,-0.2001973271571728,0,-0.5337274727674453,-0.09322229432685633,-0.31555931187018005,1
5.64,-0.005073590890622885,1.635729657830613,9.013637142039517,0.0020423788017817344,0.0004063573098620312,1.2549350150593752,0.6936533058128054,0.7203090248879065,0.3999289472640589,0.3739592057378006,0.0,0.0,0.9274451533346613,-0.04666035631229844,0.1767000478872787,-0.3154961547138574,1,0.22400000000000003,-0.2,-0.20177127492713112,0,-0.176,0.2,-0.20177127492713112,0,-0.5474228068417694,-0.08642913738056499,-0.3154961547138574,1
5.65,0.10861547505170666,1.5697598689058028,9.16123965499941,5.6324219859738845e-05,0.0012065263685691974,1.2469071174063682,0.6845471059286884,0.7289686274214118,0.39980267284282717,0.3681245526846777,0.0,0.0,0.9297764858882516,0.24,0.2,-0.20489434837048462,0,0.24,-0.2,-0.20489434837048462,0,-0.16000000000000003,0.2,-0.20489434837048462,0,-0.16000000000000003,-0.2,-0.20489434837048462,0
5.66,-0.054901698700872636,1.549072668159101,9.209019537816596,0.00019823742260281364,-0.0001380086978095468,1.2637506104643166,0.6753328081210247,0.7375131173581737,0.39961336091431726,0.36227536670454574,0.0,0.0,0.932071112458211,0.256,0.2,-0.20951729475339803,0,0.256,-0.2,-0.20951729475339803,0,-0.14400000000000002,0.2,-0.20951729475339803,0,-0.14400000000000002,-0.2,-0.20951729475339803,0
5.67,-0.010966931914528431,1.4527250150334603,9.176076572057108,-0.00045831275300925537,-0.0013481758292982818,1.2576169172257041,0.6660118674342518,0.745941145424182,0.39936113105200083,0.35641187871325075,0.0,0.0,0.934328942456612,0.272,0.2,-0.2155672074497985,0,0.272,-0.2,-0.2155672074497985,0,-0.128,0.2,-0.2155672074497985,0,-0.128,-0.2,-0.2155672074497985,0
5.68,0.0932728680745529,1.4110866715814634,9.044808176395366,-0.0004821775225823943,-0.0007965554385269459,1.2649175051773942,0.6565857557529572,0.7542513807361031,0.39904614256966514,0.3505343201912594,0.0,0.0,0.9365498867481922,0.288,0.2,-0.22294867572242105,0,0.288,-0.2,-0.22294867572242105,0,-0.11200000000000004,0.2,-0.22294867572242105,0,-0.11200000000000004,-0.2,-0.22294867572242105,0
5.69,-0.034062245829704595,1.5963391845115587,9.13690158962623,0.0014882857484756153,-0.0005696124444515167,1.2632876432605462,0.6470559615694443,0.7624425110114479,0.3986685944207868,0.344642923174517,0.0,0.0,0.9387338576538741,0.30400000000000005,0.2,-0.2315452894071311,0,0.30400000000000005,-0.2,-0.2315452894071311,0,-0.09599999999999997,0.2,-0.2315452894071311,0,-0.09599999999999997,-0.2,-0.2315452894071311,0
5.7,0.011017773719685818,1.4789419023066084,9.240841172318047,-0.0008519325017961884,-0.00015859182914623282,1.260078065025853,0.6374239897486896,0.7705132427757893,0.3982287250728689,0.33873792024529126,0.0,0.0,0.9408807689542256,0.32000000000000006,0.2,-0.24122147477075268,0,0.2,-0.19999999999999998,-0.3,1,-0.20000000000000004,0.2,-0.3,1,-0.07999999999999996,-0.2,-0.24122147477075268,0
5.71,-0.10444651642547265,1.7219689150425737,9.311334665130596,0.0013543649310301057,0.0007970822410985929,1.248564710156676,0.627691361290701,0.778462301567023,0.3977268123568194,0.3328195445229869,0.0,0.0,0.9429905358928644,0.336,0.2,-0.25182463258982846,0,0.184904960980741,-0.20241846102124963,-0.2994980872839505,1,-0.21003704074744475,0.20257637261361752,-0.2994980872839505,1,-0.064,-0.2,-0.25182463258982846,0
5.72,-0.15658296240900857,1.6016525723675161,9.198665038372589,0.000565448957787243,-0.00022134708410387712,1.2559446972865072,0.6178596130903348,0.7862884321366185,0.39716317329146744,0.3268880296549427,0.0,0.0,0.9450630751798048,0.35200000000000004,0.2,-0.26318754473153216,0,0.16978072332465585,-0.20464704622862737,-0.29893444821859855,1,-0.2200409142113295,0.20527866766202735,-0.29893444821859855,1,-0.04799999999999999,-0.2,-0.26318754473153216,0
5.73,-0.1379239658845227,1.5472688811165927,9.30051359167719,0.0015664275348067657,-0.0005078230828592263,1.258385528215856,0.607930297694605,0.7939903986478356,0.39653816388332735,0.3209436098072092,0.0,0.0,0.9470983049947443,0.36800000000000005,0.2,-0.2751310112835145,0,0.15462967532419597,-0.20668540370269398,-0.29830943881045846,1,-0.23001004066406583,0.20810645842151562,-0.29830943881045846,1,-0.03199999999999997,-0.2,-0.2751310112835145,0
5.74,-0.07013224397916254,1.548890819607207,9.361732966775413,-0.0003511063552624805,0.0004917563170818838,1.2562817384453167,0.5979049830575192,0.8015669848708763,0.39585217890173763,0.3149865196553049,0.0,0.0,0.9490961449902946,0.384,0.2,-0.2874666766435695,0,0.13945420950548057,-0.20853321156317484,-0.29762345382886873,1,-0.23994284586501882,0.21105929835113985,-0.29762345382886873,1,-0.016000000000000014,-0.2,-0.2874666766435695,0
5.75,-0.03165274502538278,1.54108381167656,9.29174152281468,-0.0010808420583695297,-0.001168494525322144,1.2567764109386619,0.5877852522924734,0.8090169943749472,0.3951056516295154,0.3090169943749477,0.0,0.0,0.9510565162951535,0.0,0.2,-0.3,0,0.1242567222504788,-0.21019017801978843,-0.2968769265566465,1,-0.24983776130910484,0.21413672116324534,-0.2968769265566465,1,-0.4,-0.2,-0.3,0
5.76,-0.029603596607182172,1.4903783663465289,9.186703142760939,0.00046799821651016235,-6.213243387331104e-05,1.2515778233556736,0.5775727034222677,0.8163392507171838,0.39429905358928646,0.30303526963277416,0.0,0.0,0.9529793415172187,0.016000000000000014,0.2,-0.28746667664356956,0,0.10903961341860392,-0.2116560414183231,-0.29607032851641757,1,-0.25969322447446885,0.21733824089709522,-0.29607032851641757,1,-0.384,-0.2,-0.28746667664356956,0
5.7700000000000005,0.13433781133574255,1.528235554063094,9.088438624733572,0.0002935764722911731,0.0013718220086689971,1.2574158931546853,0.5672689491267565,0.8235325976284273,0.3934328942456612,0.29704158157703486,0.0,0.0,0.954864544746643,0.032,0.2,-0.2751310112835145,0,0.09380528596774287,-0.21293057028195558,-0.29520416917279235,1,-0.269507679069229,0.22066335199561063,-0.29520416917279235,1,-0.368,-0.2,-0.2751310112835145,0
5.78,-0.1327990937745727,1.6635860868829635,9.297257990703843,-0.000666884001861194,-0.001009625355666428,1.26578613193027,0.556875616488188,0.8305958991958127,0.3925077206834458,0.2910361668282717,0.0,0.0,0.9567120515588305,0.04799999999999999,0.2,-0.2631875447315322,0,0.07855614557480219,-0.21401356334780314,-0.2942789956105769,1,-0.27927957527723196,0.22411152938520293,-0.2942789956105769,1,-0.35200000000000004,-0.2,-0.2631875447315322,0
5.79,-0.02156108376848509,1.6483976015821442,9.212503628823626,-0.0001673850465928827,-0.0010995204852305204,1.2518945818591358,0.546394346734269,0.8375280400421418,0.39152411726209174,0.28501926246997616,0.0,0.0,0.9585217890173758,0.064,0.2,-0.25182463258982846,0,0.06329460025582376,-0.21490484959870634,-0.2932953921892229,1,-0.2890073700027872,0.22768222855868958,-0.2932953921892229,1,-0.336,-0.2,-0.25182463258982846,0
5.8,0.16928206100411095,1.5634716561187092,9.19845151904082,-0.0025237392519703904,-0.0016128742959204165,1.259627197957311,0.5358267949789972,0.8443279255020147,0.390482705246602,0.27899110603922966,0.0,0.0,0.960293685676943,0.08000000000000002,0.2,-0.24122147477075268,0,0.04802305998573146,-0.2156042882902341,-0.2922539801737331,1,-0.2986895271143385,0.2313748856612784,-0.2922539801737331,1,-0.32,-0.2,-0.24122147477075268,0
5.8100000000000005,0.0167106531096397,1.6148815614230285,9.209537625292628,-7.954446481750084e-05,-0.0012299850246488791,1.257033992568239,0.5251746299612954,0.8509944817946921,0.3893841424151263,0.272951935517325,0.0,0.0,0.9620276715860859,0.096,0.2,-0.23154528940713112,0,0.03274393631776422,-0.216111768972909,-0.29115541734225747,1,-0.308324517687041,0.2351889175796068,-0.29115541734225747,1,-0.30400000000000005,-0.2,-0.23154528940713112,0
5.82,-0.09480102065359308,1.5022566451189336,9.027687121460676,0.00026243020411263756,0.0009711610237481116,1.2543895955959095,0.5144395337815061,0.8575266561936525,0.3882291226434953,0.26690198932037523,0.0,0.0,0.9637236782900098,0.11200000000000002,0.2,-0.22294867572242105,0,0.01745964200267386,-0.2164272115096481,-0.2900003975706264,1,-0.31791082024418876,0.23912372203382046,-0.2900003975706264,1,-0.28800000000000003,-0.2,-0.22294867572242105,0
5.83,-0.16661108943039354,1.5743960047448642,9.333678573469447,0.0013924264178937903,0.0007031972653556085,1.2639633299562432,0.5036232016357611,0.8639234171928352,0.3870183754669526,0.260841506289897,0.0,0.0,0.9653816388332739,0.128,0.2,-0.21556720744979846,0,0.002172590607713784,-0.2165505660884183,-0.2887896503940837,1,-0.3274469209974802,0.24317867767268225,-0.2887896503940837,1,-0.272,-0.2,-0.21556720744979846,0
5.84,0.02759939574451939,1.7393476672264312,9.136017998697072,-0.0004952148690672148,0.0003961820546960454,1.251502895839251,0.49272734154829173,0.8701837546695256,0.3857526656193652,0.25477072568338216,0.0,0.0,0.967001487762435,0.144,0.2,-0.20951729475339803,0,-0.013114803864489863,-0.2164818132301016,-0.2875239405464964,1,-0.3369313140860618,0.24735314417169096,-0.2875239405464964,1,-0.256,-0.2,-0.20951729475339803,0
5.8500000000000005,0.10717928236640029,1.6227874482449294,9.214961521309448,-0.00019516244628987647,0.0006637477416446619,1.2625614226119157,0.4817536741017146,0.8763066800438639,0.3844327925502014,0.24868988716485455,0.0,0.0,0.9685831611286312,0.16000000000000003,0.2,-0.20489434837048465,0,-0.028400127357132557,-0.2162209637915713,-0.2862040674773325,1,-0.34636250181431805,0.2516464623341942,-0.2862040674773325,1,-0.24,-0.2,-0.20489434837048465,0
5.86,0.03895849591516875,1.4866541407892229,9.438845165566887,0.002074797600504136,-0.001048159132422438,1.2646227098129532,0.4707039321653326,0.8822912264349533,0.3830595899195813,0.24259923079540735,0.0,0.0,0.9701265964901059,0.17600000000000002,0.2,-0.20177127492713112,0,-0.043680966140438954,-0.21576805896397755,-0.28483086484671244,1,-0.355738994888375,0.25605795419548405,-0.28483086484671244,1,-0.224,-0.2,-0.20177127492713112,0
5.87,-0.09605584741284184,1.6100894059962092,9.219701306510068,0.00040973932005082943,0.0011477204162761649,1.255814562311594,0.45957986062148776,0.8881364488135446,0.3816339250717184,0.23649899702372454,0.0,0.0,0.971631732914674,0.192,0.2,-0.2001973271571728,0,-0.058954907192826894,-0.21512317026624295,-0.2834051999988495,1,-0.36505931265128244,0.2605869231298562,-0.2834051999988495,1,-0.20800000000000002,-0.2,-0.2001973271571728,0
5.88,-0.03184519972791627,1.6446545035290738,9.369341631673082,-0.0008462789592493729,-0.0005747631594330598,1.2609283144639187,0.44838321609003284,0.8938414241512634,0.3801566984870877,0.23038942667659082,0.0,0.0,0.9730985109821265,0.20800000000000002,0.2,-0.2001973271571728,0,-0.07421953858194107,-0.2142863995337688,-0.2819279734142188,1,-0.3743219833168199,0.2652326539606143,-0.2819279734142188,1,-0.192,-0.2,-0.2001973271571728,0
5.89,-0.0876380050146049,1.6048716554548106,9.475386958283307,-0.0003617849776397494,0.0009307885151856509,1.261195617063891,0.43711576665093343,0.8994052515663707,0.37862884321366197,0.22427076094938136,0.0,0.0,0.9745268727865771,0.22400000000000003,0.2,-0.20177127492713112,0,-0.089472449845534,-0.21325787890235365,-0.2804001181407931,1,-0.38352554420191404,0.2699944130730056,-0.2804001181407931,1,-0.176,-0.2,-0.20177127492713112,0
5.9,-0.09107658228555837,1.532334524940365,9.268201063371698,0.0016942257672608548,0.0005613905122842469,1.260642007064855,0.42577929156507227,0.9048270524660197,0.37705132427757887,0.21814324139654226,0.0,0.0,0.9759167619387474,0.24,0.2,-0.20489434837048462,0,-0.10471123237209992,-0.21203777078732822,-0.27882259920471003,1,-0.39266854195761036,0.2748714485300663,-0.27882259920471003,1,-0.16000000000000003,-0.2,-0.20489434837048462,0
5.91,0.17676119522060277,1.647633138752979,9.430774503835977,-0.0006855656917246714,0.0002856069721654675,1.2564073570064156,0.4143755809932845,0.9101059706849955,0.37542513807361044,0.21200710992205474,0.0,0.0,0.9772681235681935,0.256,0.2,-0.20951729475339803,0,-0.11993347978122099,-0.210626267857908,-0.27719641300074155,1,-0.40174953279857206,0.27986299019136024,-0.27719641300074155,1,-0.14400000000000002,-0.2,-0.20951729475339803,0
5.92,0.010049533950871664,1.6460485704607464,9.42485820281109,-0.0009469851886638515,0.0023649463044518176,1.2614812575291334,0.4029064357136629,0.9152411726209174,0.37375131173581744,0.20586260876988136,0.0,0.0,0.9785809043254721,0.272,0.2,-0.2155672074497985,0,-0.13513678830357265,-0.2090235930067681,-0.27552258666294854,1,-0.4107670827310771,0.2849682498345963,-0.27552258666294854,1,-0.128,-0.2,-0.2155672074497985,0
5.93,-0.061348615675123966,1.5503605346412173,9.269400218014749,0.0009325433788333258,-0.0006219698344453904,1.2547605863195925,0.39137366683720337,0.9202318473658699,0.37203090248879084,0.19970998051440744,0.0,0.0,0.9798550523842467,0.288,0.2,-0.22294867572242105,0,-0.1503187571604948,-0.20722999931484634,-0.27380217741592194,1,-0.4197197677794553,0.29018642128009414,-0.27380217741592194,1,-0.11200000000000004,-0.2,-0.22294867572242105,0
5.94,0.004417452024150704,1.7076086083411326,9.427644468619983,-0.00022436760858522817,-0.0013391662531852132,1.257512160773683,0.37977909552180117,0.925077206834458,0.3702649969798849,0.19354946805086018,0.0,0.0,0.9810905174433341,0.30400000000000005,0.2,-0.2315452894071311,0,-0.16547698894311313,-0.20524577001137842,-0.272036271907016,1,-0.4286061742109564,0.29551668051809277,-0.272036271907016,1,-0.09599999999999997,-0.2,-0.2315452894071311,0
5.95,0.20538917227256903,1.5166002112416321,9.498800751733386,-0.0009082813871978232,-1.961634841071553e-06,1.2606479146450817,0.3681245526846779,0.9297764858882515,0.36845471059286883,0.18738131458572452,0.0,0.0,0.9822872507286887,0.32000000000000006,0.2,-0.24122147477075268,0,0.32000000000000006,-0.2,-0.24122147477075268,0,-0.07999999999999996,0.2,-0.24122147477075268,0,-0.07999999999999996,-0.2,-0.24122147477075268,0
5.96,0.05026511766265959,1.4899028804647285,9.409796356336242,0.0025635556640225933,0.0004894067421648194,1.2530221922864417,0.35641187871325136,0.9343289424566118,0.36660118674342523,0.1812057636271376,0.0,0.0,0.9834452049953296,0.336,0.2,-0.25182463258982846,0,0.336,-0.2,-0.25182463258982846,0,-0.064,0.2,-0.25182463258982846,0,-0.064,-0.2,-0.25182463258982846,0
5.97,0.2844596920434063,1.5115136533385851,9.502051545508444,0.00019791216066866887,0.0007565794889620841,1.2659477678410556,0.3446429231745176,0.9387338576538738,0.36470559615694453,0.17502305897527626,0.0,0.0,0.9845643345292053,0.35200000000000004,0.2,-0.26318754473153216,0,0.35200000000000004,-0.2,-0.26318754473153216,0,-0.04799999999999999,0.2,-0.26318754473153216,0,-0.04799999999999999,-0.2,-0.26318754473153216,0
5.98,0.02673916269743905,1.5612217966886703,9.481433149920484,-0.002019391055691456,-0.00035964358000002456,1.2570884415757002,0.3328195445229863,0.9429905358928646,0.36276913612906997,0.1688334447127336,0.0,0.0,0.985644595148998,0.36800000000000005,0.2,-0.2751310112835145,0,0.36800000000000005,-0.2,-0.2751310112835145,0,-0.03199999999999997,0.2,-0.2751310112835145,0,-0.03199999999999997,-0.2,-0.2751310112835145,0
5.99,-0.22005448366789096,1.7208682467732548,9.56523168729056,-0.00027093646498757795,-0.0009151323492355767,1.2627324945924858,0.3209436098072099,0.9470983049947441,0.3607930297694606,0.16263716519488372,0.0,0.0,0.986685944207868,0.384,0.2,-0.2874666766435695,0,0.384,-0.2,-0.2874666766435695,0,-0.016000000000000014,0.2,-0.2874666766435695,0,-0.016000000000000014,-0.2,-0.2874666766435695,0
6.0,-0.005896968568194198,1.4940337128146859,9.3574703543904,-0.0015826865404482554,0.0021692998908971056,1.2579180464446427,0.30901699437494773,0.9510565162951535,0.35877852522924736,0.15643446504023092,0.0,0.0,0.9876883405951378,0.20000000000000004,0.2000000000000001,-0.3,1,0.0,-0.2,-0.3,0,-0.4,0.2,-0.3,0,-0.20000000000000004,-0.2000000000000001,-0.3,1
6.01,-0.14914788883528232,1.5108361798166126,9.332846744163149,-0.0006395686444782294,0.0008541772749840227,1.2636944260674174,0.2970415815770351,0.954864544746643,0.3567268949126757,0.15022558912075706,0.0,0.0,0.9886517447379141,0.18993137693408108,0.19754995666027664,-0.2979483696834283,1,0.016000000000000014,-0.2,-0.28746667664356956,0,-0.384,0.2,-0.28746667664356956,0,-0.21506345670078658,-0.1973920450679089,-0.2979483696834283,1
6.0200000000000005,0.06463447070087436,1.5585034605131576,9.606506760127836,-0.0002468518872697839,0.00022624792683900965,1.2461010640336911,0.2850192624699762,0.9585217890173758,0.3546394346734269,0.1440107825522521,0.0,0.0,0.9895761186026509,0.17983276150198987,0.19522662948469247,-0.29586090944417953,1,0.032,-0.2,-0.2751310112835145,0,-0.368,0.2,-0.2751310112835145,0,-0.23009295238866526,-0.19459500805129257,-0.29586090944417953,1
6.03,0.06626295471122652,1.5222699819507384,9.550892230672604,0.0013691769523081646,-0.0004532490133952755,1.2581966266901776,0.2729519355173252,0.9620276715860859,0.35251746299612957,0.13779029068463797,0.0,0.0,0.9904614256966512,0.16970574839216998,0.19303038535354172,-0.29373893776688226,1,0.04799999999999999,-0.2,-0.2631875447315322,0,-0.35200000000000004,0.2,-0.2631875447315322,0,-0.24508611373203976,-0.19160933063472024,-0.29373893776688226,1
6.04,0.021305159636387905,1.8258478310068105,9.473000277756972,-0.00030074718237610947,8.659741127559229e-05,1.252556615906027,0.26084150628989683,0.9653816388332739,0.35036232016357605,0.13156435909228234,0.0,0.0,0.9913076310695066,0.15955193677738755,0.190961571079232,-0.2915837949343287,1,0.064,-0.2,-0.25182463258982846,0,-0.336,0.2,-0.25182463258982846,0,-0.26004057313692747,-0.1884354842912671,-0.2915837949343287,1
6.05,0.002159047165790773,1.8028843729461936,9.41166525068093,0.0016913510420630965,-0.00045177959576167206,1.25277699336557,0.2486898871648554,0.968583161128631,0.34817536741017163,0.12533323356430448,0.0,0.0,0.9921147013144778,0.14937293006220392,0.1890205133515202,-0.2893968421809243,1,0.08000000000000002,-0.2,-0.24122147477075268,0,-0.32,0.2,-0.24122147477075268,0,-0.27495396912083003,-0.18507397020806346,-0.2893968421809243,1
6.0600000000000005,-0.13709519305400786,1.5463439064712794,9.474604039742108,-0.0008589763796200942,-9.75913975490288e-05,1.2587030090686924,0.23649899702372434,0.971631732914674,0.3459579860621487,0.11909716009486948,0.0,0.0,0.9928826045698137,0.1391703356297761,0.1872075186859222,-0.28717946083290136,1,0.096,-0.2,-0.23154528940713112,0,-0.30400000000000005,0.2,-0.23154528940713112,0,-0.2898239466856428,-0.18152531920715015,-0.28717946083290136,1
6.07,0.002181327063722544,1.4874860992511705,9.534423029164627,-0.0006775817801187308,-0.0012061641562002483,1.2578232264766989,0.22427076094938075,0.9745268727865772,0.3437115766650932,0.11285638487348137,0.0,0.0,0.9936113105200084,0.1289457645880394,0.18552287337531334,-0.28493305143584585,1,0.11200000000000002,-0.2,-0.22294867572242105,0,-0.28800000000000003,0.2,-0.22294867572242105,0,-0.30464815768952724,-0.17779009166165824,-0.28493305143584585,1
6.08,0.22288915774714943,1.5982582062265331,9.668628269862088,0.0007381720820685445,-0.0015066049635882811,1.2617560204235934,0.21200710992205496,0.9772681235681934,0.34143755809932846,0.10661115427526,0.0,0.0,0.9943007903969989,0.1187008315152882,0.18396684344471692,-0.2826590328700811,1,0.128,-0.2,-0.21556720744979846,0,-0.272,0.2,-0.21556720744979846,0,-0.31942426121771794,-0.17386887740731738,-0.2826590328700811,1
6.09,0.20398651675479224,1.5924082056302666,9.401540592496449,4.575885277308594e-05,-0.0009637089636665791,1.2603445207961765,0.19970998051440725,0.9798550523842469,0.3391373666837203,0.10036171485121491,0.0,0.0,0.9949510169813002,0.10843715420521632,0.182539674609297,-0.28035884145447293,1,0.144,-0.2,-0.20951729475339803,0,-0.256,0.2,-0.20951729475339803,0,-0.33414992395217985,-0.16976229564931378,-0.28035884145447293,1
6.1000000000000005,0.044122863334198584,1.5449096658397057,9.54753860869661,-0.0006700467645627604,0.0005821433886184605,1.2574573048278552,0.18738131458572388,0.9822872507286888,0.33681245526846765,0.09410831331851384,0.0,0.0,0.9955619646030801,0.09815635341145135,0.18124159223555683,-0.2780339300392203,1,0.16000000000000003,-0.2,-0.20489434837048465,0,-0.24,0.2,-0.20489434837048465,0,-0.348822820540062,-0.16547099486451228,-0.2780339300392203,1
6.11,-0.09869859073658037,1.6618862979831417,9.701987753315418,-0.0022293580910178012,0.0017374703098364745,1.2501062687991982,0.17502305897527606,0.9845643345292053,0.3344642923174517,0.0878511965507431,0.0,0.0,0.9961336091431725,0.08786005259161961,0.1800728013057514,-0.2756857670882043,1,0.17600000000000002,-0.2,-0.20177127492713112,0,-0.224,0.2,-0.20177127492713112,0,-0.3634406339608964,-0.16099565269905391,-0.2756857670882043,1
6.12,0.15019199147937448,1.557917372044304,9.525441031389994,-0.00137379741210342,0.001719859164210716,1.2626352962408995,0.16263716519488353,0.986685944207868,0.3320943609807209,0.08159061156815742,0.0,0.0,0.9966659280340299,0.07754987765097691,0.1790334863855174,-0.2733158357514736,1,0.192,-0.2,-0.2001973271571728,0,-0.20800000000000002,0.2,-0.2001973271571728,0,-0.37800105589249183,-0.15633697586134543,-0.2733158357514736,1
6.13,0.011999774548955686,1.5606917139333842,9.543263074859079,-0.00011566115189545629,0.0009690639089713008,1.2534837769797338,0.15022558912075773,0.988651744737914,0.3297041581577036,0.07532680552793297,0.0,0.0,0.9971589002606139,0.06722745668566707,0.17812381159472895,-0.27092563292845623,1,0.20800000000000002,-0.2,-0.2001973271571728,0,-0.192,0.2,-0.2001973271571728,0,-0.39250178707543354,-0.15149570001046517,-0.27092563292845623,1
6.140000000000001,0.06923779236044227,1.550857678841846,9.677660761909841,-0.00013186796868430617,0.0009624435997600488,1.2560281784980778,0.13779029068463777,0.9904614256966513,0.3272951935517325,0.06906002571440556,0.0,0.0,0.9976125063612252,0.056894419725619795,0.17734392058158052,-0.2685166683224851,1,0.22400000000000003,-0.2,-0.20177127492713112,0,-0.176,0.2,-0.20177127492713112,0,-0.4069405376761731,-0.14647258963999105,-0.2685166683224851,1
6.15,-0.044852006039380304,1.5480601343216598,9.586725059559,-0.000611449073358073,0.0012515761096741197,1.2531789337316819,0.12533323356430384,0.9921147013144779,0.3248689887164854,0.06279051952931308,0.0,0.0,0.9980267284282716,0.0465523984771575,0.1766939364999042,-0.2660904634872381,1,0.24,-0.2,-0.20489434837048462,0,-0.16000000000000003,0.2,-0.20489434837048462,0,-0.4213150276486083,-0.14126843795728133,-0.2660904634872381,1
6.16,0.07085073918324866,1.3603283430668909,9.695875702946157,-0.00041154278467049084,-0.0008482342912994798,1.252769413571919,0.11285638487348205,0.9936113105200084,0.3224270760949382,0.05651853448202462,0.0,0.0,0.998401550108975,0.036203026065323864,0.17617396198972118,-0.26364855086569083,1,0.256,-0.2,-0.20951729475339803,0,-0.14400000000000002,0.2,-0.20951729475339803,0,-0.43562298709413777,-0.1358840667582149,-0.26364855086569083,1
6.17,-0.009696193521696359,1.5927067407760365,9.658754416081008,-0.0006548550038136124,0.0008633901261437794,1.2535096169200428,0.10036171485121516,0.9949510169813002,0.31997099805144075,0.0502443181797696,0.0,0.0,0.9987369566060175,0.025847936775994992,0.1757840791610344,-0.2611924728221934,1,0.272,-0.2,-0.2155672074497985,0,-0.128,0.2,-0.2155672074497985,0,-0.4498621566201043,-0.13032032629742124,-0.2611924728221934,1
6.18,0.19698912908258212,1.4688452359047834,9.861801865296705,-4.133776093400614e-05,-0.00030176867798355407,1.2578041575394867,0.08785119655074422,0.9961336091431724,0.3175023058975278,0.04396811831786534,0.0,0.0,0.9990329346781247,0.015488765797811138,0.1755243495808621,-0.25872378066828045,1,0.288,-0.2,-0.22294867572242105,0,-0.11200000000000004,0.2,-0.22294867572242105,0,-0.46403028769657195,-0.12457809515401673,-0.25872378066828045,1
6.19,0.13128946928393231,1.6954314016139387,9.543548968586991,0.0001859110547235408,-0.00021979879125502225,1.2550702149153496,0.07532680552793278,0.9971589002606139,0.3150225589120757,0.03769018266993447,0.0,0.0,0.9992894726405892,0.0051271489639548844,0.175394814263516,-0.2562440336828284,1,0.30400000000000005,-0.2,-0.2315452894071311,0,-0.09599999999999997,0.2,-0.2315452894071311,0,-0.47812514301140485,-0.11865828009286375,-0.2562440336828284,1
6.2,-0.01231116252425476,1.715297252262737,9.782762360194859,-0.0013654773413270401,-3.664074005079245e-05,1.248192449175733,0.06279051952931332,0.9980267284282716,0.3125333233564304,0.031410759078128174,0.0,0.0,0.9995065603657316,-0.005235277506157855,0.1753954936641242,-0.25375479812718305,1,0.32000000000000006,-0.2,-0.24122147477075268,0,-0.07999999999999996,0.2,-0.24122147477075268,0,-0.4921444968235525,-0.11256181592138631,-0.25375479812718305,1
6.21,-0.1123674345027234,1.6411911200748275,9.788749658459597,-0.0011699166804131401,-9.617040586499395e-05,1.2647613839082308,0.050244318179770285,0.9987369566060175,0.31003617148512164,0.025130095443337754,0.0,0.0,0.9996841892832999,-0.015596877265262373,0.1755263876754016,-0.2512576462558743,1,0.336,-0.2,-0.25182463258982846,0,-0.064,0.2,-0.25182463258982846,0,-0.5060861353145308,-0.10628966534194959,-0.2512576462558743,1
6.22,0.19529017633892878,1.4498262191133957,9.919154237876816,-0.0010677869503891333,-0.0003128849959541372,1.260973674886014,0.037690182669935166,0.9992894726405892,0.30753268055279337,0.018848439715408397,0.0,0.0,0.999822352380809,-0.025956014096642693,0.17578747562766628,-0.248754155323546,1,0.35200000000000004,-0.2,-0.26318754473153216,0,-0.04799999999999999,0.2,-0.26318754473153216,0,-0.5199478569380072,-0.09984281879983828,-0.248754155323546,1
6.23,0.08670596202117128,1.8431149605738661,9.85331733205386,0.0007097248100894678,-0.001438286529702535,1.2536845151893148,0.025130095443337108,0.9996841892832999,0.3050244318179769,0.012566039883352332,0.0,0.0,0.9999210442038161,-0.03631105217250623,0.17617871629210408,-0.24624590658872952,1,0.36800000000000005,-0.2,-0.2751310112835145,0,-0.03199999999999997,0.2,-0.2751310112835145,0,-0.5337274727674473,-0.0932222943268556,-0.24624590658872952,1
6.24,0.03779608900479518,1.4572496407160478,9.852005318054298,0.00094753761236705,0.0006475806227756739,1.2587817209865804,0.01256603988335302,0.9999210442038161,0.3025130095443338,0.006283143965559066,0.0,0.0,0.9999802608561371,-0.04666035631229921,0.17670004788727875,-0.24373448431508649,1,0.384,-0.2,-0.2874666766435695,0,-0.016000000000000014,0.2,-0.2874666766435695,0,-0.5474228068417706,-0.08642913738056471,-0.24373448431508649,1
6.25,0.10681006743733389,1.6441680874026419,9.702261959636527,-0.00021683556206032747,-0.0013642896793455972,1.250480026381501,3.061616997868383e-16,1.0,0.30000000000000004,6.123233995736766e-17,0.0,0.0,1.0,0.0,0.2,-0.3,0,0.0,-0.2,-0.3,0,-0.4,0.2,-0.3,0,-0.4,-0.2,-0.3,0
6.26,-0.0006704332874439811,1.6102317341374182,9.846655127016552,-0.0010502071872213817,6.150952857660914e-05,1.2618140734769727,-0.012566039883352408,0.9999210442038161,0.2974869904556663,0.0062831439655588435,0.0,0.0,-0.9999802608561371,0.016000000000000014,0.2,-0.28746667664356956,0,0.016000000000000014,-0.2,-0.28746667664356956,0,-0.384,0.2,-0.28746667664356956,0,-0.384,-0.2,-0.28746667664356956,0
6.2700000000000005,0.021010513868391263,1.6545750379481037,9.772223776515107,-0.001486930483053147,-0.0004397739275502765,1.2559587531174121,-0.025130095443337386,0.9996841892832999,0.29497556818202303,0.012566039883352554,0.0,0.0,-0.9999210442038161,0.032,0.2,-0.2751310112835145,0,0.032,-0.2,-0.2751310112835145,0,-0.368,0.2,-0.2751310112835145,0,-0.368,-0.2,-0.2751310112835145,0
6.28,-0.06791996610753107,1.65720213247236,9.749388128569633,0.0009587517383022283,-0.000679767488192044,1.2575137278304607,-0.03769018266993455,0.9992894726405892,0.2924673194472067,0.018848439715408175,0.0,0.0,-0.999822352380809,0.04799999999999999,0.2,-0.2631875447315322,0,0.04799999999999999,-0.2,-0.2631875447315322,0,-0.35200000000000004,0.2,-0.2631875447315322,0,-0.35200000000000004,-0.2,-0.2631875447315322,0
6.29,-0.07123657863654163,1.6111968557367768,9.765280711375983,-0.0009217540490365689,3.069101826065743e-05,1.2515504027351654,-0.050244318179769674,0.9987369566060175,0.28996382851487845,0.02513009544333753,0.0,0.0,-0.9996841892832999,0.064,0.2,-0.25182463258982846,0,0.064,-0.2,-0.25182463258982846,0,-0.336,0.2,-0.25182463258982846,0,-0.336,-0.2,-0.25182463258982846,0
6.3,0.18974154239289126,1.4735780744370979,9.946651069396124,0.000731599802937311,-0.0011940968743363672,1.2494534236834391,-0.06279051952931271,0.9980267284282716,0.2874666766435697,0.03141075907812795,0.0,0.0,-0.9995065603657316,0.08000000000000002,0.2,-0.24122147477075268,0,0.20000000000000007,-0.19999999999999996,-0.3,1,-0.20000000000000004,0.20000000000000007,-0.3,1,-0.32,-0.2,-0.24122147477075268,0
6.3100000000000005,0.07012250158703338,1.6517604811304507,9.883846537573588,0.0005230273366241045,-0.002056180317009561,1.2514295521038448,-0.07532680552793306,0.9971589002606139,0.2849774410879242,0.037690182669934694,0.0,0.0,-0.9992894726405892,0.096,0.2,-0.23154528940713112,0,0.1849049609807389,-0.20241846102124988,-0.29751076444435454,1,-0.21003704074744614,0.20257637261361794,-0.29751076444435454,1,-0.30400000000000005,-0.2,-0.23154528940713112,0
6.32,-0.20090231449359713,1.5295947872229176,9.884654993297989,-0.000724244128009683,-0.0008827947572210782,1.2626007993096329,-0.08785119655074361,0.9961336091431724,0.2824976941024723,0.04396811831786512,0.0,0.0,-0.9990329346781247,0.11200000000000002,0.2,-0.22294867572242105,0,0.16978072332465377,-0.20464704622862762,-0.29503101745890264,1,-0.22004091421133093,0.20527866766202785,-0.29503101745890264,1,-0.28800000000000003,-0.2,-0.22294867572242105,0
6.33,-0.09802388254641958,1.5418843272765732,9.89401584258825,0.0017608901051586595,0.00028001844136856733,1.2452955317135197,-0.10036171485121455,0.9949510169813002,0.28002900194855934,0.050244318179769376,0.0,0.0,-0.9987369566060175,0.128,0.2,-0.21556720744979846,0,0.1546296753241961,-0.206685403702694,-0.2925623253049897,1,-0.23001004066406583,0.2081064584215157,-0.2925623253049897,1,-0.272,-0.2,-0.21556720744979846,0
6.34,0.09158230987783458,1.603873709902454,9.962835502456919,-0.0017076670363309141,0.0002796340325320437,1.2512777058490043,-0.11285638487348144,0.9936113105200084,0.27757292390506194,0.0565185344820244,0.0,0.0,-0.998401550108975,0.144,0.2,-0.20951729475339803,0,0.13945420950547954,-0.2085332115631749,-0.29010624726149226,1,-0.2399428458650195,0.21105929835114004,-0.29010624726149226,1,-0.256,-0.2,-0.20951729475339803,0
6.3500000000000005,0.04060950523671021,1.5793804657244683,9.897519578508065,0.0029443203622524167,0.0014471815391728469,1.26022446504023,-0.125333233564305,0.9921147013144778,0.27513101128351436,0.06279051952931375,0.0,0.0,-0.9980267284282716,0.16000000000000003,0.2,-0.20489434837048465,0,0.12425672225047656,-0.2101901780197886,-0.2876643346399447,1,-0.24983776130910623,0.2141367211632459,-0.2876643346399447,1,-0.24,-0.2,-0.20489434837048465,0
6.36,-0.01446693256796906,1.5787449749699463,9.90994325709864,0.0001744886916025485,-0.0001559482537803679,1.2612815720376749,-0.13779029068463805,0.9904614256966512,0.27270480644826744,0.06906002571440578,0.0,0.0,-0.9976125063612252,0.17600000000000002,0.2,-0.20177127492713112,0,0.10903961341860276,-0.21165604141832325,-0.28523812980469776,1,-0.2596932244744696,0.2173382408970956,-0.28523812980469776,1,-0.224,-0.2,-0.20177127492713112,0
6.37,0.17052859684429622,1.6609654298524323,10.007154120929409,5.195247588624489e-05,-0.000781978697007482,1.2544119490555932,-0.15022558912075626,0.9886517447379142,0.27029584184229666,0.0753268055279323,0.0,0.0,-0.9971589002606139,0.192,0.2,-0.2001973271571728,0,0.0938052859677429,-0.21293057028195547,-0.28282916519872703,1,-0.26950767906922896,0.2206633519956108,-0.28282916519872703,1,-0.20800000000000002,-0.2,-0.2001973271571728,0
6.38,-0.1808200515171654,1.392097355742265,10.022998762139087,-0.001695298925622521,0.0005005385371855606,1.2598247362913544,-0.16263716519488378,0.986685944207868,0.267905639019279,0.08159061156815764,0.0,0.0,-0.9966659280340299,0.20800000000000002,0.2,-0.2001973271571728,0,0.07855614557480117,-0.21401356334780314,-0.28043896237570937,1,-0.2792795752772327,0.22411152938520323,-0.28043896237570937,1,-0.192,-0.2,-0.2001973271571728,0
6.390000000000001,-0.14403403706859097,1.663836997316699,9.928479361173112,0.00017633687583682535,-0.001382317424935623,1.2590373831302084,-0.1750230589752772,0.9845643345292052,0.2655357076825481,0.08785119655074375,0.0,0.0,-0.9961336091431724,0.22400000000000003,0.2,-0.20177127492713112,0,0.06329460025582148,-0.21490484959870643,-0.27806903103897845,1,-0.28900737000278853,0.2276822285586903,-0.27806903103897845,1,-0.176,-0.2,-0.20177127492713112,0
6.4,-0.09943256076095636,1.5682018029022062,10.179433384702573,-0.0009392541133656367,0.001753606705919552,1.257770311866211,-0.18738131458572502,0.9822872507286886,0.2631875447315321,0.0941083133185145,0.0,0.0,-0.99556196460308,0.24,0.2,-0.20489434837048462,0,0.04802305998572923,-0.21560428829023418,-0.2757208680879624,1,-0.2986895271143398,0.231374885661279,-0.2757208680879624,1,-0.16000000000000003,-0.2,-0.20489434837048462,0
6.41,0.014679499232045833,1.6577813115518811,10.025933157763887,0.0003502237200885716,0.001144622472660001,1.2587353344177197,-0.19970998051440664,0.979855052384247,0.2608626333162798,0.10036171485121469,0.0,0.0,-0.9949510169813002,0.256,0.2,-0.20951729475339803,0,0.032743936317764274,-0.2161117689729089,-0.2733959566727101,1,-0.30832451768704094,0.2351889175796068,-0.2733959566727101,1,-0.14400000000000002,-0.2,-0.20951729475339803,0
6.42,-0.05338412179037333,1.534973241686538,10.28720347717762,-0.0017399660433339097,-0.0008857975720213636,1.2550529602492997,-0.2120071099220535,0.9772681235681937,0.2585624419006718,0.10661115427525933,0.0,0.0,-0.9943007903969989,0.272,0.2,-0.2155672074497985,0,0.017459642002674997,-0.21642721150964814,-0.2710957652571021,1,-0.31791082024418815,0.23912372203382018,-0.2710957652571021,1,-0.128,-0.2,-0.2155672074497985,0
6.43,-0.07259494063470757,1.478419316481894,10.104834731505388,0.0010694051223543314,-0.0012743709710213273,1.2590447543113958,-0.224270760949381,0.9745268727865772,0.25628842333490676,0.1128563848734816,0.0,0.0,-0.9936113105200084,0.288,0.2,-0.22294867572242105,0,0.00217259060771275,-0.21655056608841827,-0.2688217466913371,1,-0.32744692099748096,0.2431786776726826,-0.2688217466913371,1,-0.11200000000000004,-0.2,-0.22294867572242105,0
6.44,-0.08093334648534492,1.725372340542477,10.22177626336884,-0.0007650523621719707,0.001526902818716416,1.259205789197373,-0.23649899702372548,0.9716317329146738,0.2540420139378511,0.11909716009487013,0.0,0.0,-0.9928826045698136,0.30400000000000005,0.2,-0.2315452894071311,0,-0.013114803864491952,-0.21648181323010154,-0.26657533729428146,1,-0.3369313140860631,0.24735314417169152,-0.26657533729428146,1,-0.09599999999999997,-0.2,-0.2315452894071311,0
6.45,0.09307219249525245,1.502734121485028,10.080681538933542,0.00021195211702694438,0.00016676068521203821,1.2579694103879868,-0.24868988716485482,0.9685831611286311,0.25182463258982846,0.12533323356430426,0.0,0.0,-0.9921147013144779,0.32000000000000006,0.2,-0.24122147477075268,0,-0.028400127357132637,-0.21622096379157124,-0.26435795594625877,1,-0.34636250181431805,0.2516464623341943,-0.26435795594625877,1,-0.07999999999999996,-0.2,-0.24122147477075268,0
6.46,-0.01544102064354935,1.4174030345527746,10.168940125967799,0.0006198291957741785,0.0008462412404407406,1.2607362944374763,-0.2608415062898962,0.9653816388332741,0.24963767983642404,0.13156435909228212,0.0,0.0,-0.9913076310695066,0.336,0.2,-0.25182463258982846,0,-0.04368096614043891,-0.21576805896397755,-0.2621710031928544,1,-0.355738994888375,0.25605795419548405,-0.2621710031928544,1,-0.064,-0.2,-0.25182463258982846,0
6.47,-0.06807792375421437,1.7796530585413375,10.20347810206373,0.0014802722248658472,0.001408083224652066,1.2522402660987535,-0.2729519355173255,0.9620276715860858,0.24748253700387038,0.1377902906846382,0.0,0.0,-0.9904614256966512,0.35200000000000004,0.2,-0.26318754473153216,0,-0.05895490719282797,-0.21512317026624292,-0.26001586036030067,1,-0.3650593126512831,0.2605869231298566,-0.26001586036030067,1,-0.04799999999999999,-0.2,-0.26318754473153216,0
6.48,-0.12410379005199679,1.4372205824250714,10.118584090858114,0.0003737914497043972,8.58423602556358e-05,1.259180607435105,-0.2850192624699756,0.9585217890173761,0.24536056532657316,0.1440107825522519,0.0,0.0,-0.989576118602651,0.36800000000000005,0.2,-0.2751310112835145,0,-0.0742195385819421,-0.2142863995337687,-0.2578938886830035,1,-0.37432198331682054,0.2652326539606147,-0.2578938886830035,1,-0.03199999999999997,-0.2,-0.2751310112835145,0
6.49,-0.04015288678322232,1.5738041625516443,10.271469826439914,-0.0005278176876156991,-0.0011997725787177957,1.264671122519589,-0.29704158157703536,0.9548645447466428,0.24327310508732425,0.15022558912075729,0.0,0.0,-0.988651744737914,0.384,0.2,-0.2874666766435695,0,-0.08947244984553615,-0.21325787890235343,-0.25580642844375456,1,-0.3835255442019154,0.2699944130730063,-0.25580642844375456,1,-0.016000000000000014,-0.2,-0.2874666766435695,0
6.5,0.032691111909468454,1.6452315151937889,10.114835164102187,-0.0008675157600368734,0.0005217364511223013,1.2683453254798782,-0.3090169943749471,0.9510565162951536,0.24122147477075273,0.1564344650402307,0.0,0.0,-0.9876883405951378,0.0,0.2,-0.3,0,-0.1047112323720999,-0.21203777078732816,-0.25375479812718305,1,-0.3926685419576103,0.2748714485300663,-0.25375479812718305,1,-0.4,-0.2,-0.3,0
6.51,0.14085937469275453,1.5626603177559903,10.277020147883356,-0.002149898478082813,-0.00010251242629661782,1.2629550356088617,-0.32094360980720843,0.9470983049947447,0.23920697023053963,0.16263716519488305,0.0,0.0,-0.9866859442078681,0.016000000000000014,0.2,-0.28746667664356956,0,-0.11993347978122093,-0.21062626785790795,-0.2517402935869699,1,-0.401749532798572,0.2798629901913602,-0.2517402935869699,1,-0.384,-0.2,-0.28746667664356956,0
6.5200000000000005,0.016982140762818874,1.4727355579387928,9.969952545479192,0.002186671519762532,0.0013965605741235666,1.2489728509865332,-0.33281954452298657,0.9429905358928645,0.23723086387092995,0.16883344471273382,0.0,0.0,-0.985644595148998,0.032,0.2,-0.2751310112835145,0,-0.13513678830357373,-0.20902359300676793,-0.24976418722736027,1,-0.4107670827310778,0.2849682498345967,-0.24976418722736027,1,-0.368,-0.2,-0.2751310112835145,0
6.53,0.12399471678897521,1.644525103006189,10.24337383231723,7.823027392018985e-05,0.0002885898564614265,1.255579374206339,-0.3446429231745162,0.9387338576538744,0.23529440384305567,0.1750230589752756,0.0,0.0,-0.9845643345292054,0.04799999999999999,0.2,-0.2631875447315322,0,-0.15031875716049586,-0.2072299993148462,-0.24782772719948598,1,-0.41971976777945597,0.2901864212800945,-0.24782772719948598,1,-0.35200000000000004,-0.2,-0.2631875447315322,0
6.54,0.010008882232393825,1.4609985088376303,10.326577184450006,0.002876245930134287,0.0012890753367236034,1.2547796499131474,-0.3564118787132508,0.934328942456612,0.2333988132565748,0.1812057636271374,0.0,0.0,-0.9834452049953297,0.064,0.2,-0.25182463258982846,0,-0.1654769889431142,-0.20524577001137834,-0.24593213661300511,1,-0.4286061742109572,0.2955166805180931,-0.24593213661300511,1,-0.336,-0.2,-0.25182463258982846,0
6.55,-0.05753205021859234,1.5869750322615694,10.280021692780824,-0.0009273704514105367,-0.001021737032453831,1.2561001277409958,-0.3681245526846773,0.9297764858882517,0.2315452894071312,0.1873813145857243,0.0,0.0,-0.9822872507286887,0.08000000000000002,0.2,-0.24122147477075268,0,0.08000000000000002,-0.2,-0.24122147477075268,0,-0.32,0.2,-0.24122147477075268,0,-0.32,-0.2,-0.24122147477075268,0
6.5600000000000005,-0.1124013143095028,1.6347321918886049,10.13625640005197,-0.0002484819537272102,0.0010321393095027599,1.2656068704894057,-0.3797790955218014,0.9250772068344579,0.22973500302011501,0.1935494680508604,0.0,0.0,-0.9810905174433341,0.096,0.2,-0.23154528940713112,0,0.096,-0.2,-0.23154528940713112,0,-0.30400000000000005,0.2,-0.23154528940713112,0,-0.30400000000000005,-0.2,-0.23154528940713112,0
6.57,-0.10664964058195972,1.6180503603405927,10.241578371181365,-0.0003312945075592907,0.000620675161555764,1.264911930685795,-0.391373666837202,0.9202318473658705,0.22796909751120936,0.19970998051440678,0.0,0.0,-0.9798550523842469,0.11200000000000002,0.2,-0.22294867572242105,0,0.11200000000000002,-0.2,-0.22294867572242105,0,-0.28800000000000003,0.2,-0.22294867572242105,0,-0.28800000000000003,-0.2,-0.22294867572242105,0
6.58,0.055752944623327,1.4933152262391267,10.405862529521718,0.0015401014063668261,-0.0002462209609884294,1.2676873146876237,-0.40290643571366314,0.9152411726209173,0.22624868826418254,0.20586260876988158,0.0,0.0,-0.9785809043254721,0.128,0.2,-0.21556720744979846,0,0.128,-0.2,-0.21556720744979846,0,-0.272,0.2,-0.21556720744979846,0,-0.272,-0.2,-0.21556720744979846,0
6.59,-0.057525170769708714,1.351329912885823,10.258561615966027,0.00045447931226119014,0.0006494745458573209,1.2581083636674621,-0.4143755809932839,0.9101059706849958,0.22457486192638965,0.21200710992205452,0.0,0.0,-0.9772681235681935,0.144,0.2,-0.20951729475339803,0,0.144,-0.2,-0.20951729475339803,0,-0.256,0.2,-0.20951729475339803,0,-0.256,-0.2,-0.20951729475339803,0
6.6000000000000005,0.02798854766301704,1.3847797085129423,10.359158797659758,-0.0010595055615285095,-0.0017667994689047847,1.2496744559085098,-0.4257792915650733,0.9048270524660192,0.22294867572242097,0.2181432413965429,0.0,0.0,-0.9759167619387473,0.19999999999999998,0.20000000000000004,-0.3,1,0.16000000000000003,-0.2,-0.20489434837048465,0,-0.24,0.2,-0.20489434837048465,0,-0.19999999999999998,-0.20000000000000004,-0.3,1
6.61,0.04883056769133523,1.6999752010582718,10.153753801668413,-0.0003188395979166739,-0.0005795517832556963,1.2600793101559022,-0.4371157666509329,0.8994052515663711,0.22137115678633812,0.22427076094938117,0.0,0.0,-0.9745268727865771,0.1899313769340818,0.1975499566602768,-0.29842248106391717,1,0.17600000000000002,-0.2,-0.20177127492713112,0,-0.224,0.2,-0.20177127492713112,0,-0.21506345670078547,-0.19739204506790908,-0.29842248106391717,1
6.62,-0.06293720597570351,1.6491858309886471,10.258020035635697,0.00028569406325322456,-0.000729254204829216,1.2554581879138047,-0.4483832160900315,0.8938414241512641,0.21984330151291243,0.23038942667659018,0.0,0.0,-0.9730985109821266,0.1798327615019913,0.19522662948469283,-0.2968946257904915,1,0.192,-0.2,-0.2001973271571728,0,-0.20800000000000002,0.2,-0.2001973271571728,0,-0.23009295238866317,-0.194595008051293,-0.2968946257904915,1
6.63,-0.14274246856106906,1.6131852553167436,10.375998236910897,0.00035353561766072046,0.00031647474460123155,1.2522000868937768,-0.45957986062148803,0.8881364488135445,0.21836607492828158,0.23649899702372476,0.0,0.0,-0.9716317329146739,0.16970574839217067,0.19303038535354183,-0.29541739920586063,1,0.20800000000000002,-0.2,-0.2001973271571728,0,-0.192,0.2,-0.2001973271571728,0,-0.2450861137320387,-0.19160933063472035,-0.29541739920586063,1
6.640000000000001,0.06849538982120681,1.5015607929393466,10.254812978294908,-0.002471302160448783,-0.0001796954864519144,1.2649560334925416,-0.47070393216533357,0.8822912264349527,0.2169404100804186,0.242599230795408,0.0,0.0,-0.9701265964901057,0.15955193677738752,0.19096157107923203,-0.29399173435799764,1,0.22400000000000003,-0.2,-0.20177127492713112,0,-0.176,0.2,-0.20177127492713112,0,-0.26004057313692747,-0.1884354842912671,-0.29399173435799764,1
6.65,0.16538945281074213,1.5862591941154736,10.34481373470688,-0.00025273677586161556,-0.0002197405201244223,1.2607063487670729,-0.4817536741017156,0.8763066800438634,0.21556720744979843,0.24868988716485496,0.0,0.0,-0.9685831611286311,0.1493729300622039,0.18902051335152012,-0.29261853172737745,1,0.24,-0.2,-0.20489434837048462,0,-0.16000000000000003,0.2,-0.20489434837048462,0,-0.27495396912083003,-0.18507397020806346,-0.29261853172737745,1
6.66,-0.07659078872758411,1.6745593695695478,10.331175523502907,0.0011894555324851747,-6.190881059081094e-05,1.2487220782189725,-0.49272734154829123,0.8701837546695259,0.2142473343806348,0.254770725683382,0.0,0.0,-0.9670014877624351,0.13917033562977757,0.18720751868592253,-0.2912986586582138,1,0.256,-0.2,-0.20951729475339803,0,-0.14400000000000002,0.2,-0.20951729475339803,0,-0.2898239466856407,-0.1815253192071506,-0.2912986586582138,1
6.67,0.2431709740873266,1.8382826909678434,10.50559673039662,-0.00015969921442016637,-0.00031505965740232086,1.2560677474659399,-0.5036232016357598,0.8639234171928359,0.21298162453304753,0.26084150628989633,0.0,0.0,-0.965381638833274,0.12894576458804152,0.18552287337531367,-0.2900329488106266,1,0.272,-0.2,-0.2155672074497985,0,-0.128,0.2,-0.2155672074497985,0,-0.30464815768952397,-0.17779009166165896,-0.2900329488106266,1
6.68,0.14900947667660874,1.897774197300314,10.348806719963633,-0.00017713530764834162,0.0010419718924321848,1.2507739657494732,-0.5144395337815063,0.8575266561936523,0.21177087735650468,0.26690198932037545,0.0,0.0,-0.9637236782900097,0.11870083151528882,0.18396684344471698,-0.2888222016340837,1,0.288,-0.2,-0.22294867572242105,0,-0.11200000000000004,0.2,-0.22294867572242105,0,-0.31942426121771683,-0.1738688774073176,-0.2888222016340837,1
6.69,0.056831158844633634,1.7178256224611193,10.416680503091419,-0.002124320594349105,0.0012527775246770785,1.257968406989784,-0.5251746299612964,0.8509944817946914,0.21061585758487353,0.2729519355173256,0.0,0.0,-0.9620276715860858,0.10843715420521627,0.18253967460929693,-0.28766718186245255,1,0.30400000000000005,-0.2,-0.2315452894071311,0,-0.09599999999999997,0.2,-0.2315452894071311,0,-0.3341499239521798,-0.1697622956493139,-0.28766718186245255,1
6.7,0.14304554074680711,1.516080048062915,10.388732555861418,-0.0012034591238519186,-2.8616860071363716e-05,1.268273210056616,-0.5358267949789967,0.8443279255020151,0.20951729475339803,0.2789911060392293,0.0,0.0,-0.9602936856769431,0.09815635341145275,0.18124159223555703,-0.2865686190309771,1,0.32000000000000006,-0.2,-0.24122147477075268,0,-0.07999999999999996,0.2,-0.24122147477075268,0,-0.34882282054005986,-0.16547099486451283,-0.2865686190309771,1
6.71,0.006456266426294,1.5836436266857237,10.328771724919692,-0.0013934013467252302,-0.0009746552663644632,1.2687545233877764,-0.5463943467342685,0.8375280400421421,0.2084758827379083,0.2850192624699758,0.0,0.0,-0.958521789017376,0.08786005259162102,0.18007280130575154,-0.28552720701548734,1,0.336,-0.2,-0.25182463258982846,0,-0.064,0.2,-0.25182463258982846,0,-0.36344063396089427,-0.1609956526990545,-0.28552720701548734,1
6.72,-0.07036484901029087,1.5343972808714708,10.31101810136294,0.0012480279504470276,0.0013208316467563438,1.2642333304477809,-0.5568756164881882,0.8305958991958126,0.20749227931655417,0.29103616682827194,0.0,0.0,-0.9567120515588304,0.07754987765097762,0.17903348638551744,-0.2845436035941332,1,0.35200000000000004,-0.2,-0.26318754473153216,0,-0.04799999999999999,0.2,-0.26318754473153216,0,-0.37800105589249067,-0.15633697586134562,-0.2845436035941332,1
6.73,0.011463398642982285,1.563448628109817,10.319909698962501,-0.0008684055298814844,0.0020160550166403043,1.2569623505600487,-0.5672689491267561,0.8235325976284278,0.20656710575433881,0.29704158157703464,0.0,0.0,-0.9548645447466431,0.06722745668566779,0.178123811594729,-0.28361843003191783,1,0.36800000000000005,-0.2,-0.2751310112835145,0,-0.03199999999999997,0.2,-0.2751310112835145,0,-0.3925017870754325,-0.1514957000104655,-0.28361843003191783,1
6.74,0.16723709481606064,1.5954224102949095,10.383205628931805,-0.0002617670574712634,-0.0005385871991015901,1.2513171358251656,-0.577572703422268,0.8163392507171837,0.20570094641071351,0.30303526963277416,0.0,0.0,-0.9529793415172187,0.056894419725620496,0.17734392058158055,-0.28275227068829256,1,0.384,-0.2,-0.2874666766435695,0,-0.016000000000000014,0.2,-0.2874666766435695,0,-0.406940537676172,-0.1464725896399914,-0.28275227068829256,1
6.75,-0.021779874428355394,1.692257467396624,10.381768093176918,0.00016760442105499219,-0.0006159660541068632,1.2546853475775943,-0.5877852522924729,0.8090169943749477,0.20489434837048465,0.3090169943749473,0.0,0.0,-0.9510565162951536,0.04655239847715892,0.1766939364999043,-0.2819456726480637,1,0.0,-0.2,-0.3,0,-0.4,0.2,-0.3,0,-0.4213150276486062,-0.14126843795728192,-0.2819456726480637,1
6.76,-0.1827331312034023,1.6184709689239833,10.409957530653951,0.0018039668451840147,-0.0001238844515038985,1.24998313767231,-0.5979049830575179,0.8015669848708772,0.20414782109826246,0.3149865196553043,0.0,0.0,-0.9490961449902947,0.03620302606532532,0.17617396198972116,-0.2811991453758415,1,0.016000000000000014,-0.2,-0.28746667664356956,0,-0.384,0.2,-0.28746667664356956,0,-0.4356229870941358,-0.13588406675821577,-0.2811991453758415,1
6.7700000000000005,-0.057648930814665,1.5135140914237533,10.42482890659468,-0.0010910866292712705,0.0007342463876047463,1.2528925704044787,-0.6079302976946053,0.7939903986478354,0.20346183611667262,0.32094360980720943,0.0,0.0,-0.9470983049947443,0.025847936775995686,0.17578407916103433,-0.28051316039425167,1,0.032,-0.2,-0.2751310112835145,0,-0.368,0.2,-0.2751310112835145,0,-0.4498621566201033,-0.13032032629742177,-0.28051316039425167,1
6.78,0.025451478930563987,1.4853769858190067,10.395702739931492,-0.000384475101309081,0.0008986849347194127,1.260815212584866,-0.6178596130903337,0.7862884321366195,0.20283682670853265,0.32688802965494207,0.0,0.0,-0.945063075179805,0.015488765797811818,0.17552434958086213,-0.2798881509861117,1,0.04799999999999999,-0.2,-0.2631875447315322,0,-0.35200000000000004,0.2,-0.2631875447315322,0,-0.46403028769657106,-0.12457809515401722,-0.2798881509861117,1
6.79,-0.08284209683296312,1.5871663106699276,10.402600673042935,-0.0003836953238322895,-0.0006589444610900017,1.2620439037021516,-0.6276913612907006,0.7784623015670233,0.20227318764318064,0.3328195445229867,0.0,0.0,-0.9429905358928644,0.005127148963955552,0.17539481426351597,-0.27932451192075974,1,0.064,-0.2,-0.25182463258982846,0,-0.336,0.2,-0.25182463258982846,0,-0.47812514301140385,-0.11865828009286417,-0.27932451192075974,1
6.8,0.05039815455769216,1.7255458166706166,10.38663411844124,-0.0001666039236082838,0.0009682518530655001,1.2504861541878896,-0.6374239897486892,0.7705132427757897,0.20177127492713115,0.33873792024529104,0.0,0.0,-0.9408807689542256,-0.005235277506156419,0.1753954936641242,-0.27882259920471025,1,0.08000000000000002,-0.2,-0.24122147477075268,0,-0.32,0.2,-0.24122147477075268,0,-0.49214449682355055,-0.11256181592138714,-0.27882259920471025,1
6.8100000000000005,-0.06666676052350902,1.4051605158807878,10.44112753996095,-0.00015850013629288654,-0.0009635269404397547,1.2568254770798013,-0.6470559615694446,0.7624425110114477,0.20133140557921317,0.34464292317451717,0.0,0.0,-0.9387338576538741,-0.015596877265262418,0.17552638767540155,-0.2783827298567922,1,0.096,-0.2,-0.23154528940713112,0,-0.30400000000000005,0.2,-0.23154528940713112,0,-0.5060861353145307,-0.10628966534194961,-0.2783827298567922,1
6.82,-0.04561902729375907,1.6145275627025164,10.330543633724282,-0.0020201489565563548,0.0004716407218001887,1.2627556073840247,-0.6565857557529561,0.7542513807361041,0.2009538574303349,0.3505343201912588,0.0,0.0,-0.9365498867481924,-0.025956014096642,0.17578747562766625,-0.27800518170791394,1,0.11200000000000002,-0.2,-0.22294867572242105,0,-0.28800000000000003,0.2,-0.22294867572242105,0,-0.5199478569380063,-0.0998428187998387,-0.27800518170791394,1
6.83,-0.07637463086265142,1.8359214518961047,10.342295263100928,0.001042136387940035,0.0009582238103450008,1.246753838447673,-0.666011867434252,0.7459411454241818,0.20063886894799915,0.3564118787132509,0.0,0.0,-0.9343289424566119,-0.03631105217250555,0.17617871629210408,-0.2776901932255782,1,0.128,-0.2,-0.21556720744979846,0,-0.272,0.2,-0.21556720744979846,0,-0.5337274727674464,-0.09322229432685608,-0.2776901932255782,1
6.84,0.17539438587231623,1.4648701217069182,10.38756530579182,0.0007551536320593341,-0.002455446765302566,1.2540427911243648,-0.6753328081210243,0.737513117358174,0.20038663908568274,0.3622753667045456,0.0,0.0,-0.9320711124582111,-0.04666035631229855,0.1767000478872786,-0.27743796336326176,1,0.144,-0.2,-0.20951729475339803,0,-0.256,0.2,-0.20951729475339803,0,-0.5474228068417695,-0.08642913738056524,-0.27743796336326176,1
6.8500000000000005,-0.046736226442556324,1.6400956869150651,10.445215948092839,0.000391440249577656,-0.0018992163990032764,1.2616608821496011,-0.6845471059286892,0.728968627421411,0.2001973271571728,0.3681245526846783,0.0,0.0,-0.9297764858882512,0.16000000000000003,0.2,-0.20489434837048465,0,0.16000000000000003,-0.2,-0.20489434837048465,0,-0.24,0.2,-0.20489434837048465,0,-0.24,-0.2,-0.20489434837048465,0
6.86,-0.08862305912180755,1.5345012772854785,10.442707002949842,0.0012254631268860587,-0.0011297188334881462,1.2598213085626961,-0.6936533058128049,0.7203090248879069,0.20007105273594106,0.3739592057378004,0.0,0.0,-0.9274451533346614,0.17600000000000002,0.2,-0.20177127492713112,0,0.17600000000000002,-0.2,-0.20177127492713112,0,-0.224,0.2,-0.20177127492713112,0,-0.224,-0.2,-0.20177127492713112,0
6.87,0.025246204397728112,1.4729866323645076,10.44958085033628,0.00035760142917990037,0.0005004802190455905,1.256907555264033,-0.7026499697988486,0.7115356772092859,0.20000789557961837,0.3797790955218007,0.0,0.0,-0.9250772068344582,0.192,0.2,-0.2001973271571728,0,0.192,-0.2,-0.2001973271571728,0,-0.20800000000000002,0.2,-0.2001973271571728,0,-0.20800000000000002,-0.2,-0.2001973271571728,0
6.88,-0.12951686773332047,1.721362282797381,10.486587125023318,0.000976387547190158,-0.0029759106550666867,1.23874234260773,-0.7115356772092855,0.7026499697988491,0.20000789557961837,0.3855839922773966,0.0,0.0,-0.9226727398701148,0.20800000000000002,0.2,-0.2001973271571728,0,0.20800000000000002,-0.2,-0.2001973271571728,0,-0.192,0.2,-0.2001973271571728,0,-0.192,-0.2,-0.2001973271571728,0
6.890000000000001,-0.092834573606084,1.6946552927150422,10.419900786873054,0.0002942314484707296,0.0002073698482387853,1.2543903326332762,-0.7203090248879077,0.6936533058128042,0.20007105273594106,0.3913736668372029,0.0,0.0,-0.9202318473658702,0.22400000000000003,0.2,-0.20177127492713112,0,0.22400000000000003,-0.2,-0.20177127492713112,0,-0.176,0.2,-0.20177127492713112,0,-0.176,-0.2,-0.20177127492713112,0
6.9,-0.09340305613044692,1.7293473927768122,10.498859499430719,-6.827480502972384e-05,0.0009617348268983869,1.2560818157214702,-0.7289686274214118,0.6845471059286884,0.2001973271571728,0.3971478906347808,0.0,0.0,-0.917754625683981,0.24,0.2,-0.20489434837048462,0,0.2,-0.19999999999999998,-0.3,1,-0.19999999999999996,0.19999999999999996,-0.3,1,-0.16000000000000003,-0.2,-0.20489434837048462,0
6.91,-0.1813547141761384,1.4677153372641236,10.199751169389371,-5.950903865655532e-05,0.0003785442468504278,1.2517841837034545,-0.7375131173581736,0.6753328081210247,0.20038663908568272,0.40290643571366247,0.0,0.0,-0.9152411726209176,0.256,0.2,-0.20951729475339803,0,0.18490496098074105,-0.20241846102124975,-0.3001893119285099,1,-0.21003704074744473,0.20257637261361736,-0.3001893119285099,1,-0.14400000000000002,-0.2,-0.20951729475339803,0
6.92,0.062078913786308136,1.7323853251058903,10.41310959129233,-0.00038575026799300466,-0.0011382843451717365,1.2621158234131433,-0.7459411454241813,0.6660118674342526,0.2006388689479991,0.4086490747363485,0.0,0.0,-0.9126915874035031,0.272,0.2,-0.2155672074497985,0,0.169780723324657,-0.20464704622862717,-0.30044154179082627,1,-0.22004091421132868,0.20527866766202715,-0.30044154179082627,1,-0.128,-0.2,-0.2155672074497985,0
6.93,0.06032190308058676,1.6022057704751531,10.383265119495713,-0.0012127612386714527,-0.00017633696784260868,1.2556208281613932,-0.7542513807361036,0.6565857557529566,0.20095385743033484,0.41437558099328403,0.0,0.0,-0.9101059706849958,0.288,0.2,-0.22294867572242105,0,0.15462967532419722,-0.2066854037026939,-0.300756530273162,1,-0.23001004066406502,0.20810645842151534,-0.300756530273162,1,-0.11200000000000004,-0.2,-0.22294867572242105,0
6.94,-0.007518688151390618,1.6990493336526251,10.321338405277235,-0.0014926918264719974,0.00036221670218285174,1.2565678269151628,-0.7624425110114483,0.6470559615694437,0.2013314055792132,0.4200857284118066,0.0,0.0,-0.9074844245411168,0.30400000000000005,0.2,-0.2315452894071311,0,0.13945420950547957,-0.208533211563175,-0.3011340784220404,1,-0.2399428458650195,0.2110592983511399,-0.3011340784220404,1,-0.09599999999999997,-0.2,-0.2315452894071311,0
6.95,0.1545902223713074,1.5701848199108375,10.502672545127092,-0.0009935150726203543,0.000962521413910561,1.2594438528277259,-0.7705132427757893,0.6374239897486897,0.2017712749271311,0.42577929156507266,0.0,0.0,-0.9048270524660196,0.32000000000000006,0.2,-0.24122147477075268,0,0.12425672225047879,-0.21019017801978848,-0.30157394776995833,1,-0.24983776130910473,0.21413672116324534,-0.30157394776995833,1,-0.07999999999999996,-0.2,-0.24122147477075268,0
6.96,-0.22504680013646425,1.639684560418987,10.336793922782128,-0.0004811623203086339,-0.0009756588476080545,1.2670887173313286,-0.7784623015670229,0.627691361290701,0.20227318764318059,0.43145604568095863,0.0,0.0,-0.902133959368203,0.336,0.2,-0.25182463258982846,0,0.10903961341860494,-0.21165604141832325,-0.3020758604860078,1,-0.25969322447446813,0.21733824089709505,-0.3020758604860078,1,-0.064,-0.2,-0.25182463258982846,0
6.97,-0.11971838864201508,1.5335127933271464,10.492921960412371,0.0004427823868117335,0.001110244660207646,1.2480663153398681,-0.786288432136619,0.6178596130903342,0.2028368267085326,0.437115766650933,0.0,0.0,-0.899405251566371,0.35200000000000004,0.2,-0.26318754473153216,0,0.09380528596774293,-0.21293057028195556,-0.3026394995513598,1,-0.2695076790692289,0.22066335199561063,-0.3026394995513598,1,-0.04799999999999999,-0.2,-0.26318754473153216,0
6.98,-0.12497694049428545,1.4951077560889474,10.510047692128065,0.0008957000330677795,-0.0003009909883559084,1.2613256666014465,-0.7939903986478349,0.6079302976946058,0.20346183611667257,0.4427582310389013,0.0,0.0,-0.896641036785236,0.36800000000000005,0.2,-0.2751310112835145,0,0.07855614557480337,-0.21401356334780314,-0.30326450895949975,1,-0.27927957527723124,0.22411152938520248,-0.30326450895949975,1,-0.03199999999999997,-0.2,-0.2751310112835145,0
6.99,0.06554082962049498,1.5244893671242337,10.577503402162238,9.983341995555071e-05,-0.00013205358793237933,1.2485919234062022,-0.8015669848708769,0.5979049830575185,0.2041478210982624,0.44838321609003245,0.0,0.0,-0.8938414241512637,0.384,0.2,-0.2874666766435695,0,0.06329460025582356,-0.21490484959870643,-0.3039504939410896,1,-0.2890073700027871,0.2276822285586896,-0.3039504939410896,1,-0.016000000000000014,-0.2,-0.2874666766435695,0
7.0,-0.034834806572622605,1.5846250455301467,10.366159819672088,-0.0014068397197543937,0.0013618090512552332,1.2622868394702615,-0.8090169943749472,0.5877852522924734,0.2048943483704846,0.45399049973954664,0.0,0.0,-0.8910065241883679,0.0,0.2,-0.3,0,0.04802305998573132,-0.2156042882902342,-0.30469702121331177,1,-0.29868952711433844,0.23137488566127834,-0.30469702121331177,1,-0.4,-0.2,-0.3,0
7.01,-0.09509711281992712,1.5626811414588757,10.189819422597202,0.0003412330884601665,0.0006071580541591272,1.2590774809154361,-0.8163392507171833,0.5775727034222685,0.20570094641071346,0.45957986062148737,0.0,0.0,-0.8881364488135448,0.016000000000000014,0.2,-0.28746667664356956,0,0.03274393631776644,-0.21611176897290907,-0.30550361925354064,1,-0.3083245176870395,0.23518891757960614,-0.30550361925354064,1,-0.384,-0.2,-0.28746667664356956,0
7.0200000000000005,-0.11004597929881642,1.5258261815732312,10.27942630451672,5.128514350337566e-05,0.0015817427680631328,1.261516423848245,-0.8235325976284273,0.5672689491267566,0.2065671057543388,0.46515107807745826,0.0,0.0,-0.8852313113324553,0.032,0.2,-0.2751310112835145,0,0.017459642002675024,-0.21642721150964822,-0.30636977859716596,1,-0.31791082024418804,0.23912372203381999,-0.30636977859716596,1,-0.368,-0.2,-0.2751310112835145,0
7.03,0.03680434062905353,1.550025435329332,10.534590487680413,0.0018319571072547636,0.0014218767782652568,1.2589350247084237,-0.8305958991958121,0.5568756164881887,0.20749227931655412,0.47070393216533213,0.0,0.0,-0.8822912264349535,0.04799999999999999,0.2,-0.2631875447315322,0,0.0021725906077148666,-0.21655056608841844,-0.3072949521593813,1,-0.3274469209974795,0.24317867767268175,-0.3072949521593813,1,-0.35200000000000004,-0.2,-0.2631875447315322,0
7.04,0.0076834587727310465,1.5454622136054794,10.267609795444727,0.0007042780814891691,-0.00019008499965209486,1.2579981280190335,-0.8375280400421418,0.546394346734269,0.20847588273790824,0.4762382036679391,0.0,0.0,-0.8793163101905562,0.064,0.2,-0.25182463258982846,0,-0.013114803864489807,-0.21648181323010168,-0.30827855558073547,1,-0.33693131408606175,0.24735314417169083,-0.30827855558073547,1,-0.336,-0.2,-0.25182463258982846,0
7.05,-0.1288490471400445,1.468352929895272,10.34630033950548,0.0006994009634199675,0.0011808389531066505,1.262175005481299,-0.8443279255020147,0.5358267949789972,0.20951729475339798,0.48175367410171493,0.0,0.0,-0.8763066800438638,0.08000000000000002,0.2,-0.24122147477075268,0,-0.02840012735713049,-0.21622096379157135,-0.30931996759622515,1,-0.3463625018143167,0.25164646233419363,-0.30931996759622515,1,-0.32,-0.2,-0.24122147477075268,0
7.0600000000000005,0.030494786544907976,1.582850806341018,10.421931498416818,-0.0025307473363762353,6.821904276750428e-05,1.2581129533140603,-0.8509944817946921,0.5251746299612955,0.2106158575848736,0.48725012572533244,0.0,0.0,-0.87326245480992,0.096,0.2,-0.23154528940713112,0,-0.043680966140438926,-0.21576805896397755,-0.3104185304277008,1,-0.3557389948883749,0.2560579541954839,-0.3104185304277008,1,-0.30400000000000005,-0.2,-0.23154528940713112,0
7.07,-0.0885879755025781,1.6571238194344444,10.278265184578824,-0.0002734955652626147,0.0010224758243004902,1.2526567408922165,-0.857526656193652,0.5144395337815069,0.21177087735650463,0.49272734154829134,0.0,0.0,-0.8701837546695258,0.11200000000000002,0.2,-0.22294867572242105,0,-0.058954907192825784,-0.21512317026624314,-0.3115735501993318,1,-0.3650593126512818,0.26058692312985576,-0.3115735501993318,1,-0.28800000000000003,-0.2,-0.22294867572242105,0
7.08,-0.03390054030444361,1.4101498690362204,10.442540617058548,-0.0029079583047207946,-0.0016454657087471493,1.2600291799155752,-0.8639234171928356,0.5036232016357604,0.21298162453304748,0.49818510533949106,0.0,0.0,-0.8670707011644899,0.128,0.2,-0.21556720744979846,0,-0.07421953858194218,-0.21428639953376882,-0.31278429737587465,1,-0.37432198331682054,0.2652326539606146,-0.31278429737587465,1,-0.272,-0.2,-0.21556720744979846,0
7.09,0.009559596963726283,1.5454635540046309,10.24405792198101,0.00021723451106177768,0.001521792196324456,1.2565560995409817,-0.8701837546695256,0.4927273415482918,0.21424733438063473,0.5036232016357607,0.0,0.0,-0.8639234171928354,0.144,0.2,-0.20951729475339803,0,-0.08947244984553403,-0.21325787890235368,-0.3140500072234619,1,-0.3835255442019141,0.2699944130730055,-0.3140500072234619,1,-0.256,-0.2,-0.20951729475339803,0
7.1000000000000005,0.024891809705781316,1.6019572615083788,10.345304957177811,0.0007012266732961515,9.352466689388789e-05,1.260351901554637,-0.8763066800438639,0.48175367410171466,0.21556720744979857,0.5090414157503717,0.0,0.0,-0.8607420270039434,0.16000000000000003,0.2,-0.20489434837048465,0,-0.1047112323720999,-0.21203777078732824,-0.31536988029262575,1,-0.39266854195761025,0.2748714485300662,-0.31536988029262575,1,-0.24,-0.2,-0.20489434837048465,0
7.11,-0.06375656756681235,1.687019562898711,10.150184111859796,0.0011377039121915735,0.0010617239457958577,1.2541996319061293,-0.8822912264349533,0.47070393216533263,0.2169404100804187,0.5144395337815064,0.0,0.0,-0.8575266561936523,0.17600000000000002,0.2,-0.20177127492713112,0,-0.11993347978122097,-0.2106262678579081,-0.3167430829232459,1,-0.40174953279857206,0.2798629901913601,-0.3167430829232459,1,-0.224,-0.2,-0.20177127492713112,0
7.12,-0.13410728729659124,1.5700749460837982,10.196727125387035,-0.00014144244337973294,-0.0018512271532115901,1.2538749932447644,-0.8881364488135441,0.4595798606214886,0.21836607492828147,0.5198173426207091,0.0,0.0,-0.8542774316992954,0.192,0.2,-0.2001973271571728,0,-0.13513678830357162,-0.20902359300676826,-0.31816874777110865,1,-0.4107670827310765,0.2849682498345958,-0.31816874777110865,1,-0.20800000000000002,-0.2,-0.2001973271571728,0
7.13,0.05297095526529701,1.544114402947771,10.199965113357008,0.0006192330822983869,0.00012244830387513655,1.2528725554285336,-0.8938414241512639,0.4483832160900321,0.21984330151291234,0.5251746299612957,0.0,0.0,-0.8509944817946918,0.20800000000000002,0.2,-0.2001973271571728,0,-0.15031875716049586,-0.2072299993148463,-0.3196459743557395,1,-0.41971976777945597,0.29018642128009436,-0.3196459743557395,1,-0.192,-0.2,-0.2001973271571728,0
7.140000000000001,0.06168175488721415,1.4555306861478714,10.217671387571912,-0.00036255898984547443,0.0012136735566042989,1.2535006940377915,-0.8994052515663715,0.4371157666509319,0.22137115678633823,0.5305111843067345,0.0,0.0,-0.8476779360850829,0.22400000000000003,0.2,-0.20177127492713112,0,-0.16547698894311424,-0.20524577001137845,-0.32117382962916546,1,-0.42860617421095715,0.295516680518093,-0.32117382962916546,1,-0.176,-0.2,-0.20177127492713112,0
7.15,-0.03051307622353394,1.5589133196196288,10.36226186076857,0.0022575786870218865,0.0018936851731741005,1.2425687140774733,-0.9048270524660197,0.4257792915650723,0.2229486757224211,0.5358267949789968,0.0,0.0,-0.844327925502015,0.24,0.2,-0.20489434837048462,0,0.24,-0.2,-0.20489434837048462,0,-0.16000000000000003,0.2,-0.20489434837048462,0,-0.16000000000000003,-0.2,-0.20489434837048462,0
7.16,0.08641261102655806,1.5613482055453565,10.24509151002382,0.0005710192919878939,0.00015782857733283342,1.2629820524408373,-0.9101059706849955,0.41437558099328453,0.22457486192638954,0.5411212521268757,0.0,0.0,-0.8409445822981692,0.256,0.2,-0.20951729475339803,0,0.256,-0.2,-0.20951729475339803,0,-0.14400000000000002,0.2,-0.20951729475339803,0,-0.14400000000000002,-0.2,-0.20951729475339803,0
7.17,-0.08148726370006029,1.5356960610953119,10.298061054682169,-0.0017506180662115681,0.00013327311268886946,1.2558536184779432,-0.9152411726209171,0.40290643571366375,0.22624868826418243,0.5463943467342686,0.0,0.0,-0.8375280400421421,0.272,0.2,-0.2155672074497985,0,0.272,-0.2,-0.2155672074497985,0,-0.128,0.2,-0.2155672074497985,0,-0.128,-0.2,-0.2155672074497985,0
7.18,0.005525810470558644,1.593790103297311,10.263260242835088,-0.0008286764535997095,0.00011955469308063187,1.2495391658128001,-0.9202318473658703,0.3913736668372026,0.22796909751120925,0.5516458706284302,0.0,0.0,-0.8340784336131712,0.288,0.2,-0.22294867572242105,0,0.288,-0.2,-0.22294867572242105,0,-0.11200000000000004,0.2,-0.22294867572242105,0,-0.11200000000000004,-0.2,-0.22294867572242105,0
7.19,0.037512337110919426,1.539811454349655,10.305633440100895,0.0017199244584469565,-0.0007418590005557092,1.2564058682582193,-0.9250772068344584,0.3797790955218004,0.22973500302011518,0.5568756164881883,0.0,0.0,-0.8305958991958124,0.30400000000000005,0.2,-0.2315452894071311,0,0.30400000000000005,-0.2,-0.2315452894071311,0,-0.09599999999999997,0.2,-0.2315452894071311,0,-0.09599999999999997,-0.2,-0.2315452894071311,0
7.2,0.034361826252455034,1.4835062303059223,10.210551363825529,-0.0003590187443948963,0.0009845984218412494,1.249676002528315,-0.9297764858882515,0.368124552684678,0.23154528940713112,0.5620833778521306,0.0,0.0,-0.8270805742745618,0.2,0.2,-0.3,1,0.32000000000000006,-0.2,-0.24122147477075268,0,-0.07999999999999996,0.2,-0.24122147477075268,0,-0.19999999999999996,-0.2,-0.3,1
7.21,-0.24038130320088344,1.5353767991029943,10.163133995480566,-0.00025571995507199237,-0.0002870619627730727,1.2595921798296956,-0.9343289424566118,0.3564118787132514,0.2333988132565747,0.5672689491267562,0.0,0.0,-0.8235325976284277,0.18993137693408177,0.19754995666027675,-0.30185352384944353,1,0.336,-0.2,-0.25182463258982846,0,-0.064,0.2,-0.25182463258982846,0,-0.21506345670078542,-0.19739204506790906,-0.30185352384944353,1
7.22,-0.071273382279973,1.678115402525028,10.331432227310351,0.00010700154113600744,0.0005959827011465821,1.2529241141104086,-0.9387338576538742,0.34464292317451684,0.23529440384305558,0.572432125594591,0.0,0.0,-0.8199521093254523,0.17983276150198985,0.19522662948469244,-0.30374911443592445,1,0.35200000000000004,-0.2,-0.26318754473153216,0,-0.04799999999999999,0.2,-0.26318754473153216,0,-0.23009295238866523,-0.19459500805129246,-0.30374911443592445,1
7.23,0.19832683926072064,1.642355993931104,10.400374702299375,0.0006129100790112529,0.00018517814763001328,1.253274605552334,-0.9429905358928643,0.3328195445229872,0.23723086387092984,0.5775727034222674,0.0,0.0,-0.8163392507171842,0.1697057483921707,0.1930303853535418,-0.30568557446379874,1,0.36800000000000005,-0.2,-0.2751310112835145,0,-0.03199999999999997,0.2,-0.2751310112835145,0,-0.24508611373203865,-0.1916093306347204,-0.30568557446379874,1
7.24,-0.032537222667379566,1.5092101530902067,10.079427004127034,-0.0007898614297206212,-0.00011984587830465745,1.2508164315195531,-0.9470983049947445,0.3209436098072091,0.23920697023053952,0.5826904796685762,0.0,0.0,-0.8126941644330938,0.15955193677738755,0.19096157107923203,-0.3076616808234084,1,0.384,-0.2,-0.2874666766435695,0,-0.016000000000000014,0.2,-0.2874666766435695,0,-0.26004057313692747,-0.188435484291267,-0.3076616808234084,1
7.25,0.05123615362658379,1.5461347722239127,10.271692441090666,0.0009918432646003567,-4.9859766533123425e-05,1.2504673671989954,-0.9510565162951534,0.3090169943749478,0.24122147477075262,0.587785252292473,0.0,0.0,-0.8090169943749476,0.14937293006220398,0.18902051335152006,-0.3096761853636215,1,0.0,-0.2,-0.3,0,-0.4,0.2,-0.3,0,-0.27495396912082987,-0.1850739702080634,-0.3096761853636215,1
7.26,0.11924784203053479,1.4594739139924182,10.240143810686455,-0.000189317533377574,0.0019462073345736528,1.2527139131141083,-0.9548645447466426,0.297041581577036,0.24327310508732414,0.5928568201610588,0.0,0.0,-0.8053078857111223,0.13917033562977751,0.18720751868592245,-0.31172781568019303,1,0.016000000000000014,-0.2,-0.28746667664356956,0,-0.384,0.2,-0.28746667664356956,0,-0.28982394668564065,-0.1815253192071506,-0.31172781568019303,1
7.2700000000000005,-0.004475343550813154,1.4327528346223124,10.11432472127073,-0.0015585544740726598,-0.0008913224334814142,1.25815336784687,-0.9585217890173758,0.2850192624699763,0.24536056532657305,0.5979049830575188,0.0,0.0,-0.8015669848708766,0.12894576458804008,0.18552287337531337,-0.3138152759194419,1,0.032,-0.2,-0.2751310112835145,0,-0.368,0.2,-0.2751310112835145,0,-0.3046481576895261,-0.17779009166165843,-0.3138152759194419,1
7.28,0.10363189809623988,1.5480646237358784,10.053072376192002,2.2811850479815038e-05,0.0009414269134255834,1.253444748389942,-0.9620276715860856,0.2729519355173261,0.24748253700387027,0.6029295416890244,0.0,0.0,-0.7977944395385713,0.11870083151528887,0.18396684344471695,-0.31593724759673913,1,0.04799999999999999,-0.2,-0.2631875447315322,0,-0.35200000000000004,0.2,-0.2631875447315322,0,-0.3194242612177168,-0.17386887740731766,-0.31593724759673913,1
7.29,0.05733109173221834,1.703290730349974,9.969796721420467,6.149554506017718e-05,0.0007099547693370718,1.2534014031393674,-0.9653816388332739,0.2608415062898969,0.24963767983642393,0.6079302976946054,0.0,0.0,-0.7939903986478353,0.10843715420521635,0.1825396746092969,-0.3180923904292929,1,0.064,-0.2,-0.25182463258982846,0,-0.336,0.2,-0.25182463258982846,0,-0.3341499239521798,-0.16976229564931383,-0.3180923904292929,1
7.3,0.00245647050903396,1.4750151052686473,10.076048809371374,-7.96968431473228e-05,-0.0009457761829595784,1.2508036087302388,-0.968583161128631,0.2486898871648555,0.25182463258982835,0.6129070536529762,0.0,0.0,-0.7901550123756906,0.09815635341145276,0.18124159223555697,-0.32027934318269724,1,0.08000000000000002,-0.2,-0.24122147477075268,0,-0.32,0.2,-0.24122147477075268,0,-0.34882282054005975,-0.16547099486451292,-0.32027934318269724,1
7.3100000000000005,0.1378871047795039,1.6624834570974845,10.067420359875724,-0.00012263967067872508,0.0002924173334798711,1.2563596354123365,-0.971631732914674,0.2364989970237244,0.25404201393785125,0.6178596130903344,0.0,0.0,-0.7862884321366188,0.08786005259161958,0.18007280130575132,-0.3224967245307201,1,0.096,-0.2,-0.23154528940713112,0,-0.30400000000000005,0.2,-0.23154528940713112,0,-0.3634406339608962,-0.16099565269905383,-0.3224967245307201,1
7.32,-0.0419040148316052,1.5744030358273937,10.112324634219293,0.0005234931261880179,-0.0007475154313738236,1.260841544998127,-0.974526872786577,0.22427076094938167,0.2562884233349066,0.6227877804881123,0.0,0.0,-0.7823908105765883,0.0775498776509776,0.1790334863855174,-0.3247431339277755,1,0.11200000000000002,-0.2,-0.22294867572242105,0,-0.28800000000000003,0.2,-0.22294867572242105,0,-0.37800105589249067,-0.1563369758613457,-0.3247431339277755,1
7.33,0.08443966432279235,1.5059684341433666,10.259306722427903,-3.76541779648133e-05,0.000965745127339187,1.2608358153426895,-0.9772681235681936,0.21200710992205415,0.2585624419006717,0.6276913612907007,0.0,0.0,-0.7784623015670232,0.06722745668566635,0.1781238115947288,-0.3270171524935406,1,0.128,-0.2,-0.21556720744979846,0,-0.272,0.2,-0.21556720744979846,0,-0.3925017870754345,-0.15149570001046475,-0.3270171524935406,1
7.34,-0.09963163578784195,1.5120272087917406,10.066313038101407,-0.0001248464542534234,0.00043270869423853907,1.2527626313931315,-0.9798550523842469,0.1997099805144073,0.2608626333162797,0.6325701619131243,0.0,0.0,-0.7745030601987339,0.05689441972562047,0.17734392058158052,-0.3293173439091486,1,0.144,-0.2,-0.20951729475339803,0,-0.256,0.2,-0.20951729475339803,0,-0.40694053767617194,-0.1464725896399914,-0.3293173439091486,1
7.3500000000000005,0.03167174493435901,1.5681770373452641,9.952665940536086,4.485594745223959e-05,-0.0012079004600366757,1.257789052831128,-0.9822872507286888,0.18738131458572393,0.26318754473153233,0.63742398974869,0.0,0.0,-0.770513242775789,0.04655239847715747,0.1766939364999041,-0.33164225532440117,1,0.16000000000000003,-0.2,-0.20489434837048465,0,-0.24,0.2,-0.20489434837048465,0,-0.4213150276486081,-0.14126843795728122,-0.33164225532440117,1
7.36,0.13619774883337482,1.68301836551685,10.006733000700065,-0.0006161417680320816,0.0011362562248270612,1.2611232307006255,-0.9845643345292053,0.17502305897527612,0.26553570768254825,0.6422526531765843,0.0,0.0,-0.7664930068093498,0.03620302606532383,0.17617396198972105,-0.3339904182754171,1,0.17600000000000002,-0.2,-0.20177127492713112,0,-0.224,0.2,-0.20177127492713112,0,-0.4356229870941376,-0.13588406675821502,-0.3339904182754171,1
7.37,-0.03388845455709041,1.5126183630988004,9.915832807607062,0.0009716127534856293,-0.002236860097184912,1.2609529078236996,-0.9866859442078679,0.16263716519488444,0.2679056390192789,0.647055961569444,0.0,0.0,-0.7624425110114481,0.02584793677599571,0.17578407916103428,-0.3363603496121478,1,0.192,-0.2,-0.2001973271571728,0,-0.20800000000000002,0.2,-0.2001973271571728,0,-0.4498621566201032,-0.13032032629742163,-0.3363603496121478,1
7.38,-0.06196825186633564,1.605824546132429,9.975423194626659,0.00044418399710430235,-0.0006755910878156447,1.2575724318698618,-0.9886517447379141,0.15022558912075692,0.27029584184229655,0.6518337253008788,0.0,0.0,-0.7583619152887218,0.015488765797810371,0.17552434958086205,-0.3387505524351654,1,0.20800000000000002,-0.2,-0.2001973271571728,0,-0.192,0.2,-0.2001973271571728,0,-0.46403028769657295,-0.12457809515401633,-0.3387505524351654,1
7.390000000000001,-0.023690274671415625,1.4732064783072263,9.962751507896767,-5.4554701087948695e-05,-0.001166158693325755,1.2534714631330162,-0.9904614256966514,0.13779029068463694,0.27270480644826767,0.6565857557529569,0.0,0.0,-0.7542513807361034,0.005127148963954109,0.17539481426351589,-0.34115951704113656,1,0.22400000000000003,-0.2,-0.20177127492713112,0,-0.176,0.2,-0.20177127492713112,0,-0.47812514301140563,-0.11865828009286328,-0.34115951704113656,1
7.4,0.09088434629483433,1.5533602193489233,10.071867834642449,0.00019133596542586037,0.000133507406337917,1.2555180517765385,-0.9921147013144779,0.1253332335643039,0.2751310112835146,0.661311865323652,0.0,0.0,-0.7501110696304595,-0.005235277506157883,0.17539549366412413,-0.3435857218763835,1,0.24,-0.2,-0.20489434837048462,0,-0.16000000000000003,0.2,-0.20489434837048462,0,-0.4921444968235524,-0.1125618159213863,-0.3435857218763835,1
7.41,-0.0752760011411199,1.5567834814309898,9.853787064089182,0.001231819836345646,0.001459598420334634,1.2623253757354926,-0.9936113105200084,0.11285638487348212,0.2775729239050618,0.6660118674342514,0.0,0.0,-0.7459411454241823,-0.015596877265262411,0.17552638767540152,-0.3460276344979306,1,0.256,-0.2,-0.20951729475339803,0,-0.14400000000000002,0.2,-0.20951729475339803,0,-0.5060861353145306,-0.10628966534194957,-0.3460276344979306,1
7.42,-0.04755500636188769,1.431702576307789,10.092795485784706,9.474782413980262e-05,-0.000743731565387883,1.2516404887770365,-0.9949510169813001,0.1003617148512161,0.28002900194855906,0.6706855765367196,0.0,0.0,-0.7417417727387396,-0.025956014096642,0.1757874756276662,-0.34848371254142796,1,0.272,-0.2,-0.2155672074497985,0,-0.128,0.2,-0.2155672074497985,0,-0.5199478569380062,-0.09984281879983872,-0.34848371254142796,1
7.43,0.009231716150875422,1.5678041419523965,9.998651807597017,-0.0006604012525714189,-0.00041638044650256614,1.258228366539807,-0.9961336091431724,0.0878511965507434,0.28249769410247233,0.6753328081210244,0.0,0.0,-0.7375131173581739,-0.03631105217250552,0.17617871629210397,-0.35095240469534117,1,0.288,-0.2,-0.22294867572242105,0,-0.11200000000000004,0.2,-0.22294867572242105,0,-0.5337274727674463,-0.09322229432685605,-0.35095240469534117,1
7.44,0.15281338030035774,1.4963373998425114,9.902749218259217,0.0028129131544729837,0.001638771877812408,1.258442569129227,-0.997158900260614,0.07532680552793196,0.28497744108792444,0.6799533787224195,0.0,0.0,-0.7332553462225597,-0.046660356312299964,0.1767000478872787,-0.35343215168079334,1,0.30400000000000005,-0.2,-0.2315452894071311,0,-0.09599999999999997,0.2,-0.2315452894071311,0,-0.5474228068417712,-0.08642913738056418,-0.35343215168079334,1
7.45,-0.04165605033077798,1.521810007071456,9.804928363798256,0.00043307605460094585,-0.0007123567597811216,1.25955742392642,-0.9980267284282716,0.06279051952931339,0.28746667664356956,0.6845471059286886,0.0,0.0,-0.7289686274214116,0.32000000000000006,0.2,-0.24122147477075268,0,0.32000000000000006,-0.2,-0.24122147477075268,0,-0.07999999999999996,0.2,-0.24122147477075268,0,-0.07999999999999996,-0.2,-0.24122147477075268,0
7.46,-0.061077551577332814,1.3985595191920668,9.817701183111966,0.001123418044411188,0.0002382568403929942,1.2519939548594774,-0.9987369566060175,0.05024431817977035,0.28996382851487834,0.6891138083873481,0.0,0.0,-0.7246531301870469,0.336,0.2,-0.25182463258982846,0,0.336,-0.2,-0.25182463258982846,0,-0.064,0.2,-0.25182463258982846,0,-0.064,-0.2,-0.25182463258982846,0
7.47,-0.1535758942956158,1.5224739748485925,9.886726272407296,0.0008345900917449609,0.00016081799215614343,1.2494293218202823,-0.9992894726405892,0.03769018266993433,0.2924673194472068,0.693653305812805,0.0,0.0,-0.7203090248879068,0.35200000000000004,0.2,-0.26318754473153216,0,0.35200000000000004,-0.2,-0.26318754473153216,0,-0.04799999999999999,0.2,-0.26318754473153216,0,-0.04799999999999999,-0.2,-0.26318754473153216,0
7.48,-0.03295131920685776,1.5942863525910262,9.6487496826236,-0.000275303231318456,-0.0003506767596374027,1.2597753179993603,-0.9996841892832999,0.02513009544333806,0.2949755681820229,0.6981654189934725,0.0,0.0,-0.7159364830218313,0.36800000000000005,0.2,-0.2751310112835145,0,0.36800000000000005,-0.2,-0.2751310112835145,0,-0.03199999999999997,0.2,-0.2751310112835145,0,-0.03199999999999997,-0.2,-0.2751310112835145,0
7.49,-0.2133594029380253,1.7614711825407565,9.759050006868218,0.00046607234962003403,0.00036724366940233397,1.2531265533519909,-0.9999210442038161,0.012566039883352193,0.29748699045566634,0.7026499697988493,0.0,0.0,-0.7115356772092852,0.384,0.2,-0.2874666766435695,0,0.384,-0.2,-0.2874666766435695,0,-0.016000000000000014,0.2,-0.2874666766435695,0,-0.016000000000000014,-0.2,-0.2874666766435695,0
7.5,0.03881384685529069,1.5328590016454762,9.686684629018854,-0.0015860760100819312,0.0016369964191210614,1.2602065432995972,-1.0,3.6739403974420594e-16,0.29999999999999993,0.7071067811865474,0.0,0.0,-0.7071067811865477,0.0,0.2,-0.3,0,0.2,-0.2000000000000001,-0.3,1,-0.2,0.19999999999999998,-0.3,1,-0.4,-0.2,-0.3,0
7.51,0.08303486157571226,1.7977441446298914,9.837833182723866,0.0003066699836096937,0.002098332297686335,1.2546664462263257,-0.9999210442038161,-0.012566039883351459,0.3025130095443335,0.7115356772092849,0.0,0.0,-0.7026499697988496,0.016000000000000014,0.2,-0.28746667664356956,0,0.18490496098074105,-0.20241846102124983,-0.3025130095443336,1,-0.2100370407474447,0.2025763726136174,-0.3025130095443336,1,-0.384,-0.2,-0.28746667664356956,0
7.5200000000000005,-0.08413228329809713,1.3925303903505732,9.780617164655798,0.0001595165231562226,-9.483626453878077e-05,1.2635513987225242,-0.9996841892832999,-0.025130095443337323,0.3050244318179769,0.7159364830218311,0.0,0.0,-0.6981654189934727,0.032,0.2,-0.2751310112835145,0,0.16978072332465474,-0.20464704622862767,-0.30502443181797695,1,-0.22004091421133015,0.2052786676620275,-0.30502443181797695,1,-0.368,-0.2,-0.2751310112835145,0
7.53,0.0018424986152680155,1.6100088300185398,9.681079600505962,0.0007995717058558968,0.00156802764903291,1.247518780279976,-0.9992894726405893,-0.037690182669933604,0.3075326805527931,0.7203090248879066,0.0,0.0,-0.6936533058128053,0.04799999999999999,0.2,-0.2631875447315322,0,0.1546296753241971,-0.20668540370269403,-0.30753268055279315,1,-0.230010040664065,0.20810645842151543,-0.30753268055279315,1,-0.35200000000000004,-0.2,-0.2631875447315322,0
7.54,0.03187868257093251,1.8865414822947004,9.903229795063108,-0.0019716281320264414,-0.0008704922627229112,1.2604733887414106,-0.9987369566060175,-0.05024431817976961,0.31003617148512147,0.7246531301870467,0.0,0.0,-0.6891138083873485,0.064,0.2,-0.25182463258982846,0,0.13945420950547957,-0.20853321156317509,-0.3100361714851215,1,-0.23994284586501952,0.21105929835113996,-0.3100361714851215,1,-0.336,-0.2,-0.25182463258982846,0
7.55,-0.06852903366709147,1.4833811980617324,9.66792955828145,-0.00032937297136882883,8.475073529309243e-05,1.2540997431225875,-0.9980267284282716,-0.06279051952931265,0.31253332335643025,0.7289686274214112,0.0,0.0,-0.684547105928689,0.08000000000000002,0.2,-0.24122147477075268,0,0.12425672225047872,-0.21019017801978865,-0.3125333233564303,1,-0.2498377613091047,0.21413672116324525,-0.3125333233564303,1,-0.32,-0.2,-0.24122147477075268,0
7.5600000000000005,0.1449429798334403,1.52525608588541,9.604677022000484,0.0009696704686537695,-0.00026982620409132644,1.2622116425978323,-0.9971589002606139,-0.07532680552793299,0.31502255891207576,0.7332553462225601,0.0,0.0,-0.6799533787224191,0.096,0.2,-0.23154528940713112,0,0.10903961341860277,-0.2116560414183234,-0.3150225589120758,1,-0.2596932244744694,0.21733824089709552,-0.3150225589120758,1,-0.30400000000000005,-0.2,-0.23154528940713112,0
7.57,-0.03269134052598154,1.5328457560838606,9.564049397822465,-0.0018251604619772808,0.0007657241927554007,1.2543366153868334,-0.9961336091431725,-0.08785119655074267,0.3175023058975275,0.7375131173581737,0.0,0.0,-0.6753328081210246,0.11200000000000002,0.2,-0.22294867572242105,0,0.09380528596774283,-0.21293057028195567,-0.31750230589752754,1,-0.2695076790692289,0.22066335199561063,-0.31750230589752754,1,-0.28800000000000003,-0.2,-0.22294867572242105,0
7.58,-0.13989403706990786,1.5497762485235052,9.629858514189076,0.0007219382053193872,-0.0007355071014161054,1.2563284336607035,-0.9949510169813001,-0.10036171485121537,0.3199709980514408,0.7417417727387393,0.0,0.0,-0.6706855765367199,0.128,0.2,-0.21556720744979846,0,0.07855614557480115,-0.21401356334780336,-0.31997099805144086,1,-0.27927957527723263,0.22411152938520298,-0.31997099805144086,1,-0.272,-0.2,-0.21556720744979846,0
7.59,-0.08877000417446189,1.7323832207204164,9.54116364279414,0.00039873242411449803,0.0004685295554408194,1.255851524547035,-0.9936113105200084,-0.11285638487348139,0.32242707609493804,0.745941145424182,0.0,0.0,-0.6660118674342518,0.144,0.2,-0.20951729475339803,0,0.06329460025582362,-0.2149048495987066,-0.3224270760949381,1,-0.28900737000278715,0.22768222855868953,-0.3224270760949381,1,-0.256,-0.2,-0.20951729475339803,0
7.6000000000000005,0.007126014002251259,1.6758401603703883,9.656829235941675,8.79057194048674e-06,0.0003381642931761165,1.2575003850376094,-0.9921147013144778,-0.12533323356430492,0.3248689887164856,0.7501110696304598,0.0,0.0,-0.6613118653236516,0.16000000000000003,0.2,-0.20489434837048465,0,0.04802305998572917,-0.2156042882902344,-0.3248689887164857,1,-0.29868952711433977,0.23137488566127895,-0.3248689887164857,1,-0.24,-0.2,-0.20489434837048465,0
7.61,0.24970436150009348,1.7015315379436227,9.606236490165132,1.444016143974164e-06,0.0006093400956967733,1.2435051073991958,-0.9904614256966512,-0.13779029068463797,0.3272951935517325,0.7542513807361038,0.0,0.0,-0.6565857557529565,0.17600000000000002,0.2,-0.20177127492713112,0,0.03274393631776423,-0.21611176897290926,-0.32729519355173253,1,-0.30832451768704094,0.2351889175796067,-0.32729519355173253,1,-0.224,-0.2,-0.20177127492713112,0
7.62,-0.0011639410487387454,1.5942283002355755,9.454032029672089,0.0006458651489864265,-0.0005455966471341321,1.2636808441959042,-0.9886517447379142,-0.1502255891207562,0.3297041581577033,0.7583619152887215,0.0,0.0,-0.6518337253008791,0.192,0.2,-0.2001973271571728,0,0.01745964200267494,-0.21642721150964828,-0.3297041581577034,1,-0.3179108202441881,0.2391237220338201,-0.3297041581577034,1,-0.20800000000000002,-0.2,-0.2001973271571728,0
7.63,-0.04749045148527145,1.5425338479288262,9.665085085330402,0.00018707747664091368,-0.0016094557098240505,1.2531042580853549,-0.986685944207868,-0.16263716519488372,0.332094360980721,0.7624425110114479,0.0,0.0,-0.6470559615694442,0.20800000000000002,0.2,-0.2001973271571728,0,0.002172590607712681,-0.2165505660884185,-0.33209436098072104,1,-0.32744692099748074,0.2431786776726824,-0.33209436098072104,1,-0.192,-0.2,-0.2001973271571728,0
7.640000000000001,0.125851729504232,1.6121609983974352,9.691646832634074,0.0008640481082342301,-0.0004566774713376327,1.2539639886836478,-0.9845643345292052,-0.17502305897527715,0.3344642923174519,0.7664930068093502,0.0,0.0,-0.642252653176584,0.22400000000000003,0.2,-0.20177127492713112,0,-0.013114803864491962,-0.21648181323010174,-0.33446429231745195,1,-0.336931314086063,0.2473531441716914,-0.33446429231745195,1,-0.176,-0.2,-0.20177127492713112,0
7.65,-0.021549328167762307,1.5371815441405046,9.746439534888498,-0.0006772886751897059,-0.0022007681511695422,1.2507381943010534,-0.9822872507286886,-0.18738131458572496,0.33681245526846787,0.7705132427757894,0.0,0.0,-0.6374239897486896,0.24,0.2,-0.20489434837048462,0,-0.028400127357132685,-0.21622096379157146,-0.3368124552684679,1,-0.346362501814318,0.2516464623341942,-0.3368124552684679,1,-0.16000000000000003,-0.2,-0.20489434837048462,0
7.66,0.05429636535840208,1.5589912693721808,9.776473303484355,0.0006495867924577247,-0.001086262536123991,1.2627465042902646,-0.979855052384247,-0.19970998051440658,0.33913736668372013,0.7745030601987337,0.0,0.0,-0.6325701619131247,0.256,0.2,-0.20951729475339803,0,-0.04368096614043896,-0.21576805896397774,-0.3391373666837202,1,-0.355738994888375,0.25605795419548394,-0.3391373666837202,1,-0.14400000000000002,-0.2,-0.20951729475339803,0
7.67,-0.1255393542315295,1.4296144957633707,9.720357364260524,-0.00010051019433649857,-0.000199984266154017,1.2586670861356601,-0.9772681235681937,-0.21200710992205343,0.3414375580993282,0.778462301567023,0.0,0.0,-0.6276913612907009,0.272,0.2,-0.2155672074497985,0,-0.05895490719282586,-0.2151231702662433,-0.3414375580993283,1,-0.3650593126512818,0.2605869231298559,-0.3414375580993283,1,-0.128,-0.2,-0.2155672074497985,0
7.68,-0.0360171335548838,1.6199874153883311,9.584013401902375,0.00027287736297457746,-0.0017754192273426695,1.2622673951389158,-0.9745268727865772,-0.22427076094938095,0.3437115766650932,0.782390810576588,0.0,0.0,-0.6227877804881126,0.288,0.2,-0.22294867572242105,0,-0.07421953858194215,-0.2142863995337689,-0.3437115766650933,1,-0.3743219833168205,0.2652326539606146,-0.3437115766650933,1,-0.11200000000000004,-0.2,-0.22294867572242105,0
7.69,0.04917817167447328,1.3605788504690128,9.523695807391551,-0.0002841658876938585,0.002171628686200471,1.2549141481659927,-0.9716317329146738,-0.23649899702372543,0.3459579860621489,0.7862884321366191,0.0,0.0,-0.6178596130903341,0.30400000000000005,0.2,-0.2315452894071311,0,-0.0894724498455362,-0.21325787890235368,-0.34595798606214895,1,-0.3835255442019154,0.2699944130730062,-0.34595798606214895,1,-0.09599999999999997,-0.2,-0.2315452894071311,0
7.7,0.14669632549976905,1.5025514280147612,9.481792082583345,-0.0010442848195049627,-3.9315617086781114e-05,1.2584564129411433,-0.9685831611286311,-0.24868988716485477,0.3481753674101715,0.7901550123756903,0.0,0.0,-0.6129070536529765,0.32000000000000006,0.2,-0.24122147477075268,0,-0.10471123237209996,-0.21203777078732847,-0.34817536741017163,1,-0.39266854195761036,0.2748714485300661,-0.34817536741017163,1,-0.07999999999999996,-0.2,-0.24122147477075268,0
7.71,0.13021413348962438,1.5694200294622918,9.615663595021147,0.0005211116954241642,-0.0005145912038511473,1.2617272728941036,-0.9653816388332741,-0.26084150628989616,0.35036232016357594,0.793990398647835,0.0,0.0,-0.6079302976946057,0.336,0.2,-0.25182463258982846,0,-0.11993347978122103,-0.2106262678579082,-0.350362320163576,1,-0.40174953279857206,0.2798629901913601,-0.350362320163576,1,-0.064,-0.2,-0.25182463258982846,0
7.72,0.007544681058518333,1.6106945214898891,9.510376147337983,-0.0004986882573747848,0.00012085246717950331,1.2618979096620766,-0.9620276715860858,-0.27295193551732544,0.3525174629961296,0.7977944395385711,0.0,0.0,-0.6029295416890247,0.35200000000000004,0.2,-0.26318754473153216,0,-0.13513678830357384,-0.20902359300676818,-0.3525174629961297,1,-0.41076708273107787,0.28496824983459657,-0.3525174629961297,1,-0.04799999999999999,-0.2,-0.26318754473153216,0
7.73,0.022658366264982827,1.4022869212003524,9.483723355404237,7.21059790647527e-05,0.0007218831319380925,1.2568268056364522,-0.9585217890173761,-0.28501926246997555,0.3546394346734268,0.8015669848708764,0.0,0.0,-0.5979049830575192,0.36800000000000005,0.2,-0.2751310112835145,0,-0.15031875716049592,-0.20722999931484645,-0.35463943467342685,1,-0.41971976777945597,0.2901864212800944,-0.35463943467342685,1,-0.03199999999999997,-0.2,-0.2751310112835145,0
7.74,-0.14694341187825447,1.493467287689989,9.404149647765621,0.0008428515126744928,0.0006287191850487284,1.2533450807429412,-0.9548645447466428,-0.2970415815770353,0.35672689491267573,0.8053078857111221,0.0,0.0,-0.5928568201610591,0.384,0.2,-0.2874666766435695,0,-0.16547698894311427,-0.20524577001137853,-0.3567268949126758,1,-0.42860617421095715,0.29551668051809293,-0.3567268949126758,1,-0.016000000000000014,-0.2,-0.2874666766435695,0
7.75,-0.025085548368648736,1.7021221972432818,9.465273453262414,0.00025754057321288623,-0.00037142845711719293,1.2592039604352308,-0.9510565162951536,-0.30901699437494706,0.35877852522924725,0.8090169943749473,0.0,0.0,-0.5877852522924732,0.0,0.2,-0.3,0,0.0,-0.2,-0.3,0,-0.4,0.2,-0.3,0,-0.4,-0.2,-0.3,0
7.76,-0.0025419362384961988,1.4826179864131035,9.495885867657181,0.0010690160523611125,-1.944582841701635e-05,1.2555105017866073,-0.9470983049947447,-0.3209436098072084,0.36079302976946037,0.8126941644330936,0.0,0.0,-0.5826904796685766,0.016000000000000014,0.2,-0.28746667664356956,0,0.016000000000000014,-0.2,-0.28746667664356956,0,-0.384,0.2,-0.28746667664356956,0,-0.384,-0.2,-0.28746667664356956,0
7.7700000000000005,-0.07023822754007855,1.6508486128789976,9.201009303126655,-0.00039018213259709816,-0.0009391574271426449,1.2587217159162676,-0.9429905358928645,-0.3328195445229865,0.36276913612907,0.8163392507171839,0.0,0.0,-0.5775727034222676,0.032,0.2,-0.2751310112835145,0,0.032,-0.2,-0.2751310112835145,0,-0.368,0.2,-0.2751310112835145,0,-0.368,-0.2,-0.2751310112835145,0
7.78,-0.07401732528158059,1.464816577245284,9.304068485133504,0.0010104685581119879,-0.001881259712099913,1.2590103395077297,-0.9387338576538744,-0.34464292317451617,0.3647055961569443,0.819952109325452,0.0,0.0,-0.5724321255945913,0.04799999999999999,0.2,-0.2631875447315322,0,0.04799999999999999,-0.2,-0.2631875447315322,0,-0.35200000000000004,0.2,-0.2631875447315322,0,-0.35200000000000004,-0.2,-0.2631875447315322,0
7.79,-0.11319372974209374,1.6039218733231124,9.475294729787594,0.0012647868409721328,0.0008252950029770094,1.2584128233174299,-0.934328942456612,-0.35641187871325075,0.3666011867434252,0.8235325976284275,0.0,0.0,-0.5672689491267565,0.064,0.2,-0.25182463258982846,0,0.064,-0.2,-0.25182463258982846,0,-0.336,0.2,-0.25182463258982846,0,-0.336,-0.2,-0.25182463258982846,0
7.8,-0.005507877941055041,1.5132417436191332,9.41055181376517,-0.0003470583646033224,-2.582448392489182e-05,1.2584074664941098,-0.9297764858882517,-0.36812455268467725,0.3684547105928688,0.8270805742745616,0.0,0.0,-0.5620833778521309,0.2,0.2,-0.3,1,0.08000000000000002,-0.2,-0.24122147477075268,0,-0.32,0.2,-0.24122147477075268,0,-0.2,-0.2,-0.3,1
7.8100000000000005,0.09605756933417167,1.6040653589697496,9.435890331585778,-0.0009551362469532361,-0.0011238209622218458,1.2496134124635538,-0.9250772068344579,-0.37977909552180134,0.37026499697988496,0.8305958991958127,0.0,0.0,-0.556875616488188,0.1899313769340803,0.19754995666027642,-0.3018102863870162,1,0.096,-0.2,-0.23154528940713112,0,-0.30400000000000005,0.2,-0.23154528940713112,0,-0.21506345670078753,-0.19739204506790867,-0.3018102863870162,1
7.82,-0.04483124298931439,1.6649342869933403,9.325836965035244,0.0003031107192872615,-0.0007961323664666141,1.2577323003022873,-0.9202318473658705,-0.39137366683720193,0.3720309024887906,0.834078433613171,0.0,0.0,-0.5516458706284305,0.1798327615019898,0.19522662948469244,-0.30357619189592183,1,0.11200000000000002,-0.2,-0.22294867572242105,0,-0.28800000000000003,0.2,-0.22294867572242105,0,-0.23009295238866523,-0.1945950080512925,-0.30357619189592183,1
7.83,-0.11833032401300408,1.6001946405144611,9.333735880170657,-0.001322792936410264,0.0004127778936035525,1.2481764845443437,-0.9152411726209174,-0.4029064357136631,0.37375131173581744,0.8375280400421419,0.0,0.0,-0.5463943467342689,0.16970574839216923,0.19303038535354156,-0.30529660114294865,1,0.128,-0.2,-0.21556720744979846,0,-0.272,0.2,-0.21556720744979846,0,-0.24508611373204073,-0.19160933063471988,-0.30529660114294865,1
7.84,-0.008597502125616403,1.4538103023708853,9.318493967952667,-0.0012690076487568871,-0.0019130320816872423,1.2489548734330396,-0.9101059706849958,-0.41437558099328387,0.37542513807361033,0.840944582298169,0.0,0.0,-0.541121252126876,0.15955193677738747,0.190961571079232,-0.3069704274807416,1,0.144,-0.2,-0.20951729475339803,0,-0.256,0.2,-0.20951729475339803,0,-0.2600405731369275,-0.188435484291267,-0.3069704274807416,1
7.8500000000000005,-0.039039643445611755,1.7543740058881945,9.26454255929079,-0.0002820360090228623,-0.0004987212785002548,1.2513624264639553,-0.9048270524660192,-0.42577929156507327,0.37705132427757904,0.8443279255020153,0.0,0.0,-0.5358267949789963,0.14937293006220245,0.18902051335151987,-0.30859661368471025,1,0.16000000000000003,-0.2,-0.20489434837048465,0,-0.24,0.2,-0.20489434837048465,0,-0.2749539691208321,-0.18507397020806277,-0.30859661368471025,1
7.86,-0.06722138144247396,1.6513667947164206,9.395733188763659,-0.002234465799754497,-0.002499078654292054,1.2541315860537618,-0.8994052515663711,-0.4371157666509328,0.37862884321366186,0.8476779360850832,0.0,0.0,-0.530511184306734,0.13917033562977607,0.18720751868592223,-0.3101741326207931,1,0.17600000000000002,-0.2,-0.20177127492713112,0,-0.224,0.2,-0.20177127492713112,0,-0.2898239466856428,-0.18152531920714995,-0.3101741326207931,1
7.87,-0.09548779201039798,1.7529707593250277,9.261429021820305,0.0005878139313017903,0.0006098766748319363,1.2593449045480822,-0.8938414241512642,-0.44838321609003146,0.38015669848708755,0.8509944817946916,0.0,0.0,-0.525174629961296,0.12894576458804008,0.18552287337531345,-0.31170198789421877,1,0.192,-0.2,-0.2001973271571728,0,-0.20800000000000002,0.2,-0.2001973271571728,0,-0.3046481576895261,-0.17779009166165832,-0.31170198789421877,1
7.88,0.14360980761094658,1.5392952171013965,9.289969843052813,-0.0012042963313306293,0.0009158620762740977,1.2547270368751844,-0.8881364488135445,-0.459579860621488,0.3816339250717184,0.8542774316992952,0.0,0.0,-0.5198173426207094,0.11870083151528736,0.1839668434447168,-0.3131792144788496,1,0.20800000000000002,-0.2,-0.2001973271571728,0,-0.192,0.2,-0.2001973271571728,0,-0.3194242612177189,-0.17386887740731694,-0.3131792144788496,1
7.890000000000001,-0.008435031354746469,1.5008974494444238,9.38120143069091,0.0003065087245204768,-0.0009129580595123494,1.2592313032256561,-0.8822912264349527,-0.4707039321653335,0.3830595899195814,0.8575266561936525,0.0,0.0,-0.514439533781506,0.1084371542052148,0.18253967460929668,-0.3146048793267126,1,0.22400000000000003,-0.2,-0.20177127492713112,0,-0.176,0.2,-0.20177127492713112,0,-0.33414992395218185,-0.1697622956493132,-0.3146048793267126,1
7.9,-0.044730556509966046,1.5005625022735936,9.330929011983764,-0.0008878042975077186,-0.0003540250265246006,1.2528256090739345,-0.8763066800438635,-0.48175367410171555,0.3844327925502015,0.8607420270039438,0.0,0.0,-0.5090414157503712,0.0981563534114513,0.18124159223555686,-0.31597808195733273,1,0.24,-0.2,-0.20489434837048462,0,-0.16000000000000003,0.2,-0.20489434837048462,0,-0.3488228205400619,-0.1654709948645122,-0.31597808195733273,1
7.91,-0.06582530384029224,1.5674791581506171,9.363595116052805,0.0013416065851087004,0.00040149772179955573,1.2624545101340878,-0.8701837546695259,-0.4927273415482912,0.38575266561936516,0.8639234171928352,0.0,0.0,-0.503623201635761,0.08786005259161955,0.1800728013057514,-0.3172979550264964,1,0.256,-0.2,-0.20951729475339803,0,-0.14400000000000002,0.2,-0.20951729475339803,0,-0.3634406339608962,-0.16099565269905367,-0.3172979550264964,1
7.92,-0.029729683473399562,1.6065746888017218,9.382016966319357,-0.0006477532229968422,0.0016932596954506401,1.2515469368342922,-0.8639234171928359,-0.5036232016357598,0.38701837546695245,0.8670707011644897,0.0,0.0,-0.4981851053394914,0.07754987765097751,0.1790334863855175,-0.3185636648740837,1,0.272,-0.2,-0.2155672074497985,0,-0.128,0.2,-0.2155672074497985,0,-0.3780010558924908,-0.15633697586134565,-0.3185636648740837,1
7.930000000000001,-0.033026170975142474,1.6544321326544174,9.31325305032256,0.0005132078328641907,0.0011057010162182042,1.2543051642200145,-0.8575266561936524,-0.5144395337815062,0.3882291226434953,0.8701837546695256,0.0,0.0,-0.4927273415482917,0.06722745668566635,0.17812381159472881,-0.3197744120506265,1,0.288,-0.2,-0.22294867572242105,0,-0.11200000000000004,0.2,-0.22294867572242105,0,-0.3925017870754344,-0.15149570001046475,-0.3197744120506265,1
7.94,0.032890172837381625,1.6150585527689545,9.218246615616549,-7.971608815153406e-06,0.0003682062004562322,1.2601376012535952,-0.8509944817946915,-0.5251746299612964,0.3893841424151264,0.8732624548099204,0.0,0.0,-0.487250125725332,0.05689441972561899,0.17734392058158047,-0.32092943182225764,1,0.30400000000000005,-0.2,-0.2315452894071311,0,-0.09599999999999997,0.2,-0.2315452894071311,0,-0.4069405376761741,-0.1464725896399906,-0.32092943182225764,1
7.95,0.16574645165687768,1.7471872400415593,9.296797607311357,0.000825945035517492,0.00021831497270203434,1.2528173332147023,-0.8443279255020151,-0.5358267949789965,0.39048270524660195,0.8763066800438636,0.0,0.0,-0.4817536741017153,0.04655239847715743,0.17669393649990406,-0.32202799465373316,1,0.32000000000000006,-0.2,-0.24122147477075268,0,-0.07999999999999996,0.2,-0.24122147477075268,0,-0.42131502764860806,-0.14126843795728125,-0.32202799465373316,1
7.96,0.2771096706592715,1.4602997799051936,9.205942887725314,-0.0010312925789349695,-3.591419613018279e-05,1.2589097443404356,-0.8375280400421422,-0.5463943467342685,0.3915241172620917,0.8793163101905561,0.0,0.0,-0.47623820366793945,0.0362030260653238,0.1761739619897212,-0.3230694066692229,1,0.336,-0.2,-0.25182463258982846,0,-0.064,0.2,-0.25182463258982846,0,-0.4356229870941378,-0.13588406675821477,-0.3230694066692229,1
7.97,-0.10328302738400637,1.4309503187611419,9.183841992398772,0.00022504131736592487,-0.001999428667402804,1.2618404243755348,-0.8305958991958126,-0.5568756164881882,0.3925077206834458,0.8822912264349533,0.0,0.0,-0.4707039321653325,0.025847936775994174,0.17578407916103433,-0.324053010090577,1,0.35200000000000004,-0.2,-0.26318754473153216,0,-0.04799999999999999,0.2,-0.26318754473153216,0,-0.4498621566201053,-0.1303203262974208,-0.324053010090577,1
7.98,-0.02992115379286039,1.5557358696642303,9.286988638463425,-0.0005660080793068644,0.00032880946256381684,1.258604081966221,-0.8235325976284278,-0.567268949126756,0.39343289424566114,0.885231311332455,0.0,0.0,-0.46515107807745865,0.015488765797810361,0.17552434958086208,-0.3249781836527924,1,0.36800000000000005,-0.2,-0.2751310112835145,0,-0.03199999999999997,0.2,-0.2751310112835145,0,-0.46403028769657306,-0.12457809515401641,-0.3249781836527924,1
7.99,-0.19961385469467963,1.5790370235060731,9.430218712236297,0.0005218345500387555,0.0017941320665190693,1.2596093558004102,-0.8163392507171837,-0.577572703422268,0.39429905358928646,0.8881364488135446,0.0,0.0,-0.4595798606214877,0.005127148963954012,0.1753948142635159,-0.3258443429964177,1,0.384,-0.2,-0.2874666766435695,0,-0.016000000000000014,0.2,-0.2874666766435695,0,-0.4781251430114057,-0.11865828009286328,-0.3258443429964177,1
8.0,-0.12614805733556453,1.5893848864334204,9.44535613380614,0.0005332984383232612,0.0015445802296416007,1.2557291990913124,-0.8090169943749477,-0.5877852522924728,0.39510565162951533,0.8910065241883678,0.0,0.0,-0.45399049973954697,-0.00523527750615789,0.17539549366412416,-0.32665094103664655,1,0.0,-0.2,-0.3,0,-0.4,0.2,-0.3,0,-0.49214449682355244,-0.11256181592138617,-0.32665094103664655,1
8.01,0.012544984373499877,1.6079992522085536,9.270344101411,0.0012566603117914721,-0.00022695068761870277,1.257584847051094,-0.8015669848708773,-0.5979049830575179,0.3958521789017375,0.8938414241512636,0.0,0.0,-0.4483832160900328,-0.015596877265262404,0.17552638767540155,-0.32739746830886873,1,0.016000000000000014,-0.2,-0.28746667664356956,0,-0.384,0.2,-0.28746667664356956,0,-0.5060861353145306,-0.10628966534194945,-0.32739746830886873,1
8.02,0.06830053933391232,1.5668805671064558,9.204355608889642,-0.0006897630148375857,0.0005074939705018677,1.2526429500529017,-0.7939903986478355,-0.6079302976946053,0.39653816388332735,0.8966410367852358,0.0,0.0,-0.4427582310389016,-0.025956014096643498,0.17578747562766633,-0.3280834532904586,1,0.032,-0.2,-0.2751310112835145,0,-0.368,0.2,-0.2751310112835145,0,-0.5199478569380082,-0.09984281879983775,-0.3280834532904586,1
8.03,0.21076095868453767,1.4268394993391713,9.348942721120034,0.001149617912767892,-0.00018340781147507007,1.2595386213247577,-0.7862884321366195,-0.6178596130903335,0.39716317329146733,0.8994052515663709,0.0,0.0,-0.4371157666509333,-0.036311052172505534,0.17617871629210402,-0.32870846269859855,1,0.04799999999999999,-0.2,-0.2631875447315322,0,-0.35200000000000004,0.2,-0.2631875447315322,0,-0.5337274727674464,-0.09322229432685594,-0.32870846269859855,1
8.040000000000001,0.04059744661418653,1.5690662009105476,9.264507005026493,0.0018505998541301495,0.001168770900104517,1.2590655322729853,-0.7784623015670235,-0.6276913612907005,0.39772681235681934,0.9021339593682028,0.0,0.0,-0.43145604568095897,-0.04666035631229995,0.17670004788727872,-0.32927210176395055,1,0.064,-0.2,-0.25182463258982846,0,-0.336,0.2,-0.25182463258982846,0,-0.5474228068417712,-0.08642913738056418,-0.32927210176395055,1
8.05,0.00621242096416394,1.546319414962779,9.246424390451425,-0.0001530963437360678,0.0002570474855864431,1.2543630666886572,-0.7705132427757886,-0.6374239897486905,0.3982287250728689,0.9048270524660197,0.0,0.0,-0.4257792915650722,0.08000000000000002,0.2,-0.24122147477075268,0,0.08000000000000002,-0.2,-0.24122147477075268,0,-0.32,0.2,-0.24122147477075268,0,-0.32,-0.2,-0.24122147477075268,0
8.06,0.023186091863415255,1.6536175211724904,9.04897838741725,0.0020384457168620774,0.0009382595092550153,1.259591658776121,-0.7624425110114477,-0.6470559615694444,0.39866859442078684,0.907484424541117,0.0,0.0,-0.42008572841180614,0.096,0.2,-0.23154528940713112,0,0.096,-0.2,-0.23154528940713112,0,-0.30400000000000005,0.2,-0.23154528940713112,0,-0.30400000000000005,-0.2,-0.23154528940713112,0
8.07,0.07420137776384222,1.661211385039546,9.384256809562528,-0.0016738957035271082,0.002327293050703809,1.2574634321606255,-0.7542513807361042,-0.6565857557529561,0.3990461425696651,0.9101059706849955,0.0,0.0,-0.41437558099328436,0.11200000000000002,0.2,-0.22294867572242105,0,0.11200000000000002,-0.2,-0.22294867572242105,0,-0.28800000000000003,0.2,-0.22294867572242105,0,-0.28800000000000003,-0.2,-0.22294867572242105,0
8.08,-0.13089999163077756,1.5377420906630979,9.088753205807974,-0.002646531732026928,-0.00044992342744702186,1.2551055399806297,-0.7459411454241819,-0.666011867434252,0.39936113105200083,0.9126915874035029,0.0,0.0,-0.40864907473634887,0.128,0.2,-0.21556720744979846,0,0.128,-0.2,-0.21556720744979846,0,-0.272,0.2,-0.21556720744979846,0,-0.272,-0.2,-0.21556720744979846,0
8.09,-0.07987723722338197,1.6169354176447859,9.27483137396987,-0.0013884698589344971,-0.0014582692288879302,1.2565327058364784,-0.7375131173581742,-0.6753328081210243,0.3996133609143172,0.9152411726209175,0.0,0.0,-0.4029064357136628,0.144,0.2,-0.20951729475339803,0,0.144,-0.2,-0.20951729475339803,0,-0.256,0.2,-0.20951729475339803,0,-0.256,-0.2,-0.20951729475339803,0
8.1,-0.12618686921436909,1.5306903370463791,9.076411354494478,-0.0011533388543864215,-0.0014504102584482772,1.258740980658829,-0.7289686274214123,-0.6845471059286878,0.3998026728428271,0.9177546256839809,0.0,0.0,-0.3971478906347811,0.16000000000000003,0.2,-0.20489434837048465,0,0.2,-0.2,-0.3,1,-0.2,0.2,-0.3,1,-0.24,-0.2,-0.20489434837048465,0
8.11,0.024078361446529084,1.7391485184740587,9.173180278693536,0.0006414105828951585,0.001541702871542623,1.257323680039231,-0.7203090248879082,-0.6936533058128036,0.3999289472640589,0.9202318473658699,0.0,0.0,-0.3913736668372033,0.17600000000000002,0.2,-0.20177127492713112,0,0.18490496098074097,-0.20241846102124983,-0.3001262744212318,1,-0.21003704074744478,0.20257637261361744,-0.3001262744212318,1,-0.224,-0.2,-0.20177127492713112,0
8.120000000000001,0.05936052267329489,1.5967994065328868,9.164592092344126,-0.0006531507030954446,0.0008412401150781141,1.2649676842981814,-0.7115356772092847,-0.7026499697988499,0.3999921044203816,0.922672739870115,0.0,0.0,-0.3855839922773961,0.192,0.2,-0.2001973271571728,0,0.16978072332465252,-0.20464704622862792,-0.3001894315775545,1,-0.22004091421133168,0.205278667662028,-0.3001894315775545,1,-0.20800000000000002,-0.2,-0.2001973271571728,0
8.13,-0.014414538962031037,1.6693946945670814,9.112091307352589,0.0002520435140284189,0.0023394797956847223,1.2483029743415694,-0.7026499697988491,-0.7115356772092855,0.3999921044203816,0.925077206834458,0.0,0.0,-0.379779095521801,0.20800000000000002,0.2,-0.2001973271571728,0,0.1546296753241948,-0.20668540370269428,-0.3001894315775545,1,-0.23001004066406655,0.20810645842151587,-0.3001894315775545,1,-0.192,-0.2,-0.2001973271571728,0
8.14,0.12817320705936244,1.7961075728771283,9.064951120328827,-0.0003172926756286077,-5.0627628332108296e-05,1.2499132092704246,-0.6936533058128042,-0.7203090248879076,0.3999289472640589,0.9274451533346615,0.0,0.0,-0.37395920573779995,0.22400000000000003,0.2,-0.20177127492713112,0,0.13945420950547732,-0.2085332115631753,-0.3001262744212318,1,-0.2399428458650209,0.2110592983511404,-0.3001262744212318,1,-0.176,-0.2,-0.20177127492713112,0
8.15,-0.16777963361304704,1.7241185739911125,9.366123158670689,-0.0013515755206401439,0.002541999496320161,1.2525643199395948,-0.6845471059286884,-0.7289686274214118,0.39980267284282717,0.9297764858882515,0.0,0.0,-0.36812455268467775,0.24,0.2,-0.20489434837048462,0,0.12425672225047636,-0.2101901780197888,-0.30000000000000004,1,-0.24983776130910618,0.21413672116324584,-0.30000000000000004,1,-0.16000000000000003,-0.2,-0.20489434837048462,0
8.16,0.06471217364879521,1.5040529196740307,9.192422638687697,-0.0005066780058971378,0.000933710155072549,1.2453002014696561,-0.6753328081210248,-0.7375131173581736,0.39961336091431726,0.9320711124582108,0.0,0.0,-0.3622753667045459,0.256,0.2,-0.20951729475339803,0,0.10903961341860269,-0.21165604141832334,-0.29981068807149014,1,-0.2596932244744695,0.21733824089709558,-0.29981068807149014,1,-0.14400000000000002,-0.2,-0.20951729475339803,0
8.17,0.08894790491693,1.511282540912047,9.215506971825105,-0.0011280391590776711,0.0006824555385733172,1.252256301847938,-0.6660118674342526,-0.7459411454241813,0.3993611310520009,0.9343289424566118,0.0,0.0,-0.3564118787132513,0.272,0.2,-0.2155672074497985,0,0.09380528596774283,-0.21293057028195564,-0.2995584582091738,1,-0.26950767906922907,0.22066335199561068,-0.2995584582091738,1,-0.128,-0.2,-0.2155672074497985,0
8.18,-0.02212435889180259,1.7889547948508704,9.278877450568196,0.00037185502808400017,-0.0012066539478471066,1.250476897374536,-0.6565857557529566,-0.7542513807361036,0.39904614256966514,0.9365498867481923,0.0,0.0,-0.35053432019125913,0.288,0.2,-0.22294867572242105,0,0.07855614557480106,-0.21401356334780325,-0.299243469726838,1,-0.2792795752772327,0.22411152938520307,-0.299243469726838,1,-0.11200000000000004,-0.2,-0.22294867572242105,0
8.19,-0.13447677987892143,1.5275725439319927,9.200676083352253,0.001845414602503996,0.0005724420256054161,1.257856736965205,-0.6470559615694451,-0.7624425110114472,0.39866859442078684,0.9387338576538738,0.0,0.0,-0.34464292317451756,0.30400000000000005,0.2,-0.2315452894071311,0,0.06329460025582351,-0.21490484959870648,-0.29886592157795977,1,-0.2890073700027872,0.2276822285586897,-0.29886592157795977,1,-0.09599999999999997,-0.2,-0.2315452894071311,0
8.2,0.09199670343525251,1.4999555111448564,9.127714590433044,0.0015421144051041777,0.0009197299641077157,1.2502494215382822,-0.6374239897486911,-0.770513242775788,0.39822872507286894,0.9408807689542251,0.0,0.0,-0.33873792024529226,0.32000000000000006,0.2,-0.24122147477075268,0,0.04802305998573128,-0.21560428829023426,-0.2984260522300418,1,-0.29868952711433844,0.23137488566127828,-0.2984260522300418,1,-0.07999999999999996,-0.2,-0.24122147477075268,0
8.21,0.02028251478082392,1.4338790222725728,9.114984304200968,0.00038147065448466077,0.00034931195340362806,1.2605122975059957,-0.6276913612906997,-0.778462301567024,0.3977268123568193,0.9429905358928646,0.0,0.0,-0.3328195445229862,0.336,0.2,-0.25182463258982846,0,0.03274393631776197,-0.21611176897290924,-0.29792413951399216,1,-0.3083245176870423,0.23518891757960725,-0.29792413951399216,1,-0.064,-0.2,-0.25182463258982846,0
8.22,-0.02754395318287406,1.5816216993744783,9.263677965687805,-0.001555176868223877,0.000904086208663033,1.2641991653264952,-0.6178596130903342,-0.786288432136619,0.3971631732914674,0.9450630751798049,0.0,0.0,-0.32688802965494235,0.35200000000000004,0.2,-0.26318754473153216,0,0.01745964200267268,-0.2164272115096483,-0.29736050044864026,1,-0.3179108202441895,0.2391237220338207,-0.29736050044864026,1,-0.04799999999999999,-0.2,-0.26318754473153216,0
8.23,0.08924716367202339,1.5652812085598724,8.98021929003976,-0.00032047908212028505,-7.734839428004838e-05,1.2631118063037627,-0.6079302976946059,-0.7939903986478349,0.3965381638833274,0.9470983049947442,0.0,0.0,-0.32094360980720976,0.36800000000000005,0.2,-0.2751310112835145,0,0.00217259060771266,-0.21655056608841844,-0.2967354910405003,1,-0.32744692099748085,0.24317867767268253,-0.2967354910405003,1,-0.03199999999999997,-0.2,-0.2751310112835145,0
8.24,0.06963197901733346,1.606923731300549,9.20491757515476,-0.0005385969752000316,0.00027788693686426404,1.2564558273789899,-0.5979049830575186,-0.8015669848708767,0.3958521789017376,0.9490961449902946,0.0,0.0,-0.3149865196553046,0.384,0.2,-0.2874666766435695,0,-0.013114803864491986,-0.21648181323010174,-0.2960495060589105,1,-0.3369313140860631,0.2473531441716914,-0.2960495060589105,1,-0.016000000000000014,-0.2,-0.2874666766435695,0
8.25,-0.19493792490176576,1.771712730396311,9.249975413343478,-0.0006063182597582372,-0.0007904460557695558,1.2648266660799903,-0.5877852522924735,-0.8090169943749472,0.3951056516295154,0.9510565162951535,0.0,0.0,-0.3090169943749476,0.0,0.2,-0.3,0,-0.028400127357132765,-0.21622096379157132,-0.29530297878668826,1,-0.34636250181431805,0.2516464623341943,-0.29530297878668826,1,-0.4,-0.2,-0.3,0
8.26,-0.17684447890880609,1.7078160027701228,9.183220593035282,0.0013482735021880657,-0.0003735135671898608,1.2562613738804456,-0.5775727034222685,-0.8163392507171833,0.3942990535892865,0.9529793415172186,0.0,0.0,-0.3030352696327745,0.016000000000000014,0.2,-0.28746667664356956,0,-0.04368096614043908,-0.21576805896397774,-0.29449638074645945,1,-0.355738994888375,0.25605795419548394,-0.29449638074645945,1,-0.384,-0.2,-0.28746667664356956,0
8.27,-0.1371682314485975,1.6851243065349357,9.143304651330537,0.00036369389167594234,-0.001081706523582034,1.2610392345518218,-0.5672689491267566,-0.8235325976284273,0.3934328942456612,0.954864544746643,0.0,0.0,-0.29704158157703503,0.032,0.2,-0.2751310112835145,0,-0.05895490719282809,-0.21512317026624309,-0.29363022140283407,1,-0.3650593126512832,0.26058692312985654,-0.29363022140283407,1,-0.368,-0.2,-0.2751310112835145,0
8.28,-0.0037255139116960678,1.5376194197356057,9.166458472007342,-0.0003057278168635253,-0.000386390199872531,1.2528808484396274,-0.5568756164881888,-0.8305958991958121,0.39250772068344586,0.9567120515588303,0.0,0.0,-0.2910361668282723,0.04799999999999999,0.2,-0.2631875447315322,0,-0.0742195385819422,-0.21428639953376882,-0.29270504784061874,1,-0.3743219833168205,0.2652326539606146,-0.29270504784061874,1,-0.35200000000000004,-0.2,-0.2631875447315322,0
8.290000000000001,0.15275897795589818,1.6267899274910576,9.176684483333844,-0.00043173890685909864,-0.0007496460445023416,1.2536219248052556,-0.5463943467342691,-0.8375280400421418,0.39152411726209174,0.9585217890173758,0.0,0.0,-0.2850192624699761,0.064,0.2,-0.25182463258982846,0,-0.08947244984553625,-0.21325787890235356,-0.2917214444192646,1,-0.3835255442019154,0.2699944130730063,-0.2917214444192646,1,-0.336,-0.2,-0.25182463258982846,0
8.3,-0.06474066820586476,1.4274087287827475,9.273176971422323,0.000239201801307687,5.698276832622647e-05,1.2576605939796734,-0.5358267949789958,-0.8443279255020156,0.3904827052466019,0.9602936856769432,0.0,0.0,-0.2789911060392288,0.08000000000000002,0.2,-0.24122147477075268,0,-0.10471123237210214,-0.2120377707873281,-0.29068003240377477,1,-0.3926685419576116,0.2748714485300669,-0.29068003240377477,1,-0.32,-0.2,-0.24122147477075268,0
8.31,0.01354461079380574,1.6476787296557915,9.222483003730142,-0.0005852235086990287,-0.0006436686691847637,1.2419088878415447,-0.5251746299612955,-0.850994481794692,0.38938414241512637,0.9620276715860859,0.0,0.0,-0.2729519355173251,0.096,0.2,-0.23154528940713112,0,-0.11993347978122322,-0.21062626785790795,-0.28958146957229924,1,-0.4017495327985733,0.27986299019136085,-0.28958146957229924,1,-0.30400000000000005,-0.2,-0.23154528940713112,0
8.32,-0.10863455924528356,1.6604903134608622,9.278383195498865,-0.0007528771705018944,0.0002562743391086141,1.2550717065110113,-0.514439533781507,-0.857526656193652,0.3882291226434954,0.9637236782900096,0.0,0.0,-0.2669019893203759,0.11200000000000002,0.2,-0.22294867572242105,0,-0.13513678830357378,-0.2090235930067681,-0.2884264498006683,1,-0.4107670827310778,0.28496824983459657,-0.2884264498006683,1,-0.28800000000000003,-0.2,-0.22294867572242105,0
8.33,0.026654232490707832,1.474603357221702,9.182988663947883,-0.000252432821229644,0.0002843497372716313,1.249706675632277,-0.5036232016357605,-0.8639234171928355,0.3870183754669525,0.9653816388332739,0.0,0.0,-0.2608415062898968,0.128,0.2,-0.21556720744979846,0,-0.15031875716049803,-0.20722999931484615,-0.2872157026241254,1,-0.4197197677794572,0.2901864212800951,-0.2872157026241254,1,-0.272,-0.2,-0.21556720744979846,0
8.34,-0.09821129891622916,1.390723140596199,9.256925889238092,0.0015946415986779993,0.000444653743165148,1.2577986254902436,-0.49272734154829184,-0.8701837546695255,0.3857526656193653,0.967001487762435,0.0,0.0,-0.2547707256833823,0.144,0.2,-0.20951729475339803,0,-0.1654769889431143,-0.20524577001137845,-0.28594999277653815,1,-0.42860617421095704,0.29551668051809293,-0.28594999277653815,1,-0.256,-0.2,-0.20951729475339803,0
8.35,0.24580410444275347,1.4252547012959367,9.333207290765095,-0.0008043077109812703,-4.247848592689128e-05,1.2506895295679246,-0.48175367410171627,-0.876306680043863,0.38443279255020163,0.968583161128631,0.0,0.0,-0.24868988716485535,0.16000000000000003,0.2,-0.20489434837048465,0,0.16000000000000003,-0.2,-0.20489434837048465,0,-0.24,0.2,-0.20489434837048465,0,-0.24,-0.2,-0.20489434837048465,0
8.36,0.28074482385544475,1.5051418554649574,9.22290748125307,0.0004844492441407209,0.0011099047404120215,1.2597544842776205,-0.47070393216533424,-0.8822912264349524,0.38305958991958144,0.9701265964901056,0.0,0.0,-0.24259923079540835,0.17600000000000002,0.2,-0.20177127492713112,0,0.17600000000000002,-0.2,-0.20177127492713112,0,-0.224,0.2,-0.20177127492713112,0,-0.224,-0.2,-0.20177127492713112,0
8.370000000000001,0.0979659751653501,1.5659689737513294,9.20278165851131,-5.621091869130005e-05,-0.0026685221321469835,1.2609723653552953,-0.4595798606214871,-0.8881364488135449,0.3816339250717183,0.9716317329146741,0.0,0.0,-0.23649899702372426,0.192,0.2,-0.2001973271571728,0,0.192,-0.2,-0.2001973271571728,0,-0.20800000000000002,0.2,-0.2001973271571728,0,-0.20800000000000002,-0.2,-0.2001973271571728,0
8.38,0.23820692113064515,1.5649379790139584,9.377441555477768,0.00046802047331310267,7.813926610941306e-05,1.2607475718049288,-0.4483832160900322,-0.8938414241512638,0.38015669848708766,0.9730985109821265,0.0,0.0,-0.23038942667659054,0.20800000000000002,0.2,-0.2001973271571728,0,0.20800000000000002,-0.2,-0.2001973271571728,0,-0.192,0.2,-0.2001973271571728,0,-0.192,-0.2,-0.2001973271571728,0
8.39,-0.014626439828873598,1.636035140939474,9.493724095400978,0.00018970048113276053,0.0007084828374357352,1.255453557076168,-0.43711576665093194,-0.8994052515663715,0.37862884321366175,0.9745268727865772,0.0,0.0,-0.22427076094938067,0.22400000000000003,0.2,-0.20177127492713112,0,0.22400000000000003,-0.2,-0.20177127492713112,0,-0.176,0.2,-0.20177127492713112,0,-0.176,-0.2,-0.20177127492713112,0
8.4,-0.08822540299991138,1.4325219553269628,9.233538982915304,-0.0016840900240984065,-7.315572990725882e-05,1.2601293060030732,-0.4257792915650724,-0.9048270524660197,0.37705132427757887,0.9759167619387474,0.0,0.0,-0.2181432413965424,0.19999999999999993,0.2,-0.3,1,0.24,-0.2,-0.20489434837048462,0,-0.16000000000000003,0.2,-0.20489434837048462,0,-0.19999999999999993,-0.2,-0.3,1
8.41,0.04885770636944803,1.738026663251813,9.4609492828652,0.0006186628966042241,0.000707901917560806,1.2453015375180345,-0.4143755809932846,-0.9101059706849954,0.37542513807361044,0.9772681235681934,0.0,0.0,-0.21200710992205488,0.18993137693408177,0.1975499566602767,-0.29837381379603156,1,0.256,-0.2,-0.20951729475339803,0,-0.14400000000000002,0.2,-0.20951729475339803,0,-0.21506345670078536,-0.19739204506790908,-0.29837381379603156,1
8.42,0.025264115988711533,1.4881273826701082,9.431745094024564,-0.00021685119105705443,-0.0007509084791526303,1.2651688412119007,-0.4029064357136638,-0.9152411726209171,0.37375131173581755,0.978580904325472,0.0,0.0,-0.2058626087698819,0.17983276150199123,0.1952266294846928,-0.29669998745823867,1,0.272,-0.2,-0.2155672074497985,0,-0.128,0.2,-0.2155672074497985,0,-0.23009295238866312,-0.19459500805129287,-0.29669998745823867,1
8.43,-0.025090098317427513,1.6512377843884243,9.181678164637605,0.00013950672631110516,0.000813245609538915,1.2607955115209935,-0.39137366683720265,-0.9202318473658703,0.3720309024887907,0.9798550523842469,0.0,0.0,-0.19970998051440714,0.16970574839217062,0.19303038535354183,-0.29497957821121185,1,0.288,-0.2,-0.22294867572242105,0,-0.11200000000000004,0.2,-0.22294867572242105,0,-0.24508611373203862,-0.19160933063472035,-0.29497957821121185,1
8.44,-0.04141515279736572,1.7234269066505388,9.517744761380616,-0.00043014750255394895,-0.0009784168916107266,1.2608158492967958,-0.37977909552180206,-0.9250772068344576,0.3702649969798851,0.981090517443334,0.0,0.0,-0.1935494680508608,0.15955193677738894,0.19096157107923228,-0.2932136727023062,1,0.30400000000000005,-0.2,-0.2315452894071311,0,-0.09599999999999997,0.2,-0.2315452894071311,0,-0.26004057313692536,-0.18843548429126755,-0.2932136727023062,1
8.45,-0.07007443933273833,1.5493070122006385,9.436518697178265,-0.001782889270645008,-0.00040679876582700234,1.25513700314134,-0.36812455268467964,-0.9297764858882507,0.36845471059286916,0.9822872507286885,0.0,0.0,-0.18738131458572552,0.1493729300622053,0.18902051335152031,-0.2914033863152903,1,0.32000000000000006,-0.2,-0.24122147477075268,0,-0.07999999999999996,0.2,-0.24122147477075268,0,-0.27495396912082776,-0.18507397020806388,-0.2914033863152903,1
8.46,-0.04827617104391291,1.545193639099152,9.501344747890764,-3.505243363309534e-05,-0.0023812421510188636,1.2473468968123391,-0.3564118787132498,-0.9343289424566124,0.366601186743425,0.9834452049953297,0.0,0.0,-0.18120576362713692,0.13917033562977607,0.18720751868592223,-0.2895498624658462,1,0.336,-0.2,-0.25182463258982846,0,-0.064,0.2,-0.25182463258982846,0,-0.2898239466856428,-0.18152531920715015,-0.2895498624658462,1
8.47,0.13634051422806961,1.6211877082256647,9.293002245101361,0.001200414141884761,0.00035728244286297524,1.2585269530232837,-0.3446429231745169,-0.9387338576538742,0.3647055961569444,0.9845643345292054,0.0,0.0,-0.17502305897527595,0.12894576458804002,0.18552287337531348,-0.2876542718793656,1,0.35200000000000004,-0.2,-0.26318754473153216,0,-0.04799999999999999,0.2,-0.26318754473153216,0,-0.3046481576895262,-0.1777900916616584,-0.2876542718793656,1
8.48,-0.055723472841302836,1.4552241503349201,9.390012046161303,0.0005914449450112946,-0.0015927163620424963,1.26103331014941,-0.33281954452298723,-0.9429905358928643,0.36276913612907014,0.9856445951489979,0.0,0.0,-0.1688334447127342,0.11870083151528887,0.1839668434447171,-0.2857178118514913,1,0.36800000000000005,-0.2,-0.2751310112835145,0,-0.03199999999999997,0.2,-0.2751310112835145,0,-0.31942426121771683,-0.17386887740731757,-0.2857178118514913,1
8.49,0.08002182846887712,1.5030412774321502,9.50212637007702,0.003230399755328587,-5.321337082007728e-05,1.2625336769819726,-0.32094360980720915,-0.9470983049947445,0.3607930297694605,0.9866859442078681,0.0,0.0,-0.16263716519488344,0.10843715420521624,0.18253967460929701,-0.2837417054918816,1,0.384,-0.2,-0.2874666766435695,0,-0.016000000000000014,0.2,-0.2874666766435695,0,-0.3341499239521798,-0.16976229564931378,-0.2837417054918816,1
8.5,0.03532901538420893,1.6361611955135658,9.494286937604166,-0.0017401501541928488,-0.0014143772519790326,1.256517006593382,-0.30901699437494784,-0.9510565162951534,0.35877852522924736,0.9876883405951377,0.0,0.0,-0.15643446504023112,0.09815635341145275,0.18124159223555697,-0.28172720095166853,1,0.0,-0.2,-0.3,0,-0.4,0.2,-0.3,0,-0.3488228205400598,-0.16547099486451294,-0.28172720095166853,1
8.51,-0.11059777132293876,1.6757870789455558,9.560528416591255,-0.0013887466819021543,-0.00012584817674869122,1.2593945268931053,-0.29704158157703603,-0.9548645447466426,0.35672689491267584,0.988651744737914,0.0,0.0,-0.15022558912075762,0.087860052591621,0.18007280130575157,-0.27967557063509696,1,0.016000000000000014,-0.2,-0.28746667664356956,0,-0.384,0.2,-0.28746667664356956,0,-0.36344063396089427,-0.16099565269905444,-0.27967557063509696,1
8.52,0.015383894207378105,1.336597495224359,9.639576811215816,0.0014757829371527362,0.001066756015237862,1.2628166271355203,-0.28501926246997633,-0.9585217890173758,0.35463943467342696,0.9895761186026509,0.0,0.0,-0.14401078255225228,0.07754987765097757,0.17903348638551742,-0.2775881103958481,1,0.032,-0.2,-0.2751310112835145,0,-0.368,0.2,-0.2751310112835145,0,-0.37800105589249067,-0.15633697586134565,-0.2775881103958481,1
8.53,-0.04365063438894897,1.6841748567137824,9.292386556306775,-0.0003002268418241718,-0.00022967389488107604,1.256186718416638,-0.27295193551732616,-0.9620276715860856,0.35251746299612974,0.9904614256966512,0.0,0.0,-0.13779029068463852,0.06722745668566778,0.1781238115947289,-0.27546613871855086,1,0.04799999999999999,-0.2,-0.2631875447315322,0,-0.35200000000000004,0.2,-0.2631875447315322,0,-0.3925017870754325,-0.15149570001046553,-0.27546613871855086,1
8.540000000000001,-0.17660949906814571,1.5144094772468375,9.601388638584883,0.00016756077550164692,-6.857641848867099e-05,1.2568595001103968,-0.26084150628989694,-0.9653816388332739,0.35036232016357605,0.9913076310695066,0.0,0.0,-0.1315643590922825,0.05689441972562047,0.1773439205815805,-0.27331099588599717,1,0.064,-0.2,-0.25182463258982846,0,-0.336,0.2,-0.25182463258982846,0,-0.406940537676172,-0.14647258963999144,-0.27331099588599717,1
8.55,-0.02865399938295035,1.6060512822790305,9.559303120700887,0.00026040245114790584,5.7208014745917254e-05,1.2521434402482718,-0.24868988716485382,-0.9685831611286314,0.34817536741017135,0.9921147013144779,0.0,0.0,-0.12533323356430373,0.046552398477157426,0.17669393649990411,-0.2711240431325925,1,0.08000000000000002,-0.2,-0.24122147477075268,0,-0.32,0.2,-0.24122147477075268,0,-0.421315027648608,-0.1412684379572812,-0.2711240431325925,1
8.56,-0.0910448793016046,1.7248014766002733,9.400819688596988,0.0013037689355238943,0.0001544730169068465,1.2555246319780775,-0.23649899702372448,-0.971631732914674,0.3459579860621487,0.9928826045698137,0.0,0.0,-0.11909716009486963,0.03620302606532382,0.1761739619897211,-0.26890666178456984,1,0.096,-0.2,-0.23154528940713112,0,-0.30400000000000005,0.2,-0.23154528940713112,0,-0.4356229870941377,-0.13588406675821496,-0.26890666178456984,1
8.57,-0.15775155332388258,1.6261356219076057,9.409250585855835,0.0002737941843249576,0.0023457520437777596,1.2502101861347314,-0.22427076094938173,-0.974526872786577,0.3437115766650934,0.9936113105200084,0.0,0.0,-0.11285638487348197,0.02584793677599566,0.1757840791610343,-0.2666602523875145,1,0.11200000000000002,-0.2,-0.22294867572242105,0,-0.28800000000000003,0.2,-0.22294867572242105,0,-0.4498621566201033,-0.1303203262974217,-0.2666602523875145,1
8.58,0.1966715165509782,1.7675828785865537,9.611449432285117,0.0004862922707842396,-9.774803173265837e-05,1.2514059393737647,-0.2120071099220542,-0.9772681235681936,0.3414375580993283,0.9943007903969989,0.0,0.0,-0.10661115427525968,0.01548876579781034,0.17552434958086205,-0.2643862338217494,1,0.128,-0.2,-0.21556720744979846,0,-0.272,0.2,-0.21556720744979846,0,-0.46403028769657295,-0.1245780951540163,-0.2643862338217494,1
8.59,0.00023304059037282458,1.603795180889238,9.562792725598694,0.0010736694538243103,0.00023707665449790533,1.248530733781249,-0.19970998051440736,-0.9798550523842467,0.3391373666837203,0.9949510169813002,0.0,0.0,-0.10036171485121508,0.005127148963955559,0.17539481426351589,-0.2620860424061414,1,0.144,-0.2,-0.20951729475339803,0,-0.256,0.2,-0.20951729475339803,0,-0.4781251430114037,-0.11865828009286422,-0.2620860424061414,1
8.6,0.11135790807211576,1.54141904134528,9.656812341616698,-0.0014473249688186744,-0.00024961155385817255,1.2644641675353934,-0.18738131458572574,-0.9822872507286885,0.336812455268468,0.99556196460308,0.0,0.0,-0.0941083133185149,-0.005235277506156457,0.17539549366412419,-0.2597611309908891,1,0.16000000000000003,-0.2,-0.20489434837048465,0,-0.24,0.2,-0.20489434837048465,0,-0.49214449682355044,-0.11256181592138714,-0.2597611309908891,1
8.61,-0.09549800276610726,1.4941947185460216,9.664044781128997,-0.0003041433682191053,-0.0022700732680611636,1.2612717549029515,-0.17502305897527792,-0.984564334529205,0.33446429231745206,0.9961336091431724,0.0,0.0,-0.08785119655074414,-0.015596877265260968,0.17552638767540144,-0.2574129680398732,1,0.17600000000000002,-0.2,-0.20177127492713112,0,-0.224,0.2,-0.20177127492713112,0,-0.5060861353145286,-0.10628966534195053,-0.2574129680398732,1
8.620000000000001,-0.06027673477481901,1.5690057076953146,9.497160937651898,0.0008569479772061184,-0.0018522537908256516,1.257379518047088,-0.16263716519488275,-0.9866859442078683,0.33209436098072076,0.9966659280340299,0.0,0.0,-0.08159061156815711,-0.025956014096643505,0.1757874756276663,-0.2550430367031419,1,0.192,-0.2,-0.2001973271571728,0,-0.20800000000000002,0.2,-0.2001973271571728,0,-0.5199478569380082,-0.09984281879983778,-0.2550430367031419,1
8.63,-0.12707683684811125,1.4554537395966607,9.631505128946175,-0.0003822569236610213,0.001655756155546418,1.2611380771643539,-0.15022558912075698,-0.9886517447379141,0.3297041581577035,0.9971589002606139,0.0,0.0,-0.07532680552793268,-0.03631105217250557,0.1761787162921041,-0.2526528338801246,1,0.20800000000000002,-0.2,-0.2001973271571728,0,-0.192,0.2,-0.2001973271571728,0,-0.5337274727674461,-0.09322229432685598,-0.2526528338801246,1
8.64,-0.022617865111075733,1.402809445446057,9.740475022463492,0.0006591098193771136,-0.000962402336853015,1.2483863306752552,-0.137790290684637,-0.9904614256966514,0.3272951935517323,0.9976125063612252,0.0,0.0,-0.06906002571440525,-0.0466603563123,0.17670004788727872,-0.25024386927415343,1,0.22400000000000003,-0.2,-0.20177127492713112,0,-0.176,0.2,-0.20177127492713112,0,-0.5474228068417712,-0.08642913738056415,-0.25024386927415343,1
8.65,0.008005645875808648,1.5850502035151952,9.58310876323426,-4.991764237739334e-05,-0.0019282738274089182,1.264859740860493,-0.12533323356430395,-0.9921147013144779,0.3248689887164854,0.9980267284282716,0.0,0.0,-0.06279051952931322,0.24,0.2,-0.20489434837048462,0,0.24,-0.2,-0.20489434837048462,0,-0.16000000000000003,0.2,-0.20489434837048462,0,-0.16000000000000003,-0.2,-0.20489434837048462,0
8.66,-0.051719639699947584,1.5784285586071716,9.69709936788683,-0.00011695117741177617,-0.0018189876940165528,1.262192081158783,-0.11285638487348218,-0.9936113105200084,0.3224270760949382,0.998401550108975,0.0,0.0,-0.056518534482024776,0.256,0.2,-0.20951729475339803,0,0.256,-0.2,-0.20951729475339803,0,-0.14400000000000002,0.2,-0.20951729475339803,0,-0.14400000000000002,-0.2,-0.20951729475339803,0
8.67,0.10823466016448698,1.4794210496009936,9.678183519258468,0.001416196861512112,-0.0020998560384055784,1.2542019167221994,-0.10036171485121616,-0.9949510169813001,0.3199709980514409,0.9987369566060175,0.0,0.0,-0.050244318179770195,0.272,0.2,-0.2155672074497985,0,0.272,-0.2,-0.2155672074497985,0,-0.128,0.2,-0.2155672074497985,0,-0.128,-0.2,-0.2155672074497985,0
8.68,-0.25310115926245813,1.6978823934004343,9.789280496321613,-0.0018475907918807527,-0.0011981713687302898,1.2523294304470616,-0.08785119655074346,-0.9961336091431724,0.31750230589752765,0.9990329346781247,0.0,0.0,-0.04396811831786505,0.288,0.2,-0.22294867572242105,0,0.288,-0.2,-0.22294867572242105,0,-0.11200000000000004,0.2,-0.22294867572242105,0,-0.11200000000000004,-0.2,-0.22294867572242105,0
8.69,0.04646642920798035,1.558599174965583,9.632615974024729,0.00043209940537263615,-0.0021097582455083573,1.2580910220359727,-0.07532680552793379,-0.9971589002606138,0.3150225589120759,0.9992894726405892,0.0,0.0,-0.037690182669935075,0.30400000000000005,0.2,-0.2315452894071311,0,0.30400000000000005,-0.2,-0.2315452894071311,0,-0.09599999999999997,0.2,-0.2315452894071311,0,-0.09599999999999997,-0.2,-0.2315452894071311,0
8.700000000000001,0.042088341409256685,1.6054606973933752,9.69065703637633,-0.0006298584168572093,-0.0019456024050064913,1.2618085115661573,-0.06279051952931168,-0.9980267284282717,0.3125333233564301,0.9995065603657316,0.0,0.0,-0.031410759078127445,0.32000000000000006,0.2,-0.24122147477075268,0,0.2,-0.2,-0.3,1,-0.19999999999999998,0.2,-0.3,1,-0.07999999999999996,-0.2,-0.24122147477075268,0
8.71,-0.029967857908338245,1.5784594150974172,9.73600239908869,0.0011296585202906933,-0.00023266827654940615,1.248548712846607,-0.050244318179768634,-0.9987369566060176,0.3100361714851213,0.9996841892832999,0.0,0.0,-0.02513009544333701,0.336,0.2,-0.25182463258982846,0,0.18490496098074108,-0.20241846102124972,-0.29750284812869127,1,-0.21003704074744473,0.20257637261361755,-0.29750284812869127,1,-0.064,-0.2,-0.25182463258982846,0
8.72,-0.04355597406553461,1.6681809725653742,9.759454783773604,-0.00048648358648205895,0.002237285101374412,1.2636941993927098,-0.037690182669934395,-0.9992894726405892,0.30753268055279326,0.999822352380809,0.0,0.0,-0.018848439715408106,0.35200000000000004,0.2,-0.26318754473153216,0,0.1697807233246569,-0.20464704622862728,-0.29499935719636317,1,-0.22004091421132874,0.20527866766202713,-0.29499935719636317,1,-0.04799999999999999,-0.2,-0.26318754473153216,0
8.73,0.0719918670503906,1.7430108940752254,9.740623261000206,-0.00010172675167779379,0.0005712253062410702,1.2543076408856275,-0.025130095443338118,-0.9996841892832999,0.30502443181797706,0.9999210442038161,0.0,0.0,-0.012566039883352928,0.36800000000000005,0.2,-0.2751310112835145,0,0.15462967532419924,-0.20668540370269367,-0.29249110846154697,1,-0.23001004066406364,0.20810645842151493,-0.29249110846154697,1,-0.03199999999999997,-0.2,-0.2751310112835145,0
8.74,-0.13540419039510695,1.6250057058592877,9.763466756035868,0.000759715342706409,0.0005974577446725799,1.2519094831516546,-0.012566039883352255,-0.9999210442038161,0.3025130095443337,0.9999802608561371,0.0,0.0,-0.006283143965558775,0.384,0.2,-0.2874666766435695,0,0.1394542095054817,-0.20853321156317478,-0.28997968618790365,1,-0.23994284586501813,0.21105929835113962,-0.28997968618790365,1,-0.016000000000000014,-0.2,-0.2874666766435695,0
8.75,0.09530437038418321,1.5535482722044636,9.684357880407829,0.001377008454376579,-0.0003203963786005182,1.2595163794924034,-4.286263797015736e-16,-1.0,0.3000000000000001,1.0,0.0,0.0,-2.143131898507868e-16,0.0,0.2,-0.3,0,0.12425672225048084,-0.2101901780197883,-0.28746667664357,1,-0.24983776130910335,0.2141367211632449,-0.28746667664357,1,-0.4,-0.2,-0.3,0
8.76,0.09880543651258539,1.5449253776894525,9.890531405790776,0.0008584429054321685,-0.00029192425941363125,1.2624461954597386,0.012566039883351397,-0.9999210442038161,0.29748699045566646,0.9999802608561371,0.0,0.0,0.006283143965558346,0.016000000000000014,0.2,-0.28746667664356956,0,0.10903961341860709,-0.21165604141832303,-0.2849536670992364,1,-0.25969322447446674,0.21733824089709466,-0.2849536670992364,1,-0.384,-0.2,-0.28746667664356956,0
8.77,0.04905432630042101,1.5140311071548398,9.93076483093119,0.0013115628055709178,-0.001083198940020975,1.2599964613264536,0.02513009544333726,-0.9996841892832999,0.2949755681820231,0.9999210442038161,0.0,0.0,0.0125660398833525,0.032,0.2,-0.2751310112835145,0,0.09380528596774503,-0.21293057028195544,-0.282442244825593,1,-0.26950767906922757,0.2206633519956101,-0.282442244825593,1,-0.368,-0.2,-0.2751310112835145,0
8.78,-0.038736004993856155,1.6159402849510809,9.737147500048527,0.0013474187184736642,-0.00016424561901069116,1.2506529935040638,0.03769018266993354,-0.9992894726405893,0.29246731944720694,0.999822352380809,0.0,0.0,0.018848439715407676,0.04799999999999999,0.2,-0.2631875447315322,0,0.07855614557480545,-0.21401356334780294,-0.27993399609077685,1,-0.27927957527722985,0.22411152938520215,-0.27993399609077685,1,-0.35200000000000004,-0.2,-0.2631875447315322,0
8.790000000000001,-0.019843532876499273,1.5527654160219966,9.91769864041642,0.000837347743652284,-0.001218794083985242,1.2584885333108846,0.05024431817976955,-0.9987369566060175,0.2899638285148785,0.9996841892832999,0.0,0.0,0.025130095443337476,0.064,0.2,-0.25182463258982846,0,0.06329460025582574,-0.2149048495987064,-0.27743050515844847,1,-0.28900737000278576,0.22768222855868914,-0.27743050515844847,1,-0.336,-0.2,-0.25182463258982846,0
8.8,0.05398936039465773,1.5267537378554552,9.992710801053779,-0.0018248681197481872,-0.0005718071187092062,1.2594617567808395,0.06279051952931436,-0.9980267284282714,0.2874666766435694,0.9995065603657315,0.0,0.0,0.031410759078128785,0.08000000000000002,0.2,-0.24122147477075268,0,0.04802305998573136,-0.2156042882902343,-0.27493335328713936,1,-0.2986895271143385,0.23137488566127837,-0.27493335328713936,1,-0.32,-0.2,-0.24122147477075268,0
8.81,-0.14486636767799582,1.5953069949634353,9.880239696536727,-7.893410670981981e-05,-1.1446883108455892e-05,1.2536388058149104,0.07532680552793293,-0.9971589002606139,0.2849774410879242,0.9992894726405892,0.0,0.0,0.037690182669934645,0.096,0.2,-0.23154528940713112,0,0.03274393631776639,-0.21611176897290899,-0.27244411773149413,1,-0.3083245176870395,0.23518891757960617,-0.27244411773149413,1,-0.30400000000000005,-0.2,-0.23154528940713112,0
8.82,-0.09529675164760872,1.6120954905127027,9.854243743739124,0.0003263872421682726,0.0001210871987089104,1.2553096718055325,0.08785119655074261,-0.9961336091431725,0.2824976941024725,0.9990329346781247,0.0,0.0,0.04396811831786462,0.11200000000000002,0.2,-0.22294867572242105,0,0.017459642002677106,-0.21642721150964822,-0.2699643707460424,1,-0.31791082024418676,0.2391237220338195,-0.2699643707460424,1,-0.28800000000000003,-0.2,-0.22294867572242105,0
8.83,-0.04829038511695679,1.6258948722876563,9.863704082953648,-0.0011079273617121733,0.0002224595494606753,1.2577593786978474,0.10036171485121531,-0.9949510169813001,0.2800290019485592,0.9987369566060175,0.0,0.0,0.05024431817976977,0.128,0.2,-0.21556720744979846,0,0.002172590607714849,-0.21655056608841847,-0.2674956785921291,1,-0.3274469209974795,0.2431786776726818,-0.2674956785921291,1,-0.272,-0.2,-0.21556720744979846,0
8.84,0.09019942176107884,1.592629851447649,10.050856175335328,0.0008622035805693209,-0.0031503307645551833,1.2653425354902526,0.11285638487348133,-0.9936113105200084,0.27757292390506194,0.998401550108975,0.0,0.0,0.05651853448202435,0.144,0.2,-0.20951729475339803,0,-0.013114803864487675,-0.21648181323010174,-0.26503960054863185,1,-0.33693131408606036,0.24735314417169013,-0.26503960054863185,1,-0.256,-0.2,-0.20951729475339803,0
8.85,-0.022621157676350923,1.5323269942278739,10.010890388865151,0.0007947347676085379,-0.0002392958708425462,1.2551682435436553,0.12533323356430312,-0.992114701314478,0.27513101128351475,0.9980267284282716,0.0,0.0,0.0627905195293128,0.16000000000000003,0.2,-0.20489434837048465,0,-0.028400127357128366,-0.21622096379157144,-0.2625976879270847,1,-0.3463625018143153,0.251646462334193,-0.2625976879270847,1,-0.24,-0.2,-0.20489434837048465,0
8.86,-0.04754893009979537,1.7392108865981681,10.078525204902753,-0.00034015666615594485,-0.0011200344632068106,1.252976923319094,0.13779029068463616,-0.9904614256966515,0.27270480644826783,0.9976125063612252,0.0,0.0,0.06906002571440482,0.17600000000000002,0.2,-0.20177127492713112,0,-0.04368096614043463,-0.2157680589639778,-0.2601714830918378,1,-0.35573899488837235,0.2560579541954827,-0.2601714830918378,1,-0.224,-0.2,-0.20177127492713112,0
8.870000000000001,-0.06397352272367227,1.5123693234233353,9.914996329636804,-0.0003220225670240056,8.979832901844932e-05,1.2623621120003132,0.1502255891207579,-0.9886517447379138,0.2702958418422963,0.9971589002606139,0.0,0.0,0.07532680552793315,0.192,0.2,-0.2001973271571728,0,-0.05895490719282585,-0.21512317026624317,-0.25776251848586623,1,-0.36505931265128183,0.2605869231298558,-0.25776251848586623,1,-0.20800000000000002,-0.2,-0.2001973271571728,0
8.88,0.03933288313733835,1.3122651660581481,9.866883067955184,-0.0006628180968116073,0.0014428726943023404,1.2651734253730778,0.16263716519488366,-0.986685944207868,0.26790563901927905,0.9966659280340299,0.0,0.0,0.08159061156815758,0.20800000000000002,0.2,-0.2001973271571728,0,-0.07421953858194003,-0.214286399533769,-0.255372315662849,1,-0.3743219833168192,0.26523265396061396,-0.255372315662849,1,-0.192,-0.2,-0.2001973271571728,0
8.89,-0.10767495011878372,1.5449125514533903,10.13842037367492,-0.0001817352738486591,-0.0012976235649160214,1.264547196886202,0.1750230589752771,-0.9845643345292052,0.2655357076825481,0.9961336091431724,0.0,0.0,0.08785119655074371,0.22400000000000003,0.2,-0.20177127492713112,0,-0.08947244984553406,-0.2132578789023537,-0.25300238432611805,1,-0.3835255442019141,0.26999441307300565,-0.25300238432611805,1,-0.176,-0.2,-0.20177127492713112,0
8.9,0.1646076893858397,1.6104698415451135,10.009244966165765,-0.0008823727457960814,0.0003691957953055851,1.2552312164941375,0.1873813145857249,-0.9822872507286886,0.26318754473153216,0.99556196460308,0.0,0.0,0.09410831331851446,0.24,0.2,-0.20489434837048462,0,-0.10471123237209778,-0.21203777078732847,-0.25065422137510207,1,-0.392668541957609,0.27487144853006545,-0.25065422137510207,1,-0.16000000000000003,-0.2,-0.20489434837048462,0
8.91,0.008862446821802638,1.4672796190900934,10.168120157930717,-0.0006778913009536243,-0.002152036551062545,1.2554458809965061,0.19970998051440653,-0.979855052384247,0.26086263331627985,0.9949510169813002,0.0,0.0,0.10036171485121463,0.256,0.2,-0.20951729475339803,0,-0.11993347978121885,-0.21062626785790828,-0.24832930995984975,1,-0.4017495327985707,0.27986299019135935,-0.24832930995984975,1,-0.14400000000000002,-0.2,-0.20951729475339803,0
8.92,0.06394613339638613,1.5488533666549436,10.122164904477247,-0.00047262175443765276,-0.0006576158919824319,1.2596372218062493,0.21200710992205338,-0.9772681235681937,0.2585624419006718,0.9943007903969989,0.0,0.0,0.10661115427525926,0.272,0.2,-0.2155672074497985,0,-0.13513678830356948,-0.2090235930067686,-0.2460291185442417,1,-0.4107670827310752,0.2849682498345951,-0.2460291185442417,1,-0.128,-0.2,-0.2155672074497985,0
8.93,0.08458634264113098,1.619128064738342,9.970567933798387,-0.0016268768409291837,0.00010244884384746068,1.261956347164638,0.2242707609493809,-0.9745268727865772,0.25628842333490676,0.9936113105200084,0.0,0.0,0.11285638487348154,0.288,0.2,-0.22294867572242105,0,-0.15031875716049378,-0.2072299993148466,-0.24375509997847672,1,-0.4197197677794547,0.29018642128009375,-0.24375509997847672,1,-0.11200000000000004,-0.2,-0.22294867572242105,0
8.94,-0.10381115381605162,1.5623609150241065,10.2484089637041,0.0008490059858648973,5.131609326489724e-05,1.2527673998299584,0.23649899702372365,-0.9716317329146742,0.2540420139378514,0.9928826045698137,0.0,0.0,0.1190971600948692,0.30400000000000005,0.2,-0.2315452894071311,0,-0.16547698894310997,-0.205245770011379,-0.24150869058142138,1,-0.4286061742109546,0.2955166805180915,-0.24150869058142138,1,-0.09599999999999997,-0.2,-0.2315452894071311,0
8.950000000000001,0.00911015305285888,1.7189989899833935,10.034466203680962,-0.002331171736836705,-2.442032831291617e-05,1.2616682940259436,0.24868988716485643,-0.9685831611286307,0.2518246325898282,0.9921147013144778,0.0,0.0,0.1253332335643051,0.32000000000000006,0.2,-0.24122147477075268,0,0.32000000000000006,-0.2,-0.24122147477075268,0,-0.07999999999999996,0.2,-0.24122147477075268,0,-0.07999999999999996,-0.2,-0.24122147477075268,0
8.96,0.24015675663530783,1.547278520475796,10.125244880336009,0.00199864377270402,-0.0019016940867481273,1.257479414865816,0.26084150628989783,-0.9653816388332737,0.24963767983642374,0.9913076310695065,0.0,0.0,0.13156435909228298,0.336,0.2,-0.25182463258982846,0,0.336,-0.2,-0.25182463258982846,0,-0.064,0.2,-0.25182463258982846,0,-0.064,-0.2,-0.25182463258982846,0
8.97,0.10596943521484645,1.469992460387093,10.201255227086662,0.0008940521107532913,-0.0007759892306071723,1.2604405839205242,0.2729519355173254,-0.9620276715860858,0.2474825370038704,0.9904614256966512,0.0,0.0,0.13779029068463816,0.35200000000000004,0.2,-0.26318754473153216,0,0.35200000000000004,-0.2,-0.26318754473153216,0,-0.04799999999999999,0.2,-0.26318754473153216,0,-0.04799999999999999,-0.2,-0.26318754473153216,0
8.98,0.11088164021352039,1.4895573610071655,10.225259606602126,-0.00024023493513998856,0.0005538941820001927,1.2551221924257092,0.2850192624699755,-0.9585217890173761,0.2453605653265732,0.989576118602651,0.0,0.0,0.14401078255225183,0.36800000000000005,0.2,-0.2751310112835145,0,0.36800000000000005,-0.2,-0.2751310112835145,0,-0.03199999999999997,0.2,-0.2751310112835145,0,-0.03199999999999997,-0.2,-0.2751310112835145,0
8.99,0.05041921304193242,1.4774126500071676,10.249185177958392,0.0008719119441727021,0.00011867884719485996,1.2545713696989584,0.29704158157703525,-0.9548645447466428,0.24327310508732428,0.988651744737914,0.0,0.0,0.15022558912075723,0.384,0.2,-0.2874666766435695,0,0.384,-0.2,-0.2874666766435695,0,-0.016000000000000014,0.2,-0.2874666766435695,0,-0.016000000000000014,-0.2,-0.2874666766435695,0
9.0,0.006744720607823851,1.6131468511405433,10.328225203248742,0.00026074595624112355,0.0007158187746756849,1.2561172078955085,0.309016994374947,-0.9510565162951538,0.24122147477075273,0.9876883405951378,0.0,0.0,0.15643446504023067,0.19999999999999996,0.19999999999999996,-0.3,1,0.0,-0.2,-0.3,0,-0.4,0.2,-0.3,0,-0.19999999999999996,-0.19999999999999996,-0.3,1
9.01,-0.02229418651178123,1.4735872434320203,10.197732853010978,0.00018463583509146275,-0.0008774931087859067,1.250131879943316,0.3209436098072083,-0.9470983049947447,0.23920697023053963,0.9866859442078681,0.0,0.0,0.162637165194883,0.1899313769340817,0.19754995666027664,-0.2979854954597869,1,0.016000000000000014,-0.2,-0.28746667664356956,0,-0.384,0.2,-0.28746667664356956,0,-0.21506345670078536,-0.197392045067909,-0.2979854954597869,1
9.02,-0.02557511623991109,1.4413936881125222,10.419525158050432,-0.00044362927711497346,0.0017641471532048435,1.253015003862372,0.33281954452298645,-0.9429905358928645,0.23723086387092995,0.985644595148998,0.0,0.0,0.16883344471273376,0.17983276150198974,0.1952266294846924,-0.2960093891001772,1,0.032,-0.2,-0.2751310112835145,0,-0.368,0.2,-0.2751310112835145,0,-0.23009295238866523,-0.19459500805129246,-0.2960093891001772,1
9.03,-0.16901621753289195,1.6245017499643746,10.325880011255384,0.0006491836713948318,-0.0002463521818473979,1.2611416548250638,0.3446429231745161,-0.9387338576538744,0.23529440384305572,0.9845643345292054,0.0,0.0,0.17502305897527556,0.16970574839217062,0.19303038535354167,-0.294072929072303,1,0.04799999999999999,-0.2,-0.2631875447315322,0,-0.35200000000000004,0.2,-0.2631875447315322,0,-0.24508611373203862,-0.19160933063472035,-0.294072929072303,1
9.040000000000001,0.14974018717751367,1.835556757866319,10.31423312822663,-0.003376888096644598,-0.0007265083362923174,1.260796806264182,0.3564118787132507,-0.934328942456612,0.23339881325657483,0.9834452049953297,0.0,0.0,0.18120576362713736,0.15955193677738747,0.19096157107923195,-0.29217733848582206,1,0.064,-0.2,-0.25182463258982846,0,-0.336,0.2,-0.25182463258982846,0,-0.2600405731369275,-0.18843548429126705,-0.29217733848582206,1
9.05,-0.05199875588740813,1.5675078399746087,10.369823266992675,-0.000783369203374057,-0.0004894721266688083,1.2640004945477188,0.36812455268467886,-0.929776485888251,0.23154528940713098,0.9822872507286886,0.0,0.0,0.1873813145857251,0.14937293006220242,0.1890205133515198,-0.29032381463637824,1,0.08000000000000002,-0.2,-0.24122147477075268,0,-0.32,0.2,-0.24122147477075268,0,-0.27495396912083203,-0.18507397020806288,-0.29032381463637824,1
9.06,0.015291857623352438,1.5452318053676535,10.178303516536253,0.0008696033830348541,-0.00038864317036619575,1.2514660300302036,0.3797790955218013,-0.9250772068344579,0.22973500302011501,0.9810905174433341,0.0,0.0,0.19354946805086035,0.13917033562977604,0.18720751868592211,-0.28851352824936227,1,0.096,-0.2,-0.23154528940713112,0,-0.30400000000000005,0.2,-0.23154528940713112,0,-0.2898239466856428,-0.1815253192071501,-0.28851352824936227,1
9.07,-0.1988641036278071,1.6866491856405053,10.331143850903665,-0.0002836596022970017,-0.0006163861538972964,1.247976537279317,0.3913736668372019,-0.9202318473658706,0.22796909751120936,0.979855052384247,0.0,0.0,0.19970998051440672,0.12894576458804002,0.1855228733753134,-0.2867476227404567,1,0.11200000000000002,-0.2,-0.22294867572242105,0,-0.28800000000000003,0.2,-0.22294867572242105,0,-0.30464815768952613,-0.17779009166165838,-0.2867476227404567,1
9.08,0.07377040377553318,1.6588286169788584,10.204935713063408,0.0003054345774881744,0.00036515024419438825,1.2504050595765477,0.402906435713663,-0.9152411726209174,0.22624868826418254,0.9785809043254721,0.0,0.0,0.20586260876988152,0.11870083151528739,0.18396684344471675,-0.2850272134934298,1,0.128,-0.2,-0.21556720744979846,0,-0.272,0.2,-0.21556720744979846,0,-0.31942426121771883,-0.17386887740731696,-0.2850272134934298,1
9.09,-0.07177738175499268,1.6194399108386615,10.319803712993592,0.0002988794182296997,-0.00015649921593172895,1.2547683517586437,0.4143755809932838,-0.9101059706849959,0.22457486192638965,0.9772681235681935,0.0,0.0,0.2120071099220545,0.10843715420521625,0.18253967460929693,-0.28335338715563696,1,0.144,-0.2,-0.20951729475339803,0,-0.256,0.2,-0.20951729475339803,0,-0.3341499239521798,-0.16976229564931375,-0.28335338715563696,1
9.1,-0.10282319192158743,1.575999550793054,10.299643877988807,-0.0017607926350023048,-0.0005309784966289609,1.2572686491039102,0.4257792915650716,-0.90482705246602,0.22294867572242122,0.9759167619387475,0.0,0.0,0.218143241396542,0.09815635341145271,0.1812415922355569,-0.2817272009516685,1,0.16000000000000003,-0.2,-0.20489434837048465,0,-0.24,0.2,-0.20489434837048465,0,-0.3488228205400598,-0.1654709948645128,-0.2817272009516685,1
9.11,0.12260264617123791,1.791161473776184,10.170555811104375,-0.0004682900073991503,-0.0008910200905993596,1.249834367882635,0.43711576665093116,-0.8994052515663719,0.22137115678633834,0.9745268727865773,0.0,0.0,0.22427076094938023,0.08786005259162097,0.18007280130575148,-0.28014968201558565,1,0.17600000000000002,-0.2,-0.20177127492713112,0,-0.224,0.2,-0.20177127492713112,0,-0.3634406339608942,-0.16099565269905447,-0.28014968201558565,1
9.120000000000001,0.08608464862808109,1.3789939612214541,10.199310734487984,-0.0014767052670424138,-0.0014253076452066954,1.2585553094796538,0.448383216090033,-0.8938414241512634,0.21984330151291223,0.9730985109821265,0.0,0.0,0.23038942667659099,0.07754987765097607,0.17903348638551725,-0.2786218267421595,1,0.192,-0.2,-0.2001973271571728,0,-0.20800000000000002,0.2,-0.2001973271571728,0,-0.3780010558924928,-0.15633697586134493,-0.2786218267421595,1
9.13,-0.004089043626990663,1.4581539843079931,10.546910366583939,0.00018213011281561326,-6.493139848864707e-05,1.259046089949025,0.4595798606214879,-0.8881364488135445,0.21836607492828158,0.9716317329146739,0.0,0.0,0.23649899702372476,0.06722745668566626,0.1781238115947287,-0.27714460015752884,1,0.20800000000000002,-0.2,-0.2001973271571728,0,-0.192,0.2,-0.2001973271571728,0,-0.3925017870754346,-0.15149570001046475,-0.27714460015752884,1
9.14,0.1549864667802535,1.6911179230015463,10.389756663752852,-0.0009305152218700077,4.8420042613654366e-05,1.2587183076033668,0.47070393216533346,-0.8822912264349528,0.2169404100804186,0.9701265964901057,0.0,0.0,0.2425992307954079,0.05689441972561898,0.17734392058158036,-0.27571893530966585,1,0.22400000000000003,-0.2,-0.20177127492713112,0,-0.176,0.2,-0.20177127492713112,0,-0.40694053767617394,-0.14647258963999063,-0.27571893530966585,1
9.15,-0.27580921861148794,1.5406342748365873,10.2813307149627,-0.0009497554744787188,-0.001047861611687338,1.2491211752713478,0.4817536741017155,-0.8763066800438635,0.21556720744979846,0.9685831611286311,0.0,0.0,0.2486898871648549,0.04655239847715741,0.17669393649990403,-0.2743457326790457,1,0.24,-0.2,-0.20489434837048462,0,-0.16000000000000003,0.2,-0.20489434837048462,0,-0.42131502764860806,-0.14126843795728122,-0.2743457326790457,1
9.16,0.017371546715340008,1.465282606505073,10.462320062011466,0.00026278010739115527,-0.0016777170055858215,1.2553300510958878,0.4927273415482911,-0.8701837546695259,0.2142473343806348,0.9670014877624351,0.0,0.0,0.25477072568338194,0.03620302606532376,0.17617396198972105,-0.27302585960988207,1,0.256,-0.2,-0.20951729475339803,0,-0.14400000000000002,0.2,-0.20951729475339803,0,-0.4356229870941377,-0.1358840667582149,-0.27302585960988207,1
9.17,0.18264610690756128,1.4585919701473244,10.424055586730248,0.0016229718463000638,0.001488530944862933,1.2530503394644958,0.5036232016357597,-0.8639234171928359,0.21298162453304753,0.9653816388332741,0.0,0.0,0.2608415062898963,0.025847936775995624,0.17578407916103425,-0.2717601497622948,1,0.272,-0.2,-0.2155672074497985,0,-0.128,0.2,-0.2155672074497985,0,-0.4498621566201033,-0.13032032629742174,-0.2717601497622948,1
9.18,0.008753115222897949,1.7618464702520775,10.409744250643888,0.00019324708626676214,-0.0005913835360826096,1.254602908524658,0.5144395337815062,-0.8575266561936524,0.21177087735650468,0.9637236782900097,0.0,0.0,0.2669019893203754,0.015488765797810305,0.175524349580862,-0.27054940258575194,1,0.288,-0.2,-0.22294867572242105,0,-0.11200000000000004,0.2,-0.22294867572242105,0,-0.4640302876965729,-0.1245780951540163,-0.27054940258575194,1
9.19,-0.26766690688661804,1.627271673353203,10.35672962261121,0.0015072691338261612,-0.000717176505959045,1.2581630734127152,0.5251746299612948,-0.8509944817946924,0.21061585758487372,0.962027671586086,0.0,0.0,0.2729519355173247,0.005127148963955469,0.17539481426351586,-0.269394382814121,1,0.30400000000000005,-0.2,-0.2315452894071311,0,-0.09599999999999997,0.2,-0.2315452894071311,0,-0.47812514301140374,-0.11865828009286411,-0.269394382814121,1
9.200000000000001,0.19392972780147252,1.654174889815095,10.375592978881032,0.0013631389386410317,-0.0007120751973217783,1.2552663502280172,0.535826794978998,-0.8443279255020142,0.2095172947533979,0.9602936856769428,0.0,0.0,0.27899110603923005,-0.005235277506159375,0.1753954936641241,-0.2682958199826452,1,0.32000000000000006,-0.2,-0.24122147477075268,0,-0.07999999999999996,0.2,-0.24122147477075268,0,-0.4921444968235542,-0.11256181592138537,-0.2682958199826452,1
9.21,-0.009466372481408011,1.7265384496038734,10.540251651206928,-0.000371520944657222,-0.0013817378838629104,1.2530971575102592,0.5463943467342698,-0.8375280400421412,0.20847588273790815,0.9585217890173757,0.0,0.0,0.28501926246997655,-0.01559687726526389,0.17552638767540146,-0.26725440796715544,1,0.336,-0.2,-0.25182463258982846,0,-0.064,0.2,-0.25182463258982846,0,-0.5060861353145326,-0.10628966534194861,-0.26725440796715544,1
9.22,0.06217678328141915,1.4667789239395337,10.293006884306232,-0.0004641454135892352,4.2160467484566536e-05,1.2515232904399336,0.5568756164881881,-0.8305958991958126,0.20749227931655417,0.9567120515588304,0.0,0.0,0.2910361668282719,-0.025956014096643512,0.1757874756276662,-0.2662708045458015,1,0.35200000000000004,-0.2,-0.26318754473153216,0,-0.04799999999999999,0.2,-0.26318754473153216,0,-0.5199478569380082,-0.09984281879983781,-0.2662708045458015,1
9.23,-0.13468772696457876,1.7236036955928036,10.365963126968804,-0.001443624358568879,0.0008151219467351328,1.2509677287161856,0.567268949126756,-0.8235325976284278,0.20656710575433884,0.9548645447466431,0.0,0.0,0.2970415815770346,-0.03631105217250563,0.17617871629210402,-0.2653456309835861,1,0.36800000000000005,-0.2,-0.2751310112835145,0,-0.03199999999999997,0.2,-0.2751310112835145,0,-0.5337274727674463,-0.09322229432685597,-0.2653456309835861,1
9.24,0.04126246468007737,1.6070235318506279,10.528739770971526,0.0011301197012594361,0.0024115486803276374,1.265868502479078,0.5775727034222679,-0.8163392507171837,0.20570094641071351,0.9529793415172187,0.0,0.0,0.3030352696327741,-0.04666035631230005,0.1767000478872786,-0.26447947163996083,1,0.384,-0.2,-0.2874666766435695,0,-0.016000000000000014,0.2,-0.2874666766435695,0,-0.5474228068417715,-0.08642913738056418,-0.26447947163996083,1
9.25,0.15943292538461248,1.5796191011054936,10.272990309158637,-0.00028881385687566836,0.002360316481711114,1.2526481501150628,0.5877852522924728,-0.8090169943749477,0.20489434837048465,0.9510565162951536,0.0,0.0,0.30901699437494723,0.0,0.2,-0.3,0,0.0,-0.2,-0.3,0,-0.4,0.2,-0.3,0,-0.4,-0.2,-0.3,0
9.26,-0.06261094937518086,1.8681326428647136,10.45576064404568,0.0007516689147928521,0.0008325348288380481,1.2522251747941557,0.5979049830575179,-0.8015669848708773,0.20414782109826246,0.9490961449902948,0.0,0.0,0.3149865196553042,0.016000000000000014,0.2,-0.28746667664356956,0,0.016000000000000014,-0.2,-0.28746667664356956,0,-0.384,0.2,-0.28746667664356956,0,-0.384,-0.2,-0.28746667664356956,0
9.27,0.08179217345499717,1.5887973207067874,10.355855886391923,0.0008660622157300352,0.0008001866955391985,1.251430656896741,0.6079302976946052,-0.7939903986478355,0.20346183611667262,0.9470983049947443,0.0,0.0,0.3209436098072094,0.032,0.2,-0.2751310112835145,0,0.032,-0.2,-0.2751310112835145,0,-0.368,0.2,-0.2751310112835145,0,-0.368,-0.2,-0.2751310112835145,0
9.28,0.03462808246074036,1.5591031518306533,10.471687007518607,-5.547788904216968e-05,-0.001095748821101361,1.2612161863170517,0.6178596130903335,-0.7862884321366195,0.20283682670853265,0.945063075179805,0.0,0.0,0.326888029654942,0.04799999999999999,0.2,-0.2631875447315322,0,0.04799999999999999,-0.2,-0.2631875447315322,0,-0.35200000000000004,0.2,-0.2631875447315322,0,-0.35200000000000004,-0.2,-0.2631875447315322,0
9.290000000000001,-0.1754151690024709,1.6365091254814326,10.554316902677769,-0.0022552279142742685,-0.0005848364777455259,1.2584201608504304,0.6276913612907005,-0.7784623015670235,0.20227318764318064,0.9429905358928645,0.0,0.0,0.3328195445229866,0.064,0.2,-0.25182463258982846,0,0.064,-0.2,-0.25182463258982846,0,-0.336,0.2,-0.25182463258982846,0,-0.336,-0.2,-0.25182463258982846,0
9.3,-0.05730769128139888,1.6260406428040608,10.39887897273563,-0.00017327694200764567,-0.0004091282849718216,1.2660641331508933,0.6374239897486904,-0.7705132427757886,0.2017712749271311,0.9408807689542253,0.0,0.0,0.3387379202452918,0.08000000000000002,0.2,-0.24122147477075268,0,0.19999999999999996,-0.19999999999999998,-0.3,1,-0.2,0.2,-0.3,1,-0.32,-0.2,-0.24122147477075268,0
9.31,-0.15325884810936266,1.6660952769612543,10.401749046014025,-0.00047290755598436863,0.00011184106159144501,1.2634547581867364,0.6470559615694444,-0.7624425110114478,0.20133140557921317,0.9387338576538741,0.0,0.0,0.3446429231745171,0.096,0.2,-0.23154528940713112,0,0.18490496098074102,-0.20241846102124963,-0.2995601306520821,1,-0.2100370407474447,0.20257637261361755,-0.2995601306520821,1,-0.30400000000000005,-0.2,-0.23154528940713112,0
9.32,-0.05412642690451568,1.6470028801273615,10.403327453022655,0.0002583917234260165,-0.001466954464473062,1.2554348621308926,0.656585755752956,-0.7542513807361042,0.2009538574303349,0.9365498867481925,0.0,0.0,0.35053432019125874,0.11200000000000002,0.2,-0.22294867572242105,0,0.16978072332465688,-0.20464704622862717,-0.29918258250320384,1,-0.22004091421132876,0.20527866766202724,-0.29918258250320384,1,-0.28800000000000003,-0.2,-0.22294867572242105,0
9.33,-0.059401769848344534,1.4620962829352269,10.37118808646169,-0.0010142489245389547,0.0005518415791764959,1.2519682945111679,0.6660118674342519,-0.7459411454241819,0.20063886894799915,0.934328942456612,0.0,0.0,0.35641187871325086,0.128,0.2,-0.21556720744979846,0,0.15462967532419708,-0.20668540370269384,-0.29886759402086804,1,-0.23001004066406502,0.20810645842151543,-0.29886759402086804,1,-0.272,-0.2,-0.21556720744979846,0
9.34,0.10281385163569903,1.4753399954996114,10.447223632332038,0.0006467749637464579,-0.0002138781204857461,1.2523698619213195,0.6753328081210241,-0.7375131173581742,0.20038663908568274,0.9320711124582111,0.0,0.0,0.3622753667045455,0.144,0.2,-0.20951729475339803,0,0.1394542095054816,-0.20853321156317467,-0.2986153641585516,1,-0.23994284586501807,0.21105929835113965,-0.2986153641585516,1,-0.256,-0.2,-0.20951729475339803,0
9.35,0.051888324141806136,1.4891351327891404,10.365371138815032,0.003066197182651305,0.001030572712483326,1.2554717766412107,0.6845471059286878,-0.7289686274214123,0.20019732715717284,0.9297764858882516,0.0,0.0,0.3681245526846774,0.16000000000000003,0.2,-0.20489434837048465,0,0.12425672225048076,-0.2101901780197882,-0.2984260522300417,1,-0.2498377613091033,0.214136721163245,-0.2984260522300417,1,-0.24,-0.2,-0.20489434837048465,0
9.36,-0.11796820754950144,1.4444053022369094,10.537356955991827,0.0014314458493512507,-0.00012430829890790673,1.2507272238400704,0.6936533058128036,-0.7203090248879083,0.20007105273594106,0.9274451533346617,0.0,0.0,0.3739592057377995,0.17600000000000002,0.2,-0.20177127492713112,0,0.10903961341860698,-0.21165604141832284,-0.29829977780880995,1,-0.2596932244744667,0.21733824089709472,-0.29829977780880995,1,-0.224,-0.2,-0.20177127492713112,0
9.370000000000001,0.0155751779099177,1.4635276359774005,10.179077948122355,-0.001995590150698761,0.0005818286016207842,1.2520742783887373,0.7026499697988497,-0.7115356772092848,0.20000789557961837,0.9250772068344579,0.0,0.0,0.3797790955218015,0.192,0.2,-0.2001973271571728,0,0.09380528596774282,-0.21293057028195553,-0.29823662065248724,1,-0.26950767906922884,0.2206633519956107,-0.29823662065248724,1,-0.20800000000000002,-0.2,-0.2001973271571728,0
9.38,-0.06436899070934436,1.5471315446858656,10.437665537742074,-4.9096104424730316e-05,0.0015392926037925436,1.2604207025315584,0.7115356772092853,-0.7026499697988492,0.20000789557961837,0.9226727398701148,0.0,0.0,0.38558399227739654,0.20800000000000002,0.2,-0.2001973271571728,0,0.07855614557480324,-0.21401356334780297,-0.29823662065248724,1,-0.27927957527723113,0.2241115293852026,-0.29823662065248724,1,-0.192,-0.2,-0.2001973271571728,0
9.39,0.011680359934238044,1.545208319467876,10.36463815542763,0.00031600775601223907,0.0009655071978995645,1.2622942135100308,0.7203090248879076,-0.6936533058128043,0.20007105273594106,0.9202318473658702,0.0,0.0,0.39137366683720287,0.22400000000000003,0.2,-0.20177127492713112,0,0.06329460025582356,-0.21490484959870634,-0.29829977780880995,1,-0.28900737000278703,0.22768222855868975,-0.29829977780880995,1,-0.176,-0.2,-0.20177127492713112,0
9.4,0.04539778354012305,1.4803462073290454,10.48994106015617,0.0012202116322131845,0.0008496167043310823,1.2586159618149901,0.7289686274214117,-0.6845471059286885,0.2001973271571728,0.9177546256839811,0.0,0.0,0.3971478906347807,0.24,0.2,-0.20489434837048462,0,0.04802305998573132,-0.21560428829023415,-0.2984260522300417,1,-0.2986895271143384,0.2313748856612784,-0.2984260522300417,1,-0.16000000000000003,-0.2,-0.20489434837048462,0
9.41,0.015377753198877514,1.6985984930485416,10.46989088915637,0.0004180128894806629,0.00013600799507498197,1.2616576608420151,0.7375131173581735,-0.6753328081210248,0.20038663908568272,0.9152411726209176,0.0,0.0,0.4029064357136624,0.256,0.2,-0.20951729475339803,0,0.032743936317766356,-0.21611176897290899,-0.2986153641585516,1,-0.3083245176870395,0.2351889175796062,-0.2986153641585516,1,-0.14400000000000002,-0.2,-0.20951729475339803,0
9.42,0.014923950706127169,1.6859847669725199,10.399911889296451,0.0016371137316111754,-0.0009693048273371593,1.2605521526926229,0.7459411454241812,-0.6660118674342526,0.2006388689479991,0.9126915874035031,0.0,0.0,0.4086490747363484,0.272,0.2,-0.2155672074497985,0,0.01745964200267705,-0.21642721150964817,-0.298867594020868,1,-0.3179108202441867,0.23912372203381946,-0.298867594020868,1,-0.128,-0.2,-0.2155672074497985,0
9.43,-0.11293302744882808,1.5291261129355538,10.520943087905232,0.0008069121088915313,0.00037336827290820657,1.254427261083242,0.7542513807361036,-0.6565857557529566,0.20095385743033484,0.9101059706849958,0.0,0.0,0.41437558099328403,0.288,0.2,-0.22294867572242105,0,0.002172590607714728,-0.21655056608841833,-0.29918258250320373,1,-0.3274469209974796,0.24317867767268195,-0.29918258250320373,1,-0.11200000000000004,-0.2,-0.22294867572242105,0
9.44,0.04071402288241022,1.6224372867732688,10.218225622197407,0.000148200558245193,-6.592602838502508e-05,1.254838403957671,0.7624425110114471,-0.6470559615694451,0.20133140557921314,0.9074844245411172,0.0,0.0,0.42008572841180575,0.30400000000000005,0.2,-0.2315452894071311,0,-0.013114803864487726,-0.21648181323010168,-0.29956013065208204,1,-0.33693131408606036,0.24735314417169024,-0.29956013065208204,1,-0.09599999999999997,-0.2,-0.2315452894071311,0
9.450000000000001,0.06645044146496686,1.5186316414607164,10.666469025207277,0.00014351291794289692,0.0010818242244029566,1.2494004245632797,0.7705132427757903,-0.6374239897486884,0.20177127492713118,0.9048270524660191,0.0,0.0,0.4257792915650734,0.32000000000000006,0.2,-0.24122147477075268,0,-0.028400127357132723,-0.2162209637915713,-0.3000000000000001,1,-0.346362501814318,0.2516464623341943,-0.3000000000000001,1,-0.07999999999999996,-0.2,-0.24122147477075268,0
9.46,-0.06291025313028001,1.6929528298412266,10.539650138526277,0.00019877613311656994,5.6504163651799306e-05,1.2510647198283806,0.778462301567024,-0.6276913612906998,0.2022731876431807,0.9021339593682026,0.0,0.0,0.43145604568095935,0.336,0.2,-0.25182463258982846,0,-0.04368096614043901,-0.21576805896397752,-0.3005019127160496,1,-0.3557389948883749,0.25605795419548394,-0.3005019127160496,1,-0.064,-0.2,-0.25182463258982846,0
9.47,0.0621283738265081,1.6415605625362486,10.316246942148823,-0.000358059261191038,-0.0005234782509162994,1.2619277833336893,0.7862884321366189,-0.6178596130903342,0.2028368267085326,0.899405251566371,0.0,0.0,0.437115766650933,0.35200000000000004,0.2,-0.26318754473153216,0,-0.05895490719282594,-0.2151231702662431,-0.30106555178140154,1,-0.3650593126512818,0.26058692312985593,-0.30106555178140154,1,-0.04799999999999999,-0.2,-0.26318754473153216,0
9.48,0.1105905320531748,1.5116178155202555,10.327397055713895,0.0001837462823823262,-0.0006796482606959191,1.2460631023809792,0.7939903986478349,-0.6079302976946059,0.20346183611667257,0.896641036785236,0.0,0.0,0.4427582310389012,0.36800000000000005,0.2,-0.2751310112835145,0,-0.07421953858194008,-0.21428639953376882,-0.30169056118954146,1,-0.37432198331681915,0.26523265396061396,-0.30169056118954146,1,-0.03199999999999997,-0.2,-0.2751310112835145,0
9.49,0.18632758242160094,1.7260957516583153,10.324854899099549,-8.68907283097703e-05,0.0007479312211145485,1.25720638177205,0.8015669848708767,-0.5979049830575186,0.2041478210982624,0.8938414241512637,0.0,0.0,0.4483832160900324,0.384,0.2,-0.2874666766435695,0,-0.08947244984553411,-0.21325787890235365,-0.3023765461711313,1,-0.383525544201914,0.2699944130730056,-0.3023765461711313,1,-0.016000000000000014,-0.2,-0.2874666766435695,0
9.5,0.12043284882646506,1.6670469107533603,10.457147307589153,0.00017798591148462231,-0.0012814069613655543,1.2579930604175669,0.8090169943749471,-0.5877852522924735,0.2048943483704846,0.8910065241883679,0.0,0.0,0.45399049973954664,0.0,0.2,-0.3,0,-0.10471123237209788,-0.21203777078732838,-0.3031230734433535,1,-0.3926685419576089,0.27487144853006557,-0.3031230734433535,1,-0.4,-0.2,-0.3,0
9.51,-0.0489927816968335,1.543668474089485,10.436944936590805,-0.0011691789437082267,-0.0007979112171944924,1.248901440574251,0.8163392507171833,-0.5775727034222686,0.20570094641071346,0.8881364488135448,0.0,0.0,0.4595798606214873,0.016000000000000014,0.2,-0.28746667664356956,0,-0.11993347978121893,-0.2106262678579082,-0.30392967148358235,1,-0.40174953279857073,0.2798629901913595,-0.30392967148358235,1,-0.384,-0.2,-0.28746667664356956,0
9.52,-0.1273528242332963,1.6430362132576761,10.315261819036042,-0.0007601160886678222,-0.0018885512922531698,1.262857841930593,0.8235325976284272,-0.5672689491267567,0.20656710575433876,0.8852313113324553,0.0,0.0,0.4651510780774582,0.032,0.2,-0.2751310112835145,0,-0.13513678830357165,-0.20902359300676826,-0.3047958308272077,1,-0.41076708273107654,0.28496824983459595,-0.3047958308272077,1,-0.368,-0.2,-0.2751310112835145,0
9.53,-0.0905451860326231,1.6703779882774992,10.390256551514097,0.0007544393191723798,0.001961318470618799,1.2593120525731063,0.8305958991958121,-0.5568756164881888,0.20749227931655412,0.8822912264349535,0.0,0.0,0.4707039321653321,0.04799999999999999,0.2,-0.2631875447315322,0,-0.1503187571604939,-0.20722999931484654,-0.30572100438942307,1,-0.41971976777945474,0.2901864212800938,-0.30572100438942307,1,-0.35200000000000004,-0.2,-0.2631875447315322,0
9.540000000000001,0.12052014231245639,1.5260043674062,10.523571762839527,0.00032592186455294373,-0.0011736870688381694,1.2696818869595972,0.8375280400421417,-0.5463943467342691,0.20847588273790824,0.8793163101905562,0.0,0.0,0.47623820366793906,0.064,0.2,-0.25182463258982846,0,-0.16547698894311214,-0.20524577001137867,-0.3067046078107772,1,-0.4286061742109558,0.2955166805180922,-0.3067046078107772,1,-0.336,-0.2,-0.25182463258982846,0
9.55,-0.03319235165523915,1.6685133908693273,10.504312975543964,0.0008421934325651993,-0.0008720996870824058,1.261592705539548,0.8443279255020156,-0.5358267949789958,0.20951729475339811,0.8763066800438634,0.0,0.0,0.4817536741017157,0.08000000000000002,0.2,-0.24122147477075268,0,0.08000000000000002,-0.2,-0.24122147477075268,0,-0.32,0.2,-0.24122147477075268,0,-0.32,-0.2,-0.24122147477075268,0
9.56,-0.025922813304390155,1.55320167153397,10.41167081485262,-0.0020478648430464234,0.0007147001375909368,1.2519317880637988,0.850994481794692,-0.5251746299612956,0.2106158575848736,0.8732624548099202,0.0,0.0,0.4872501257253324,0.096,0.2,-0.23154528940713112,0,0.096,-0.2,-0.23154528940713112,0,-0.30400000000000005,0.2,-0.23154528940713112,0,-0.30400000000000005,-0.2,-0.23154528940713112,0
9.57,0.0161485971640846,1.6755675071304696,10.452820422699633,-0.0007194313317772113,0.0010633077444361586,1.2546804089347712,0.857526656193652,-0.514439533781507,0.2117708773565046,0.8701837546695258,0.0,0.0,0.4927273415482913,0.11200000000000002,0.2,-0.22294867572242105,0,0.11200000000000002,-0.2,-0.22294867572242105,0,-0.28800000000000003,0.2,-0.22294867572242105,0,-0.28800000000000003,-0.2,-0.22294867572242105,0
9.58,0.0434524421169087,1.6773578123448174,10.290774219028991,0.0014096849139879804,0.0007667208014736741,1.2570155749603538,0.8639234171928355,-0.5036232016357605,0.21298162453304748,0.8670707011644899,0.0,0.0,0.498185105339491,0.128,0.2,-0.21556720744979846,0,0.128,-0.2,-0.21556720744979846,0,-0.272,0.2,-0.21556720744979846,0,-0.272,-0.2,-0.21556720744979846,0
9.59,-0.03029586489760311,1.5187817697463437,10.235715282062467,-0.0011478104992169553,-0.0018769405431644283,1.2517693665296028,0.8701837546695255,-0.4927273415482919,0.2142473343806347,0.8639234171928354,0.0,0.0,0.5036232016357607,0.144,0.2,-0.20951729475339803,0,0.144,-0.2,-0.20951729475339803,0,-0.256,0.2,-0.20951729475339803,0,-0.256,-0.2,-0.20951729475339803,0
9.6,-0.08394418413751172,1.6243718180112516,10.246088519057071,-0.00037300382253158923,0.0005894472796410719,1.2522085237748333,0.876306680043863,-0.4817536741017163,0.21556720744979835,0.860742027003944,0.0,0.0,0.5090414157503708,0.20000000000000007,0.2,-0.3,1,0.16000000000000003,-0.2,-0.20489434837048465,0,-0.24,0.2,-0.20489434837048465,0,-0.2,-0.2,-0.3,1
9.61,0.1484453876581858,1.7275679719497345,10.30816940686872,0.0031654828960507703,-0.00037150875422324646,1.2647181510573777,0.8822912264349524,-0.4707039321653343,0.2169404100804185,0.8575266561936528,0.0,0.0,0.5144395337815056,0.18993137693408182,0.19754995666027675,-0.3013732026306202,1,0.17600000000000002,-0.2,-0.20177127492713112,0,-0.224,0.2,-0.20177127492713112,0,-0.21506345670078547,-0.19739204506790894,-0.3013732026306202,1
9.620000000000001,0.12651107697036365,1.5478927814190178,10.186400811337526,-0.00019341191314559546,-0.0005651107441306533,1.2521221809826748,0.8881364488135449,-0.45957986062148715,0.2183660749282817,0.8542774316992949,0.0,0.0,0.5198173426207098,0.17983276150198851,0.19522662948469216,-0.3027988674784834,1,0.192,-0.2,-0.2001973271571728,0,-0.20800000000000002,0.2,-0.2001973271571728,0,-0.23009295238866745,-0.19459500805129198,-0.3027988674784834,1
9.63,0.003405227163618282,1.4654497433510936,10.315014117706012,-0.00045769145298189687,0.0003017393453656777,1.2594159185840303,0.8938414241512638,-0.44838321609003223,0.21984330151291231,0.8509944817946918,0.0,0.0,0.5251746299612957,0.16970574839216931,0.19303038535354144,-0.30427609406311396,1,0.20800000000000002,-0.2,-0.2001973271571728,0,-0.192,0.2,-0.2001973271571728,0,-0.24508611373204076,-0.1916093306347199,-0.30427609406311396,1
9.64,-0.07027667336432007,1.4827264766950548,10.188716536785348,-0.0003797170287570753,-0.0004776775515153659,1.2545190505639168,0.8994052515663715,-0.437115766650932,0.22137115678633823,0.847677936085083,0.0,0.0,0.5305111843067345,0.1595519367773861,0.19096157107923178,-0.30580394933653987,1,0.22400000000000003,-0.2,-0.20177127492713112,0,-0.176,0.2,-0.20177127492713112,0,-0.26004057313692963,-0.1884354842912665,-0.30580394933653987,1
9.65,0.08171324025299614,1.5293884300574083,10.275902446382265,-6.0570166872488786e-05,-0.0007852886374468211,1.264470562294977,0.9048270524660196,-0.42577929156507244,0.2229486757224211,0.844327925502015,0.0,0.0,0.5358267949789968,0.1493729300622026,0.18902051335151976,-0.30738146827262275,1,0.24,-0.2,-0.20489434837048462,0,-0.16000000000000003,0.2,-0.20489434837048462,0,-0.2749539691208321,-0.18507397020806277,-0.30738146827262275,1
9.66,-0.13338627627342345,1.7437186888820546,10.086972959860027,0.000474593806925335,0.002212548465793951,1.2510107694238095,0.9101059706849954,-0.41437558099328464,0.22457486192638954,0.8409445822981693,0.0,0.0,0.5411212521268756,0.13917033562977615,0.1872075186859222,-0.3090076544765912,1,0.256,-0.2,-0.20951729475339803,0,-0.14400000000000002,0.2,-0.20951729475339803,0,-0.2898239466856428,-0.18152531920715004,-0.3090076544765912,1
9.67,-0.09330608929935247,1.4848460022311576,10.21138583084012,0.002416560984814073,0.0012963580016275094,1.249662510008771,0.915241172620917,-0.40290643571366386,0.22624868826418243,0.8375280400421421,0.0,0.0,0.5463943467342686,0.12894576458804016,0.18552287337531334,-0.31068148081438407,1,0.272,-0.2,-0.2155672074497985,0,-0.128,0.2,-0.2155672074497985,0,-0.30464815768952613,-0.17779009166165843,-0.31068148081438407,1
9.68,-0.003246949407433344,1.693526976392223,10.258072147125166,-0.0012661462657342143,-0.001575044789716184,1.2530299628675494,0.9202318473658702,-0.3913736668372027,0.22796909751120925,0.8340784336131712,0.0,0.0,0.5516458706284301,0.11870083151528753,0.18396684344471675,-0.31240189006141095,1,0.288,-0.2,-0.22294867572242105,0,-0.11200000000000004,0.2,-0.22294867572242105,0,-0.319424261217719,-0.173868877407317,-0.31240189006141095,1
9.69,-0.1055668558339485,1.594009213247729,10.238129536493,-0.00042286889493980983,0.0014044127077737032,1.248650405840155,0.9250772068344576,-0.3797790955218021,0.2297350030201149,0.830595899195813,0.0,0.0,0.5568756164881875,0.10843715420521632,0.18253967460929688,-0.31416779557031654,1,0.30400000000000005,-0.2,-0.2315452894071311,0,-0.09599999999999997,0.2,-0.2315452894071311,0,-0.33414992395217985,-0.1697622956493138,-0.31416779557031654,1
9.700000000000001,0.02692450904124166,1.6919807319952087,10.331672141235734,-0.0009713675532187449,0.001729780623907764,1.2616093978288205,0.929776485888252,-0.3681245526846764,0.23154528940713137,0.8270805742745614,0.0,0.0,0.5620833778521312,0.0981563534114499,0.18124159223555658,-0.315978081957333,1,0.32000000000000006,-0.2,-0.24122147477075268,0,-0.07999999999999996,0.2,-0.24122147477075268,0,-0.34882282054006397,-0.16547099486451156,-0.315978081957333,1
9.71,-0.1057786493107134,1.6094642268253698,10.21510640994617,0.0009456122693348386,-8.511597436475517e-05,1.2611498683804747,0.9343289424566124,-0.35641187871324986,0.23339881325657497,0.8235325976284272,0.0,0.0,0.5672689491267568,0.08786005259161817,0.1800728013057512,-0.3178316058067766,1,0.336,-0.2,-0.25182463258982846,0,-0.064,0.2,-0.25182463258982846,0,-0.36344063396089843,-0.1609956526990531,-0.3178316058067766,1
9.72,0.03207004786687683,1.5721365823461078,10.20027216699329,0.000358137033230882,0.0007171016444874793,1.2492584817937895,0.9387338576538741,-0.34464292317451695,0.23529440384305556,0.8199521093254523,0.0,0.0,0.5724321255945909,0.07754987765097618,0.17903348638551722,-0.31972719639325725,1,0.35200000000000004,-0.2,-0.26318754473153216,0,-0.04799999999999999,0.2,-0.26318754473153216,0,-0.3780010558924929,-0.15633697586134496,-0.31972719639325725,1
9.73,-0.1750431132515373,1.6426740611496005,10.32949136964818,-0.00045865921437459564,0.000526810342991311,1.2532993758967546,0.9429905358928642,-0.3328195445229873,0.23723086387092984,0.8163392507171842,0.0,0.0,0.5775727034222673,0.06722745668566639,0.17812381159472873,-0.3216636564211315,1,0.36800000000000005,-0.2,-0.2751310112835145,0,-0.03199999999999997,0.2,-0.2751310112835145,0,-0.3925017870754345,-0.1514957000104648,-0.3216636564211315,1
9.74,0.016870880958233303,1.6632759014012064,10.154200071012987,0.001259074639575074,0.0006441457641928312,1.2644304605771006,0.9470983049947443,-0.3209436098072092,0.2392069702305395,0.8126941644330938,0.0,0.0,0.5826904796685762,0.05689441972561912,0.17734392058158033,-0.32363976278074114,1,0.384,-0.2,-0.2874666766435695,0,-0.016000000000000014,0.2,-0.2874666766435695,0,-0.4069405376761741,-0.14647258963999063,-0.32363976278074114,1
9.75,0.025690641573726858,1.646123805193237,10.269867413364231,-0.0007483668728802108,-0.0001603291896679276,1.249977900143027,0.9510565162951534,-0.3090169943749479,0.2412214747707526,0.8090169943749476,0.0,0.0,0.5877852522924729,0.046552398477157524,0.17669393649990406,-0.32565426732095426,1,0.0,-0.2,-0.3,0,-0.4,0.2,-0.3,0,-0.4213150276486081,-0.14126843795728117,-0.32565426732095426,1
9.76,-0.06051357699741336,1.6550428510232829,10.119658899571554,6.916993275122789e-05,0.00015315596717479775,1.2553487515953101,0.9548645447466426,-0.29704158157703614,0.24327310508732414,0.8053078857111223,0.0,0.0,0.5928568201610588,0.0362030260653239,0.1761739619897211,-0.3277058976375258,1,0.016000000000000014,-0.2,-0.28746667664356956,0,-0.384,0.2,-0.28746667664356956,0,-0.4356229870941377,-0.13588406675821477,-0.3277058976375258,1
9.77,-0.09404032585800792,1.5314966381097128,10.221584429042807,0.001541317536621275,0.0014856257289334466,1.2516784979140243,0.9585217890173758,-0.2850192624699764,0.24536056532657302,0.8015669848708766,0.0,0.0,0.5979049830575187,0.025847936775994278,0.1757840791610343,-0.3297933578767747,1,0.032,-0.2,-0.2751310112835145,0,-0.368,0.2,-0.2751310112835145,0,-0.4498621566201054,-0.13032032629742082,-0.3297933578767747,1
9.78,0.14291097131684724,1.5397370631413172,10.027341635986817,-0.0007687369191739852,-0.00013363152775302726,1.2601874974198606,0.9620276715860856,-0.2729519355173262,0.24748253700387024,0.7977944395385713,0.0,0.0,0.6029295416890242,0.015488765797810396,0.17552434958086197,-0.3319153295540719,1,0.04799999999999999,-0.2,-0.2631875447315322,0,-0.35200000000000004,0.2,-0.2631875447315322,0,-0.464030287696573,-0.12457809515401629,-0.3319153295540719,1
9.790000000000001,-0.10099577085962874,1.6518537194450846,10.15921732161939,-0.0011140211268413636,0.000500561034888132,1.25744495838158,0.9653816388332739,-0.260841506289897,0.2496376798364239,0.7939903986478354,0.0,0.0,0.6079302976946054,0.005127148963954178,0.17539481426351589,-0.33407047238662557,1,0.064,-0.2,-0.25182463258982846,0,-0.336,0.2,-0.25182463258982846,0,-0.4781251430114057,-0.11865828009286322,-0.33407047238662557,1
9.8,-0.18269414118547103,1.7819883689234448,10.182620852899204,-0.0003804227196595826,-8.303521402176803e-06,1.2520538870713984,0.9685831611286313,-0.24868988716485388,0.2518246325898286,0.7901550123756901,0.0,0.0,0.6129070536529768,-0.0052352775061592985,0.17539549366412405,-0.33625742514003026,1,0.08000000000000002,-0.2,-0.24122147477075268,0,-0.32,0.2,-0.24122147477075268,0,-0.4921444968235544,-0.11256181592138542,-0.33625742514003026,1
9.81,-0.012815820197282408,1.477204532066958,10.120061354033238,-0.0005505545965646686,-0.0015880420595056504,1.259756417835531,0.971631732914674,-0.23649899702372454,0.2540420139378512,0.7862884321366188,0.0,0.0,0.6178596130903344,-0.015596877265263785,0.17552638767540146,-0.33847480648805284,1,0.096,-0.2,-0.23154528940713112,0,-0.30400000000000005,0.2,-0.23154528940713112,0,-0.5060861353145325,-0.10628966534194849,-0.33847480648805284,1
9.82,0.2431684113666986,1.487247561871951,10.22217923696185,-0.0006627885829692442,-0.0003653852549231091,1.2591736422713007,0.974526872786577,-0.22427076094938178,0.2562884233349066,0.7823908105765883,0.0,0.0,0.6227877804881122,-0.025956014096643443,0.1757874756276662,-0.34072121588510823,1,0.11200000000000002,-0.2,-0.22294867572242105,0,-0.28800000000000003,0.2,-0.22294867572242105,0,-0.519947856938008,-0.09984281879983775,-0.34072121588510823,1
9.83,0.103635197876268,1.530676958581872,10.343557237387074,0.00020167378354628553,0.00032400710101414986,1.2593088559212018,0.9772681235681936,-0.21200710992205427,0.2585624419006716,0.7784623015670233,0.0,0.0,0.6276913612907006,-0.03631105217250699,0.1761787162921041,-0.34299523445087327,1,0.128,-0.2,-0.21556720744979846,0,-0.272,0.2,-0.21556720744979846,0,-0.5337274727674483,-0.093222294326855,-0.34299523445087327,1
9.84,-0.11660618626070418,1.5250511398094715,10.155359147339453,-0.0007762828200375228,0.0002567115691687171,1.2585637601165707,0.9798550523842467,-0.19970998051440741,0.2608626333162797,0.7745030601987339,0.0,0.0,0.6325701619131243,-0.0466603563122999,0.1767000478872786,-0.3452954258664813,1,0.144,-0.2,-0.20951729475339803,0,-0.256,0.2,-0.20951729475339803,0,-0.5474228068417714,-0.08642913738056412,-0.3452954258664813,1
9.85,0.2850479204653363,1.6709180361324596,9.888518277282264,-0.0006415647337830135,-0.0018359942288877727,1.2600997393880622,0.9822872507286885,-0.1873813145857258,0.26318754473153194,0.7705132427757896,0.0,0.0,0.6374239897486892,0.16000000000000003,0.2,-0.20489434837048465,0,0.16000000000000003,-0.2,-0.20489434837048465,0,-0.24,0.2,-0.20489434837048465,0,-0.24,-0.2,-0.20489434837048465,0
9.86,-0.06290161921762885,1.2701287255884504,9.991365107176405,0.00013101728348537527,-0.001142682466348009,1.2563266936809185,0.984564334529205,-0.17502305897527798,0.2655357076825479,0.7664930068093505,0.0,0.0,0.6422526531765836,0.17600000000000002,0.2,-0.20177127492713112,0,0.17600000000000002,-0.2,-0.20177127492713112,0,-0.224,0.2,-0.20177127492713112,0,-0.224,-0.2,-0.20177127492713112,0
9.870000000000001,-0.12350804137536309,1.679268776937953,10.093518393429367,7.739704165088503e-06,-0.0005672183868257309,1.2716681721759961,0.9866859442078681,-0.1626371651948828,0.2679056390192792,0.7624425110114477,0.0,0.0,0.6470559615694446,0.192,0.2,-0.2001973271571728,0,0.192,-0.2,-0.2001973271571728,0,-0.20800000000000002,0.2,-0.2001973271571728,0,-0.20800000000000002,-0.2,-0.2001973271571728,0
9.88,-0.0021476016967933984,1.6556757808346505,9.794454747455937,-0.0009223121035388443,-0.0004461775608850003,1.2612180288850283,0.9886517447379141,-0.15022558912075704,0.2702958418422965,0.7583619152887219,0.0,0.0,0.6518337253008788,0.20800000000000002,0.2,-0.2001973271571728,0,0.20800000000000002,-0.2,-0.2001973271571728,0,-0.192,0.2,-0.2001973271571728,0,-0.192,-0.2,-0.2001973271571728,0
9.89,0.19726811728862692,1.3683855502921192,9.940008368778818,0.00025936096097640325,-0.0007436991281922901,1.2568515252888965,0.9904614256966514,-0.13779029068463708,0.27270480644826767,0.7542513807361035,0.0,0.0,0.6565857557529569,0.22400000000000003,0.2,-0.20177127492713112,0,0.22400000000000003,-0.2,-0.20177127492713112,0,-0.176,0.2,-0.20177127492713112,0,-0.176,-0.2,-0.20177127492713112,0
9.9,-0.0009836864802721798,1.4499666392123705,9.908477082551729,0.00044043905346190443,-0.0007856991570466289,1.2549465806626958,0.9921147013144779,-0.125333233564304,0.2751310112835146,0.7501110696304595,0.0,0.0,0.6613118653236519,0.24,0.2,-0.20489434837048462,0,0.19999999999999998,-0.2,-0.3,1,-0.19999999999999998,0.2,-0.3,1,-0.16000000000000003,-0.2,-0.20489434837048462,0
9.91,-0.12532656351137003,1.5143596087939455,9.883555982686303,5.3165098405936425e-05,-0.0007177795585273976,1.2522037758169293,0.9936113105200084,-0.11285638487348224,0.2775729239050618,0.7459411454241823,0.0,0.0,0.6660118674342514,0.256,0.2,-0.20951729475339803,0,0.18490496098074105,-0.20241846102124972,-0.3024419126215472,1,-0.21003704074744467,0.20257637261361752,-0.3024419126215472,1,-0.14400000000000002,-0.2,-0.20951729475339803,0
9.92,0.12847180906952246,1.39542859677549,9.840294782436082,-0.0003682055056727314,0.0005378147971255789,1.2541710792921883,0.9949510169813001,-0.10036171485121623,0.280029001948559,0.7417417727387396,0.0,0.0,0.6706855765367196,0.272,0.2,-0.2155672074497985,0,0.16978072332465693,-0.2046470462286272,-0.3048979906650444,1,-0.2200409142113287,0.2052786676620272,-0.3048979906650444,1,-0.128,-0.2,-0.2155672074497985,0
9.93,-0.047849409053417495,1.5954147491995272,9.93280565224916,0.0003193007186743885,-2.93940689949452e-05,1.259053635534632,0.9961336091431724,-0.08785119655074351,0.28249769410247233,0.737513117358174,0.0,0.0,0.6753328081210243,0.288,0.2,-0.22294867572242105,0,0.15462967532419714,-0.20668540370269395,-0.30736668281895774,1,-0.23001004066406502,0.20810645842151532,-0.30736668281895774,1,-0.11200000000000004,-0.2,-0.22294867572242105,0
9.94,-0.006748064202497826,1.4459020104687643,9.94420763705123,-0.0010217188622093757,-0.0006883795363609323,1.2571501033807069,0.9971589002606138,-0.07532680552793385,0.28497744108792405,0.7332553462225604,0.0,0.0,0.6799533787224188,0.30400000000000005,0.2,-0.2315452894071311,0,0.13945420950548168,-0.20853321156317475,-0.30984642980440946,1,-0.23994284586501802,0.21105929835113954,-0.30984642980440946,1,-0.09599999999999997,-0.2,-0.2315452894071311,0
9.950000000000001,-0.03629489188727187,1.5900685403973034,9.8191174708765,-0.0008460063642697871,-0.0006501311164166656,1.2582880254710187,0.9980267284282717,-0.06279051952931174,0.2874666766435699,0.728968627421411,0.0,0.0,0.6845471059286893,0.32000000000000006,0.2,-0.24122147477075268,0,0.12425672225047658,-0.21019017801978876,-0.3123356653600553,1,-0.24983776130910615,0.21413672116324578,-0.3123356653600553,1,-0.07999999999999996,-0.2,-0.24122147477075268,0
9.96,0.015880902927585438,1.6728109882648152,9.897930211061233,0.0007104655212597453,0.0006616394655378771,1.2598455383522438,0.9987369566060176,-0.050244318179768696,0.2899638285148787,0.7246531301870464,0.0,0.0,0.6891138083873488,0.336,0.2,-0.25182463258982846,0,0.10903961341860276,-0.21165604141832334,-0.3148328172313641,1,-0.2596932244744694,0.2173382408970956,-0.3148328172313641,1,-0.064,-0.2,-0.25182463258982846,0
9.97,0.004827426468354169,1.342219284565891,9.783449453484469,-2.3546775710430817e-05,-0.0020254607689289433,1.251299669157571,0.9992894726405892,-0.03769018266993446,0.2924673194472067,0.7203090248879068,0.0,0.0,0.693653305812805,0.35200000000000004,0.2,-0.26318754473153216,0,0.09380528596774285,-0.2129305702819557,-0.3173363081636921,1,-0.2695076790692289,0.22066335199561063,-0.3173363081636921,1,-0.04799999999999999,-0.2,-0.26318754473153216,0
9.98,0.1292351052734927,1.5160930051364303,9.83906638389668,3.6561745776362856e-05,-0.0007295244530575692,1.2585431479940536,0.9996841892832999,-0.02513009544333818,0.2949755681820229,0.7159364830218314,0.0,0.0,0.6981654189934724,0.36800000000000005,0.2,-0.2751310112835145,0,0.07855614557480331,-0.21401356334780314,-0.3198445568985083,1,-0.2792795752772312,0.22411152938520254,-0.3198445568985083,1,-0.03199999999999997,-0.2,-0.2751310112835145,0
9.99,-0.05984256749986193,1.713016707630992,9.732385684718473,0.0007517796279203098,-0.0005288111018053554,1.258864044863885,0.9999210442038161,-0.012566039883352316,0.2974869904556663,0.7115356772092852,0.0,0.0,0.7026499697988493,0.384,0.2,-0.2874666766435695,0,0.06329460025582358,-0.21490484959870645,-0.3223559791721517,1,-0.2890073700027871,0.2276822285586896,-0.3223559791721517,1,-0.016000000000000014,-0.2,-0.2874666766435695,0
